seed,arm,inventory_sigma,max_drawdown,fills,final_pnl,t_stat,max_abs_inventory,quote_crossings,floored_bids,edge,inventory_pnl,blocked_fills,ticks_at_cap
0,fixed,191.4365685,-110046.4639,593.0,-51294.31045,-0.817377845,660.0,0.0,0.0,296.5,-51590.81045,0.0,0.0
0,spread_matched,124.3319701,-76876.43797,379.0,-35486.81824,-0.8268963326,480.0,0.0,0.0,370.2084444,-35857.02668,0.0,0.0
0,skew_only,59.54491178,-32144.48033,602.0,-13107.52283,-0.6807686867,250.0,0.0,0.0,299.309542,-13406.83237,0.0,0.0
0,as,56.14416243,-33026.8542,377.0,-15995.88024,-0.8569391167,250.0,0.0,0.0,367.3878353,-16363.26808,0.0,0.0
1,fixed,64.54157091,-8944.621133,572.0,-3749.417617,-0.569219028,200.0,0.0,0.0,286.0,-4035.417617,0.0,0.0
1,spread_matched,59.97246294,-6961.636938,353.0,1009.001219,0.2018386688,140.0,0.0,0.0,344.811559,664.1896599,0.0,0.0
1,skew_only,49.64701198,-3652.029806,574.0,676.8957527,0.1787509436,120.0,0.0,0.0,284.36878,392.5269727,0.0,0.0
1,as,61.99057973,-3650.761852,353.0,3556.447825,0.9287354218,150.0,0.0,0.0,343.2897743,3213.158051,0.0,0.0
2,fixed,50.3901811,-49720.6496,583.0,-33211.40175,-0.8386165215,120.0,0.0,0.0,291.5,-33502.90175,0.0,0.0
2,spread_matched,43.52736408,-37172.43481,361.0,-19402.56864,-0.7417912378,140.0,0.0,0.0,352.6259853,-19755.19462,0.0,0.0
2,skew_only,52.33737363,-52401.10409,581.0,-25558.55152,-0.5702328555,140.0,0.0,0.0,287.71555,-25846.26707,0.0,0.0
2,as,38.49184432,-53370.09748,366.0,-40551.14596,-1.193243061,90.0,0.0,0.0,355.5663574,-40906.71232,0.0,0.0
3,fixed,59.39050395,-11812.65781,558.0,-2495.313963,-0.1516228063,200.0,0.0,0.0,279.0,-2774.313963,0.0,0.0
3,spread_matched,56.63863416,-22572.92847,375.0,-20238.75241,-1.033121596,150.0,0.0,0.0,366.3012313,-20605.05364,0.0,0.0
3,skew_only,49.72806306,-14994.10347,561.0,3375.67725,0.2125747516,160.0,0.0,0.0,277.892394,3097.784856,0.0,0.0
3,as,39.1072359,-18342.44639,373.0,-3608.186167,-0.2433484918,100.0,0.0,0.0,362.4273471,-3970.613514,0.0,0.0
4,fixed,69.59692809,-297170.489,572.0,-73461.13068,-0.4207979012,240.0,0.0,0.0,286.0,-73747.13068,0.0,0.0
4,spread_matched,58.10788583,-218205.2057,360.0,-75228.83146,-0.5600254711,160.0,0.0,0.0,351.649182,-75580.48064,0.0,0.0
4,skew_only,55.93170975,-196108.7354,570.0,-115597.5112,-1.088703977,180.0,0.0,0.0,282.508542,-115880.0197,0.0,0.0
4,as,48.33306486,-139005.6825,354.0,-101071.8381,-1.247537893,120.0,0.0,0.0,344.0724476,-101415.9106,0.0,0.0
5,fixed,120.2931703,-862011.2719,600.0,-591055.4842,-1.294047519,410.0,0.0,0.0,300.0,-591355.4842,0.0,0.0
5,spread_matched,82.80065072,-464419.0526,368.0,-268302.04,-1.119578062,210.0,0.0,0.0,359.4636083,-268661.5036,0.0,0.0
5,skew_only,82.06678972,-358305.0641,600.0,-208061.2556,-1.206195504,270.0,0.0,0.0,297.922218,-208359.1779,0.0,0.0
5,as,69.93496339,-386711.1662,364.0,-225671.9065,-1.237563938,200.0,0.0,0.0,354.1958674,-226026.1023,0.0,0.0
6,fixed,43.77663942,-57646.79323,587.0,17971.86607,0.3454787468,230.0,0.0,0.0,293.5,17678.36607,0.0,0.0
6,spread_matched,42.83132936,-18764.82053,363.0,12884.7724,0.4953598679,110.0,0.0,0.0,354.5795919,12530.1928,0.0,0.0
6,skew_only,38.94702185,-14200.43705,592.0,31735.57196,1.273052929,100.0,0.0,0.0,293.236148,31442.33581,0.0,0.0
6,as,43.7534454,-36065.51285,360.0,13792.28768,0.3594213842,130.0,0.0,0.0,349.914363,13442.37332,0.0,0.0
7,fixed,64.9188847,-2994.249707,571.0,-2110.381856,-1.063102028,270.0,0.0,0.0,285.5,-2395.881856,0.0,0.0
7,spread_matched,58.98522506,-3648.958854,367.0,-3198.503987,-1.817708114,250.0,0.0,0.0,358.486805,-3556.990792,0.0,0.0
7,skew_only,46.10644119,-1468.04467,571.0,-882.0676898,-0.7308764174,190.0,0.0,0.0,282.994388,-1165.062078,0.0,0.0
7,as,48.12992267,-2960.168553,369.0,-2564.760163,-1.861864826,190.0,0.0,0.0,358.8722904,-2923.632454,0.0,0.0
8,fixed,109.3889875,-13200.81923,581.0,-4931.559171,-0.5279466935,270.0,0.0,0.0,290.5,-5222.059171,0.0,0.0
8,spread_matched,53.71265883,-9122.904301,352.0,2124.793762,0.3189534282,160.0,0.0,0.0,343.8347558,1780.959007,0.0,0.0
8,skew_only,84.51470573,-6466.862456,591.0,1337.625555,0.2034487066,170.0,0.0,0.0,293.35935,1044.266205,0.0,0.0
8,as,56.93868097,-7420.188332,359.0,-720.2564988,-0.1341891585,130.0,0.0,0.0,349.0893966,-1069.345895,0.0,0.0
9,fixed,79.13823247,-10655.25015,637.0,18855.95018,1.06462523,170.0,0.0,0.0,318.5,18537.45018,0.0,0.0
9,spread_matched,62.12955879,-25562.95933,392.0,19502.37457,0.5642520898,300.0,0.0,0.0,382.9068871,19119.46768,0.0,0.0
9,skew_only,65.74387001,-13075.25962,643.0,14450.4267,0.8019272288,140.0,0.0,0.0,318.63761,14131.78909,0.0,0.0
9,as,48.07451013,-10143.51455,389.0,16351.8087,1.090964089,170.0,0.0,0.0,378.2106946,15973.598,0.0,0.0
10,fixed,59.44470318,-1572.335197,587.0,701.4632231,0.5805946076,150.0,0.0,0.0,293.5,407.9632231,0.0,0.0
10,spread_matched,63.51925566,-446.6837084,385.0,2191.94757,2.383909833,240.0,0.0,0.0,376.0692641,1815.878306,0.0,0.0
10,skew_only,51.91096393,-1514.730538,590.0,596.6448938,0.5913953583,120.0,0.0,0.0,292.362892,304.2820018,0.0,0.0
10,as,50.81704246,-391.0469066,380.0,1257.460143,2.065558988,130.0,0.0,0.0,369.4785831,887.9815604,0.0,0.0
11,fixed,108.5926942,-161247.0351,559.0,-100006.42,-0.488154842,450.0,0.0,0.0,279.5,-100285.92,0.0,0.0
11,spread_matched,109.2283904,-257151.6584,343.0,-149775.2934,-0.5897993145,450.0,0.0,0.0,335.0435262,-150110.3369,0.0,0.0
11,skew_only,65.11162968,-54241.53712,562.0,-33648.76664,-0.398847193,280.0,0.0,0.0,278.966864,-33927.7335,0.0,0.0
11,as,40.48692426,-69739.24438,342.0,-58354.29452,-0.9242781374,200.0,0.0,0.0,332.7455025,-58687.04002,0.0,0.0
12,fixed,63.82913936,-123394.381,553.0,-105126.8189,-1.491791097,240.0,0.0,0.0,276.5,-105403.3189,0.0,0.0
12,spread_matched,56.57012042,-58168.19297,344.0,-54548.64282,-1.66448333,180.0,0.0,0.0,336.0203295,-54884.66315,0.0,0.0
12,skew_only,46.18010961,-42057.81441,552.0,-35138.41558,-1.412889585,130.0,0.0,0.0,273.620212,-35412.0358,0.0,0.0
12,as,50.22598017,-30269.26205,345.0,-22742.61313,-0.9919527497,140.0,0.0,0.0,335.4096214,-23078.02275,0.0,0.0
13,fixed,145.8754384,-75592.09971,586.0,75770.34514,0.7159961178,330.0,0.0,0.0,293.0,75477.34514,0.0,0.0
13,spread_matched,51.22536316,-24142.81086,363.0,28417.28155,0.8721702424,120.0,0.0,0.0,354.5795919,28062.70196,0.0,0.0
13,skew_only,74.24705812,-61558.49441,589.0,51820.5916,0.7310107756,210.0,0.0,0.0,292.45748,51528.13412,0.0,0.0
13,as,40.12706837,-27738.598,362.0,10208.23475,0.3712808304,90.0,0.0,0.0,351.8153526,9856.419394,0.0,0.0
14,fixed,103.99956,-222837.9249,563.0,-63552.36712,-0.4317509008,400.0,0.0,0.0,281.5,-63833.86712,0.0,0.0
14,spread_matched,89.72160493,-191297.554,342.0,-47433.40837,-0.356054708,310.0,0.0,0.0,334.0667229,-47767.47509,0.0,0.0
14,skew_only,53.28127923,-46954.30923,564.0,-12256.74828,-0.4095018244,180.0,0.0,0.0,279.702668,-12536.45095,0.0,0.0
14,as,31.97283658,-48729.0781,339.0,-13242.41909,-0.4302249472,150.0,0.0,0.0,329.6263838,-13572.04547,0.0,0.0
15,fixed,69.29374268,-39689.75421,580.0,-19244.90654,-0.8664059979,160.0,0.0,0.0,290.0,-19534.90654,0.0,0.0
15,spread_matched,45.02695831,-24188.41797,353.0,1368.868712,0.06780275442,160.0,0.0,0.0,344.811559,1024.057153,0.0,0.0
15,skew_only,53.93440934,-30727.43471,586.0,-13505.31827,-0.7679069769,150.0,0.0,0.0,290.420364,-13795.73863,0.0,0.0
15,as,50.86840433,-12339.71676,356.0,7109.992639,0.4280459122,130.0,0.0,0.0,346.0855396,6763.9071,0.0,0.0
16,fixed,82.95008932,-4041.21826,553.0,10843.79721,1.918215829,390.0,0.0,0.0,276.5,10567.29721,0.0,0.0
16,spread_matched,57.60877807,-4170.32065,353.0,10470.28381,1.752303429,290.0,0.0,0.0,344.811559,10125.47225,0.0,0.0
16,skew_only,78.6947616,-2374.696496,549.0,6312.989672,1.827960884,290.0,0.0,0.0,272.762314,6040.227358,0.0,0.0
16,as,46.34073694,-2298.289639,345.0,5526.495335,1.50961509,150.0,0.0,0.0,335.5888198,5190.906515,0.0,0.0
17,fixed,49.65471881,-140639.6375,550.0,19721.12772,0.2280455746,180.0,0.0,0.0,275.0,19446.12772,0.0,0.0
17,spread_matched,49.51963651,-22374.25702,349.0,49313.14954,1.875937197,110.0,0.0,0.0,340.9043459,48972.24519,0.0,0.0
17,skew_only,36.89058849,-100826.8609,564.0,-40100.23034,-1.02375872,100.0,0.0,0.0,279.281968,-40379.51231,0.0,0.0
17,as,49.01615014,-31662.52648,345.0,41496.46006,1.459477485,110.0,0.0,0.0,335.3279825,41161.13208,0.0,0.0
18,fixed,148.3820044,-11183.9513,596.0,8083.538778,0.6925395099,490.0,0.0,0.0,298.0,7785.538778,0.0,0.0
18,spread_matched,46.53444186,-4725.024355,373.0,451.0455228,0.1136099309,160.0,0.0,0.0,364.3476247,86.6978981,0.0,0.0
18,skew_only,62.33670892,-5034.940704,600.0,3009.99457,0.7055726971,230.0,0.0,0.0,297.7696,2712.22497,0.0,0.0
18,as,40.1534014,-3188.847521,371.0,-423.7947512,-0.1614356449,90.0,0.0,0.0,360.5695693,-784.3643206,0.0,0.0
19,fixed,83.48180505,-16276.18659,572.0,14065.43913,1.007381368,320.0,0.0,0.0,286.0,13779.43913,0.0,0.0
19,spread_matched,81.86527076,-18570.53223,347.0,10773.46808,0.6919225583,320.0,0.0,0.0,338.9507393,10434.51734,0.0,0.0
19,skew_only,53.16197467,-3723.99271,568.0,9854.029092,1.90962436,150.0,0.0,0.0,281.570576,9572.458516,0.0,0.0
19,as,39.33752692,-5005.006126,351.0,6776.362738,1.132991794,130.0,0.0,0.0,341.3855341,6434.977204,0.0,0.0
20,fixed,98.39971415,-9402.387611,555.0,-7045.94718,-2.334799924,210.0,0.0,0.0,277.5,-7323.44718,0.0,0.0
20,spread_matched,93.08138542,-9282.209259,366.0,-7323.358894,-2.435835817,200.0,0.0,0.0,357.5100017,-7680.868895,0.0,0.0
20,skew_only,65.99914469,-5989.754799,556.0,-4081.442094,-1.895899273,180.0,0.0,0.0,275.613468,-4357.055562,0.0,0.0
20,as,65.57207866,-6717.422265,372.0,-5150.375777,-2.191858859,160.0,0.0,0.0,361.9640432,-5512.33982,0.0,0.0
21,fixed,69.73404331,-21209.06003,558.0,22990.36383,1.143366272,190.0,0.0,0.0,279.0,22711.36383,0.0,0.0
21,spread_matched,47.14148949,-30892.80836,369.0,2798.58899,0.1472215273,140.0,0.0,0.0,360.4404116,2438.148578,0.0,0.0
21,skew_only,61.2817908,-25735.60104,561.0,3699.612534,0.2052297465,180.0,0.0,0.0,278.159876,3421.452658,0.0,0.0
21,as,37.97581752,-9995.307563,366.0,10105.14303,0.9611438272,130.0,0.0,0.0,355.6572267,9749.485808,0.0,0.0
22,fixed,93.55398963,-12604.21868,597.0,7985.385577,0.5210714578,200.0,0.0,0.0,298.5,7686.885577,0.0,0.0
22,spread_matched,45.39919805,-8716.229544,384.0,-95.8315014,-0.007598722364,190.0,0.0,0.0,375.0924608,-470.9239622,0.0,0.0
22,skew_only,79.99547307,-9415.881351,588.0,4047.130373,0.285181007,170.0,0.0,0.0,291.741658,3755.388715,0.0,0.0
22,as,41.88515341,-6945.47644,381.0,1990.557218,0.2026083211,160.0,0.0,0.0,370.3819612,1620.175257,0.0,0.0
23,fixed,49.3698576,-18201.01728,577.0,-8019.152023,-0.6305489052,190.0,0.0,0.0,288.5,-8307.652023,0.0,0.0
23,spread_matched,62.058883,-16788.84833,374.0,-3009.78667,-0.2089216627,260.0,0.0,0.0,365.324428,-3375.111098,0.0,0.0
23,skew_only,54.30880293,-14648.76333,577.0,-10050.01508,-1.008338097,140.0,0.0,0.0,285.9106,-10335.92568,0.0,0.0
23,as,61.73870423,-10032.42661,375.0,-2659.430435,-0.233155545,200.0,0.0,0.0,364.7037715,-3024.134206,0.0,0.0
24,fixed,106.0717264,-41943.82208,595.0,30693.05379,0.7250712872,230.0,0.0,0.0,297.5,30395.55379,0.0,0.0
24,spread_matched,80.00464424,-43657.11317,377.0,20776.68943,0.533879399,220.0,0.0,0.0,368.2548378,20408.4346,0.0,0.0
24,skew_only,100.4071052,-48177.52217,598.0,32659.83683,0.694608476,270.0,0.0,0.0,297.186788,32362.65004,0.0,0.0
24,as,74.52063526,-54722.1232,376.0,14763.09833,0.378376077,210.0,0.0,0.0,365.9417313,14397.15659,0.0,0.0
25,fixed,155.4003172,-171059.4696,604.0,-120190.663,-1.445012174,490.0,0.0,0.0,302.0,-120492.663,0.0,0.0
25,spread_matched,120.410296,-123717.2582,379.0,-99145.32297,-1.399185196,340.0,0.0,0.0,370.2084444,-99515.53141,0.0,0.0
25,skew_only,81.01543541,-105070.9043,607.0,-46552.52859,-0.800881265,260.0,0.0,0.0,301.832494,-46854.36108,0.0,0.0
25,as,72.79555557,-91948.63165,380.0,-53828.17908,-0.9932634967,190.0,0.0,0.0,370.0886086,-54198.26769,0.0,0.0
26,fixed,159.1943149,-84336.86613,627.0,13266.34074,0.126159123,440.0,0.0,0.0,313.5,12952.84074,0.0,0.0
26,spread_matched,64.01062509,-92159.77324,393.0,-43162.58609,-0.6105832781,210.0,0.0,0.0,383.8836904,-43546.46979,0.0,0.0
26,skew_only,64.58430072,-62996.43844,636.0,-19312.48128,-0.3463961441,220.0,0.0,0.0,315.585096,-19628.06638,0.0,0.0
26,as,38.87966456,-55552.8247,392.0,-39672.50702,-1.111307247,120.0,0.0,0.0,381.0268665,-40053.53389,0.0,0.0
27,fixed,155.5769246,-307739.1995,553.0,4286.976015,0.01356340355,570.0,0.0,0.0,276.5,4010.476015,0.0,0.0
27,spread_matched,59.21878039,-98324.20891,350.0,9269.198822,0.08735363776,240.0,0.0,0.0,341.8811492,8927.317673,0.0,0.0
27,skew_only,66.58302516,-84058.47669,556.0,-15843.39063,-0.1490868907,240.0,0.0,0.0,276.428036,-16119.81867,0.0,0.0
27,as,42.95127182,-54353.23158,346.0,5079.312206,0.09558048076,160.0,0.0,0.0,336.4951416,4742.817064,0.0,0.0
28,fixed,59.85926527,-130190.3366,591.0,-56226.31448,-0.7706572414,170.0,0.0,0.0,295.5,-56521.81448,0.0,0.0
28,spread_matched,82.07001586,-91960.92346,352.0,-55744.2361,-0.9988207589,190.0,0.0,0.0,343.8347558,-56088.07085,0.0,0.0
28,skew_only,59.49950504,-96615.16627,602.0,-86088.73556,-1.974634095,160.0,0.0,0.0,298.379626,-86387.11519,0.0,0.0
28,as,64.66676129,-100253.641,353.0,-53453.70643,-0.8556763959,170.0,0.0,0.0,343.5026134,-53797.20904,0.0,0.0
29,fixed,157.7066279,-27993.42417,576.0,-15304.85788,-1.274575999,320.0,0.0,0.0,288.0,-15592.85788,0.0,0.0
29,spread_matched,99.64560518,-22377.46338,356.0,-13034.44523,-1.203045253,220.0,0.0,0.0,347.7419689,-13382.1872,0.0,0.0
29,skew_only,149.477126,-13178.01507,576.0,-6078.476121,-0.9098919293,410.0,0.0,0.0,287.615854,-6366.091975,0.0,0.0
29,as,87.74457604,-7421.784086,361.0,-3447.700077,-0.7206806709,230.0,0.0,0.0,351.4050785,-3799.105155,0.0,0.0
30,fixed,116.0855059,-62647.1541,546.0,20214.14751,0.24277479,480.0,0.0,0.0,273.0,19941.14751,0.0,0.0
30,spread_matched,93.88200121,-59260.53165,343.0,21005.94774,0.2863132966,380.0,0.0,0.0,335.0435262,20670.90421,0.0,0.0
30,skew_only,44.68754417,-23230.75512,559.0,-2532.949048,-0.1075816455,150.0,0.0,0.0,277.168588,-2810.117636,0.0,0.0
30,as,65.78506651,-39470.21289,343.0,-2939.013732,-0.08661121096,210.0,0.0,0.0,333.9400308,-3272.953763,0.0,0.0
31,fixed,146.9394582,-49905.51333,557.0,-41404.14372,-1.902482057,420.0,0.0,0.0,278.5,-41682.64372,0.0,0.0
31,spread_matched,131.119615,-71406.41921,332.0,-40679.84042,-1.10748439,420.0,0.0,0.0,324.2986901,-41004.13911,0.0,0.0
31,skew_only,69.57550712,-26317.79124,562.0,-24432.64861,-2.039159288,210.0,0.0,0.0,279.042302,-24711.69091,0.0,0.0
31,as,47.48403146,-30821.95959,329.0,-22722.73148,-1.29974864,200.0,0.0,0.0,320.4652474,-23043.19672,0.0,0.0
32,fixed,61.86168624,-31452.58884,604.0,4317.033512,0.2036767224,240.0,0.0,0.0,302.0,4015.033512,0.0,0.0
32,spread_matched,84.0390047,-27263.41219,359.0,9507.653201,0.4420150805,260.0,0.0,0.0,350.6723787,9156.980822,0.0,0.0
32,skew_only,58.26952929,-7283.71598,601.0,10339.34968,1.079308772,160.0,0.0,0.0,297.956806,10041.39287,0.0,0.0
32,as,44.40033784,-7288.379727,363.0,10021.34249,1.113005329,120.0,0.0,0.0,352.9128405,9668.429649,0.0,0.0
33,fixed,83.47824049,-445358.1624,532.0,56938.08356,0.20986514,310.0,0.0,0.0,266.0,56672.08356,0.0,0.0
33,spread_matched,87.91186439,-398047.0275,329.0,-88441.27727,-0.4540385117,280.0,0.0,0.0,321.3682802,-88762.64555,0.0,0.0
33,skew_only,42.67181923,-57172.67587,531.0,95244.42724,1.196138176,140.0,0.0,0.0,263.14024,94981.287,0.0,0.0
33,as,60.54212167,-189098.8003,324.0,-51987.78182,-0.5893688988,170.0,0.0,0.0,315.1600978,-52302.94191,0.0,0.0
34,fixed,114.2962514,-2426.431699,532.0,753.3655176,0.4150721981,320.0,0.0,0.0,266.0,487.3655176,0.0,0.0
34,spread_matched,116.2961543,-1825.069938,327.0,561.0681677,0.4816159884,320.0,0.0,0.0,319.4146737,241.653494,0.0,0.0
34,skew_only,80.74001149,-2805.290946,532.0,867.0065401,0.4480679989,250.0,0.0,0.0,264.310454,602.6960861,0.0,0.0
34,as,71.44356419,-1685.100249,323.0,239.1660077,0.2256729842,210.0,0.0,0.0,314.6125873,-75.44657959,0.0,0.0
35,fixed,64.61819137,-98163.75416,586.0,45619.89608,0.5667051911,370.0,0.0,0.0,293.0,45326.89608,0.0,0.0
35,spread_matched,51.50345401,-53624.54433,372.0,20107.11537,0.442012887,220.0,0.0,0.0,363.3708214,19743.74455,0.0,0.0
35,skew_only,54.84708109,-41405.52858,582.0,-6889.045769,-0.2515709359,140.0,0.0,0.0,288.428876,-7177.474645,0.0,0.0
35,as,48.20491127,-27876.41717,366.0,-8896.022379,-0.4542901825,110.0,0.0,0.0,355.8186672,-9251.841047,0.0,0.0
36,fixed,89.26676357,-1668.636128,580.0,3328.06979,1.545937026,280.0,0.0,0.0,290.0,3038.06979,0.0,0.0
36,spread_matched,41.72667133,-4212.094012,356.0,4764.089727,0.9387801337,160.0,0.0,0.0,347.7419689,4416.347758,0.0,0.0
36,skew_only,57.69083843,-981.889821,575.0,2540.266486,1.423659996,180.0,0.0,0.0,285.037174,2255.229312,0.0,0.0
36,as,37.66862413,-3047.337947,358.0,601.075197,0.1889313708,100.0,0.0,0.0,347.8846523,253.1905447,0.0,0.0
37,fixed,45.29332096,-1114.507657,601.0,134.3884736,0.136270038,120.0,0.0,0.0,300.5,-166.1115264,0.0,0.0
37,spread_matched,43.41086311,-1217.347036,366.0,2835.795176,2.035150379,180.0,0.0,145.0,357.0890485,2478.706127,0.0,0.0
37,skew_only,43.91690307,-1110.610177,602.0,-42.12764979,-0.04837889962,130.0,0.0,0.0,298.295436,-340.4230858,0.0,0.0
37,as,36.17756072,-1217.670454,368.0,2242.771912,1.806424774,160.0,0.0,145.0,357.4209238,1885.350989,0.0,0.0
38,fixed,59.59915247,-8023.154312,593.0,6077.896981,0.713363371,200.0,0.0,0.0,296.5,5781.396981,0.0,0.0
38,spread_matched,45.39825543,-7088.29452,367.0,4413.966485,0.6238553068,120.0,0.0,0.0,358.486805,4055.47968,0.0,0.0
38,skew_only,54.10959226,-7561.765883,593.0,5353.866889,0.7049559787,160.0,0.0,0.0,293.850684,5060.016205,0.0,0.0
38,as,42.47837021,-8794.122776,366.0,4238.145882,0.7090969362,110.0,0.0,0.0,355.6787491,3882.467133,0.0,0.0
39,fixed,40.65197875,-15669.38274,548.0,244.0225796,0.01917664904,110.0,0.0,0.0,274.0,-29.97742038,0.0,0.0
39,spread_matched,34.73762865,-15569.09429,349.0,-8690.538679,-0.7981230355,110.0,0.0,0.0,340.9043459,-9031.443025,0.0,0.0
39,skew_only,30.9169996,-13194.78098,548.0,-11215.59743,-1.118779198,110.0,0.0,0.0,271.450808,-11487.04824,0.0,0.0
39,as,35.62911696,-14973.71767,347.0,-10767.13313,-1.081809837,110.0,0.0,0.0,337.2005678,-11104.33369,0.0,0.0
40,fixed,56.1859037,-8528.124366,563.0,1500.704894,0.1873662927,140.0,0.0,0.0,281.5,1219.204894,0.0,0.0
40,spread_matched,77.51620707,-7857.833271,334.0,817.2436678,0.1019675128,210.0,0.0,0.0,326.2522967,490.9913711,0.0,0.0
40,skew_only,41.81438746,-3545.238953,566.0,967.5414328,0.2010133953,140.0,0.0,0.0,280.345674,687.1957588,0.0,0.0
40,as,54.04760879,-6348.52152,338.0,682.2204619,0.1058489702,180.0,0.0,0.0,328.7831022,353.4373598,0.0,0.0
41,fixed,116.2041755,-16587.09857,591.0,-8623.142886,-0.7994489861,390.0,0.0,0.0,295.5,-8918.642886,0.0,0.0
41,spread_matched,59.6021778,-9409.484206,374.0,-5372.770149,-0.9745624067,220.0,0.0,0.0,365.324428,-5738.094577,0.0,0.0
41,skew_only,56.6203807,-5519.729597,595.0,-2570.49271,-0.5704971789,200.0,0.0,0.0,295.375012,-2865.867722,0.0,0.0
41,as,40.96837755,-6701.270954,370.0,-3514.554259,-0.7932452796,160.0,0.0,0.0,359.9090256,-3874.463284,0.0,0.0
42,fixed,46.72715831,-8179.839531,550.0,-5809.348765,-1.420209736,120.0,0.0,0.0,275.0,-6084.348765,0.0,0.0
42,spread_matched,67.48389411,-5604.954492,332.0,-1886.221423,-0.5762443315,220.0,0.0,0.0,324.2986901,-2210.520113,0.0,0.0
42,skew_only,40.91077412,-6117.183502,552.0,-3491.600747,-1.023244312,120.0,0.0,0.0,273.494566,-3765.095313,0.0,0.0
42,as,45.98675652,-3022.865635,334.0,-326.2724028,-0.1415240111,180.0,0.0,0.0,324.8377764,-651.1101791,0.0,0.0
43,fixed,140.4408923,-6126.104867,556.0,14912.79005,1.565647753,380.0,0.0,0.0,278.0,14634.79005,0.0,0.0
43,spread_matched,99.71376858,-4342.766916,351.0,11690.54218,1.448087367,310.0,0.0,0.0,342.8579525,11347.68423,0.0,0.0
43,skew_only,49.99609389,-5008.909409,556.0,8470.025903,1.292180421,190.0,0.0,0.0,275.748504,8194.277399,0.0,0.0
43,as,45.91955048,-2503.453759,345.0,7558.97188,1.447827042,150.0,0.0,0.0,335.90724,7223.06464,0.0,0.0
44,fixed,78.32531688,-49546.00203,580.0,-18285.56366,-0.4810521597,240.0,0.0,0.0,290.0,-18575.56366,0.0,0.0
44,spread_matched,58.7167574,-24869.46835,345.0,-1674.405868,-0.06591428795,150.0,0.0,0.0,336.9971328,-2011.403001,0.0,0.0
44,skew_only,61.38587752,-22240.18605,585.0,-4412.704236,-0.1670553917,170.0,0.0,0.0,290.11543,-4702.819666,0.0,0.0
44,as,46.7061285,-16470.98213,342.0,4065.48073,0.2148225589,120.0,0.0,0.0,332.4600812,3733.020649,0.0,0.0
45,fixed,205.3435315,-78169.54021,574.0,3952.565561,0.07148068505,570.0,0.0,0.0,287.0,3665.565561,0.0,0.0
45,spread_matched,181.4662764,-44096.83911,348.0,7586.064062,0.2026905409,470.0,0.0,0.0,339.9275426,7246.136519,0.0,0.0
45,skew_only,112.8325646,-53238.73528,579.0,-14386.57679,-0.4665040583,360.0,0.0,0.0,288.874004,-14675.4508,0.0,0.0
45,as,137.6119777,-52314.77609,344.0,-1200.087915,-0.03308572437,410.0,0.0,0.0,337.6647195,-1537.752634,0.0,0.0
46,fixed,102.9161105,-104131.4748,572.0,-10602.59214,-0.1412203932,270.0,0.0,0.0,286.0,-10888.59214,0.0,0.0
46,spread_matched,44.25986036,-50459.29499,338.0,-26550.4133,-0.6535702062,130.0,0.0,0.0,330.1595098,-26880.57281,0.0,0.0
46,skew_only,91.21037984,-108382.7977,577.0,-44569.52465,-0.5296539512,280.0,0.0,0.0,286.710226,-44856.23488,0.0,0.0
46,as,34.51931164,-19823.94678,340.0,-8511.272801,-0.380365445,110.0,0.0,0.0,330.4914364,-8841.764237,0.0,0.0
47,fixed,104.2545192,-9166.406601,603.0,9673.152517,0.8662392915,380.0,0.0,0.0,301.5,9371.652517,0.0,0.0
47,spread_matched,55.91544728,-4690.229264,352.0,4433.338609,0.7591712634,190.0,0.0,0.0,343.8347558,4089.503853,0.0,0.0
47,skew_only,46.57156965,-4411.638951,599.0,317.7062896,0.07455455292,150.0,0.0,0.0,297.020856,20.6854336,0.0,0.0
47,as,35.9941393,-3719.81329,354.0,1676.711855,0.4601007062,100.0,0.0,0.0,344.1434565,1332.568398,0.0,0.0
48,fixed,68.29494011,-5513.166797,569.0,5229.920809,0.6470176605,200.0,0.0,0.0,284.5,4945.420809,0.0,0.0
48,spread_matched,87.02713781,-7311.832051,344.0,8217.531956,0.6339352238,280.0,0.0,0.0,336.0203295,7881.511626,0.0,0.0
48,skew_only,37.37283611,-4974.633206,568.0,2361.588048,0.4331061955,140.0,0.0,0.0,281.438886,2080.149162,0.0,0.0
48,as,45.55530458,-5126.821304,343.0,3081.599118,0.4580558825,170.0,0.0,0.0,333.6433973,2747.955721,0.0,0.0
49,fixed,128.219795,-72205.84054,605.0,-51568.05782,-1.358768612,470.0,0.0,0.0,302.5,-51870.55782,0.0,0.0
49,spread_matched,62.61442287,-29297.9977,397.0,-22433.08775,-0.8570629312,170.0,0.0,0.0,387.7909035,-22820.87865,0.0,0.0
49,skew_only,88.4800667,-64566.6967,594.0,-33289.28946,-0.9338451522,340.0,0.0,0.0,295.33426,-33584.62372,0.0,0.0
49,as,46.85510165,-28225.97628,399.0,-22740.99459,-1.060348715,130.0,0.0,0.0,387.9336828,-23128.92827,0.0,0.0
50,fixed,94.50124822,-19294.83891,605.0,-73.46749077,-0.004533529743,220.0,0.0,0.0,302.5,-375.9674908,0.0,0.0
50,spread_matched,37.14512123,-6118.989886,362.0,-1226.170385,-0.2550931467,130.0,0.0,0.0,353.6027886,-1579.773174,0.0,0.0
50,skew_only,53.14894166,-11565.75674,602.0,-3943.32574,-0.4587409356,180.0,0.0,0.0,298.590342,-4241.916082,0.0,0.0
50,as,34.77995509,-6099.12874,361.0,-1654.522284,-0.408524374,120.0,0.0,0.0,350.8426227,-2005.364907,0.0,0.0
51,fixed,51.47775407,-17988.66049,539.0,3775.272862,0.2463757637,180.0,0.0,0.0,269.5,3505.772862,0.0,0.0
51,spread_matched,33.01884309,-35428.08408,343.0,-1540.229641,-0.06382125544,120.0,0.0,0.0,335.0435262,-1875.273167,0.0,0.0
51,skew_only,47.27567365,-59358.42598,543.0,-30930.51795,-0.9724101334,110.0,0.0,0.0,269.117142,-31199.63509,0.0,0.0
51,as,37.86449651,-31777.95811,343.0,-24063.31866,-1.626606131,90.0,0.0,0.0,333.4029464,-24396.7216,0.0,0.0
52,fixed,76.38284077,-33879.01738,587.0,899.5744752,0.03215427851,240.0,0.0,0.0,293.5,606.0744752,0.0,0.0
52,spread_matched,69.1146278,-31007.56655,383.0,-1506.165034,-0.05551142359,220.0,0.0,0.0,374.1156575,-1880.280691,0.0,0.0
52,skew_only,60.21845098,-18185.39123,593.0,-10273.47202,-0.8563396941,170.0,0.0,0.0,293.909624,-10567.38164,0.0,0.0
52,as,45.62578354,-14025.31815,387.0,-7520.483829,-0.7551013961,150.0,0.0,0.0,376.1258643,-7896.609693,0.0,0.0
53,fixed,81.42573625,-25820.06608,556.0,-10228.21873,-0.5778860745,210.0,0.0,0.0,278.0,-10506.21873,0.0,0.0
53,spread_matched,102.6420966,-29770.54244,341.0,-2951.631975,-0.1584545307,210.0,0.0,0.0,333.0899196,-3284.721894,0.0,0.0
53,skew_only,71.84280144,-12398.43491,557.0,-8081.451128,-0.6591245358,200.0,0.0,0.0,276.25641,-8357.707538,0.0,0.0
53,as,79.26773558,-12357.29451,338.0,236.1382922,0.01842421513,170.0,0.0,0.0,329.2432976,-93.10500536,0.0,0.0
54,fixed,57.94903747,-3482.875149,597.0,3961.226063,1.196295124,140.0,0.0,0.0,298.5,3662.726063,0.0,0.0
54,spread_matched,37.3640638,-1908.025534,382.0,2254.547154,1.152440692,110.0,0.0,0.0,373.1388543,1881.408299,0.0,0.0
54,skew_only,54.80537673,-2846.740018,591.0,1937.466263,0.7289822782,130.0,0.0,0.0,292.966652,1644.499611,0.0,0.0
54,as,29.89618511,-1908.025534,381.0,2411.089113,1.27687259,80.0,0.0,0.0,370.236504,2040.852609,0.0,0.0
55,fixed,121.6680855,-66257.83421,558.0,-30726.73961,-0.785331715,320.0,0.0,0.0,279.0,-31005.73961,0.0,0.0
55,spread_matched,59.81747691,-27526.16312,364.0,-13324.28632,-0.7846206026,170.0,0.0,0.0,355.5563952,-13679.84272,0.0,0.0
55,skew_only,81.51667685,-47095.26295,561.0,-26845.26158,-1.028724067,260.0,0.0,0.0,278.795002,-27124.05658,0.0,0.0
55,as,51.51579788,-21823.25699,364.0,-12033.25691,-1.021162326,140.0,0.0,0.0,353.8463689,-12387.10328,0.0,0.0
56,fixed,96.32541758,-91984.47109,556.0,-78673.15629,-2.664228536,330.0,0.0,0.0,278.0,-78951.15629,0.0,0.0
56,spread_matched,73.49691161,-92746.58185,357.0,-48710.82774,-1.319717554,300.0,0.0,0.0,348.7187722,-49059.54651,0.0,0.0
56,skew_only,50.22331362,-70217.57078,552.0,-65966.53033,-2.96337353,180.0,0.0,0.0,273.895076,-66240.42541,0.0,0.0
56,as,46.66448199,-47305.44479,361.0,-23475.63102,-1.138036562,180.0,0.0,0.0,351.1831568,-23826.81418,0.0,0.0
57,fixed,86.90888741,-108119.525,578.0,-47503.01326,-0.5213906053,230.0,0.0,0.0,289.0,-47792.01326,0.0,0.0
57,spread_matched,81.19829209,-155600.6859,363.0,-78365.7543,-0.8185007845,210.0,0.0,0.0,354.5795919,-78720.3339,0.0,0.0
57,skew_only,68.24696694,-98618.79685,582.0,-54731.84899,-0.7567239049,190.0,0.0,0.0,288.679814,-55020.5288,0.0,0.0
57,as,54.31408141,-97609.16339,366.0,-46298.53356,-0.9198225341,160.0,0.0,0.0,356.0067264,-46654.54028,0.0,0.0
58,fixed,129.4649239,-507946.8247,582.0,-314239.7117,-1.006330013,400.0,0.0,0.0,291.0,-314530.7117,0.0,0.0
58,spread_matched,90.63211387,-395490.8392,379.0,-201638.0529,-0.7770527174,290.0,0.0,0.0,370.2084444,-202008.2613,0.0,0.0
58,skew_only,46.93802807,-87449.64379,576.0,-72292.23924,-1.180716098,130.0,0.0,0.0,285.607438,-72577.84668,0.0,0.0
58,as,48.2274776,-129299.5424,372.0,-68759.37901,-0.8046571686,180.0,0.0,0.0,362.2240796,-69121.60309,0.0,0.0
59,fixed,56.06471467,-8056.877841,566.0,7603.554176,0.8679141343,170.0,0.0,0.0,283.0,7320.554176,0.0,0.0
59,spread_matched,37.01307768,-5058.288777,336.0,2636.014161,0.4327728031,130.0,0.0,0.0,328.2059032,2307.808258,0.0,0.0
59,skew_only,52.06340149,-3385.638289,566.0,4510.80845,0.8492060695,130.0,0.0,0.0,280.33829,4230.47016,0.0,0.0
59,as,35.52835662,-6151.882961,336.0,-4.86731553,-0.00096382401,100.0,0.0,0.0,326.4977696,-331.3650851,0.0,0.0
60,fixed,52.89525162,-6785.895193,567.0,1985.241155,0.2887388844,140.0,0.0,0.0,283.5,1701.741155,0.0,0.0
60,spread_matched,35.12028422,-6337.018843,352.0,-3885.609327,-1.026974062,180.0,0.0,0.0,343.8347558,-4229.444083,0.0,0.0
60,skew_only,47.3739013,-6595.790986,566.0,-2647.814652,-0.4932670814,170.0,0.0,0.0,280.439298,-2928.25395,0.0,0.0
60,as,26.07856591,-4552.471958,352.0,-622.7550877,-0.2122080059,120.0,0.0,0.0,341.977601,-964.7326887,0.0,0.0
61,fixed,94.33665765,-83891.46695,587.0,66778.45243,0.851134041,360.0,0.0,0.0,293.5,66484.95243,0.0,0.0
61,spread_matched,62.79953261,-53683.44309,346.0,92783.51688,1.072840032,250.0,0.0,0.0,337.9739361,92445.54295,0.0,0.0
61,skew_only,89.66320815,-140559.9841,587.0,-92568.37754,-1.015408302,210.0,0.0,0.0,291.359358,-92859.7369,0.0,0.0
61,as,43.98281369,-44188.25235,351.0,-16846.95083,-0.65929866,140.0,0.0,0.0,341.1395775,-17188.09041,0.0,0.0
62,fixed,128.5864285,-28295.63451,542.0,-21754.66554,-1.287896951,520.0,0.0,0.0,271.0,-22025.66554,0.0,0.0
62,spread_matched,69.34970967,-21002.34971,341.0,-16971.36824,-1.324396773,260.0,0.0,0.0,333.0899196,-17304.45816,0.0,0.0
62,skew_only,72.04584385,-9234.02526,540.0,-4845.831475,-0.7100600387,240.0,0.0,0.0,268.255538,-5114.087013,0.0,0.0
62,as,47.41194279,-10694.34374,339.0,-6751.692372,-0.9103702389,140.0,0.0,0.0,329.617555,-7081.309927,0.0,0.0
63,fixed,102.2087667,-4262.159405,571.0,3099.695271,0.8363994002,240.0,0.0,0.0,285.5,2814.195271,0.0,0.0
63,spread_matched,58.40824407,-4214.323108,371.0,238.8640473,0.08387835622,180.0,0.0,0.0,362.3940181,-123.5299708,0.0,0.0
63,skew_only,87.54355807,-2583.181598,569.0,-517.0305087,-0.2241048957,230.0,0.0,0.0,282.479842,-799.5103507,0.0,0.0
63,as,49.06735492,-3343.611206,368.0,-128.955815,-0.04798248343,150.0,0.0,0.0,357.7572058,-486.7130208,0.0,0.0
64,fixed,56.04468102,-11310.02142,599.0,-9410.450888,-0.994427331,180.0,0.0,0.0,299.5,-9709.950888,0.0,0.0
64,spread_matched,38.81374787,-15961.62056,359.0,-11274.07186,-1.011988332,190.0,0.0,0.0,350.6723787,-11624.74424,0.0,0.0
64,skew_only,44.68742244,-6201.076128,601.0,-3076.824897,-0.5380998311,120.0,0.0,0.0,297.597066,-3374.421963,0.0,0.0
64,as,34.25026889,-9255.069577,361.0,-2729.701853,-0.4681362373,90.0,0.0,0.0,350.7441444,-3080.445998,0.0,0.0
65,fixed,118.2056907,-50695.6033,587.0,14018.78342,0.2986199068,360.0,0.0,0.0,293.5,13725.28342,0.0,0.0
65,spread_matched,94.77545268,-46048.24361,348.0,10812.50836,0.2788814195,280.0,0.0,0.0,339.9275426,10472.58082,0.0,0.0
65,skew_only,97.25317841,-22363.93841,583.0,-2909.335581,-0.139722139,220.0,0.0,0.0,289.664192,-3198.999773,0.0,0.0
65,as,65.24697201,-24102.85919,344.0,-5130.553681,-0.2702421636,160.0,0.0,0.0,334.7771163,-5465.330798,0.0,0.0
66,fixed,60.87736364,-9790.692111,580.0,-58.36393163,-0.005839098553,140.0,0.0,0.0,290.0,-348.3639316,0.0,0.0
66,spread_matched,54.17138949,-33508.76073,372.0,-20132.88274,-0.7737536786,220.0,0.0,0.0,363.3708214,-20496.25356,0.0,0.0
66,skew_only,52.28049915,-9046.859153,585.0,2337.866217,0.2378811928,120.0,0.0,0.0,289.767516,2048.098701,0.0,0.0
66,as,29.67706933,-8857.250651,370.0,-2089.664584,-0.2871487928,110.0,0.0,0.0,359.5024229,-2449.167007,0.0,0.0
67,fixed,80.79733891,-8105.321907,602.0,3043.394884,0.3764281829,300.0,0.0,0.0,301.0,2742.394884,0.0,0.0
67,spread_matched,84.64284158,-6890.280529,380.0,2696.135621,0.3039919806,320.0,0.0,0.0,371.1852477,2324.950373,0.0,0.0
67,skew_only,83.17974667,-6253.278701,599.0,2384.522465,0.3663787147,290.0,0.0,0.0,297.591902,2086.930563,0.0,0.0
67,as,57.59433691,-3376.632794,373.0,1638.99986,0.3623628091,210.0,0.0,0.0,363.0361885,1275.963671,0.0,0.0
68,fixed,134.1230445,-31935.52735,555.0,-19941.9561,-0.568065845,610.0,0.0,0.0,277.5,-20219.4561,0.0,0.0
68,spread_matched,133.8740153,-27447.23441,356.0,-14614.68019,-0.4831028845,560.0,0.0,0.0,347.7419689,-14962.42216,0.0,0.0
68,skew_only,55.45623297,-15283.80841,555.0,-9246.219058,-0.8353815362,270.0,0.0,0.0,275.516386,-9521.735444,0.0,0.0
68,as,51.77730839,-14431.07579,356.0,-5544.349018,-0.4548920657,260.0,0.0,0.0,346.9636821,-5891.3127,0.0,0.0
69,fixed,65.31165054,-3988.905148,612.0,-767.9835382,-0.2131266542,170.0,0.0,0.0,306.0,-1073.983538,0.0,0.0
69,spread_matched,60.21639215,-3343.641913,387.0,1414.300102,0.3758777707,220.0,0.0,0.0,378.0228707,1036.277231,0.0,0.0
69,skew_only,63.41377639,-3485.130667,612.0,417.3355197,0.1213118791,160.0,0.0,0.0,303.403406,113.9321137,0.0,0.0
69,as,48.35383749,-2165.97764,387.0,1690.413508,0.6391904973,150.0,0.0,0.0,376.2366385,1314.176869,0.0,0.0
70,fixed,52.83218882,-24874.78232,589.0,16191.03493,0.443701818,150.0,0.0,0.0,294.5,15896.53493,0.0,0.0
70,spread_matched,33.9947184,-16688.42024,356.0,6764.719012,0.2903190921,110.0,0.0,0.0,347.7419689,6416.977043,0.0,0.0
70,skew_only,44.78658866,-18732.20553,598.0,14696.84533,0.5768381148,130.0,0.0,0.0,296.168418,14400.67691,0.0,0.0
70,as,35.19715898,-11378.42942,357.0,10367.02349,0.6718819114,100.0,0.0,0.0,346.8814944,10020.142,0.0,0.0
71,fixed,63.34005367,-10786.5908,577.0,727.5864036,0.08505470234,180.0,0.0,0.0,288.5,439.0864036,0.0,0.0
71,spread_matched,112.9992679,-17420.17616,339.0,-5182.035168,-0.3675608328,330.0,0.0,0.0,331.1363131,-5513.171482,0.0,0.0
71,skew_only,59.03442978,-7840.228302,578.0,-742.3967155,-0.1256240542,160.0,0.0,0.0,286.579658,-1028.976374,0.0,0.0
71,as,76.34675159,-10268.83629,337.0,-3155.905398,-0.3447632835,220.0,0.0,0.0,328.5257066,-3484.431104,0.0,0.0
72,fixed,39.6950298,-15386.89813,594.0,29542.52142,1.536191859,160.0,0.0,0.0,297.0,29245.52142,0.0,0.0
72,spread_matched,42.12762039,-10560.24281,369.0,-2387.746639,-0.2421185934,110.0,0.0,0.0,360.4404116,-2748.187051,0.0,0.0
72,skew_only,37.35472934,-14401.77717,600.0,2102.87669,0.1876550667,90.0,0.0,0.0,297.200748,1805.675942,0.0,0.0
72,as,36.24436451,-13600.74806,371.0,-5676.79764,-0.5320338716,90.0,0.0,0.0,360.5017002,-6037.29934,0.0,0.0
73,fixed,68.11568042,-441393.342,614.0,42352.97949,0.1274291099,290.0,0.0,0.0,307.0,42045.97949,0.0,0.0
73,spread_matched,74.67979044,-478828.09,379.0,52911.12049,0.1480915326,290.0,0.0,0.0,370.2084444,52540.91205,0.0,0.0
73,skew_only,48.81192861,-151003.1253,615.0,66290.92792,0.4916426152,150.0,0.0,0.0,304.785572,65986.14235,0.0,0.0
73,as,32.76953279,-162400.5287,385.0,57652.92336,0.4346716163,140.0,0.0,0.0,374.3888498,57278.53451,0.0,0.0
74,fixed,118.8237586,-95896.74796,551.0,-94597.01402,-2.316538627,330.0,0.0,0.0,275.5,-94872.51402,0.0,0.0
74,spread_matched,85.09261565,-97284.0429,332.0,-88985.58418,-1.519756808,200.0,0.0,0.0,324.2986901,-89309.88287,0.0,0.0
74,skew_only,73.03308137,-56037.95919,548.0,-46955.06157,-1.827624944,260.0,0.0,0.0,272.12681,-47227.18838,0.0,0.0
74,as,91.49639791,-109989.2882,330.0,-108258.001,-2.313941433,220.0,0.0,0.0,321.5873612,-108579.5884,0.0,0.0
75,fixed,51.66477036,-8720.904,594.0,2663.368581,0.3232194545,160.0,0.0,0.0,297.0,2366.368581,0.0,0.0
75,spread_matched,62.63158769,-16833.91449,376.0,14847.31123,0.706941502,250.0,0.0,0.0,367.2780346,14480.0332,0.0,0.0
75,skew_only,50.45232434,-4421.037448,599.0,6370.248301,0.8661544284,150.0,0.0,0.0,296.704946,6073.543355,0.0,0.0
75,as,52.84318006,-7313.044066,375.0,7850.344576,0.7397055815,140.0,0.0,0.0,364.59924,7485.745336,0.0,0.0
76,fixed,85.0420733,-15665.38406,585.0,-10854.57682,-1.349903081,360.0,0.0,0.0,292.5,-11147.07682,0.0,0.0
76,spread_matched,89.51918855,-24309.61427,367.0,-18284.10242,-1.550205896,330.0,0.0,0.0,358.486805,-18642.58922,0.0,0.0
76,skew_only,35.78941737,-7441.00842,592.0,-3595.498224,-0.6785077727,170.0,0.0,0.0,293.477872,-3888.976096,0.0,0.0
76,as,27.92937004,-13186.59022,364.0,-8957.282506,-1.39178002,130.0,0.0,0.0,354.0202351,-9311.302741,0.0,0.0
77,fixed,88.51479867,-20961.96903,568.0,-916.6773428,-0.05813445235,180.0,0.0,0.0,284.0,-1200.677343,0.0,0.0
77,spread_matched,66.05645464,-12764.63455,355.0,-3479.331635,-0.2307833256,250.0,0.0,0.0,346.7651656,-3826.096801,0.0,0.0
77,skew_only,71.16814051,-9475.740715,572.0,-4106.424803,-0.3933421089,200.0,0.0,0.0,283.739128,-4390.163931,0.0,0.0
77,as,47.47090468,-6503.071873,352.0,-47.96038767,-0.005865863092,160.0,0.0,0.0,342.2447241,-390.2051117,0.0,0.0
78,fixed,46.11557412,-15299.64778,603.0,8827.714114,0.6191071697,190.0,0.0,0.0,301.5,8526.214114,0.0,0.0
78,spread_matched,47.54007647,-13766.08271,383.0,5977.914499,0.3273362419,210.0,0.0,0.0,374.1156575,5603.798842,0.0,0.0
78,skew_only,41.19084887,-9717.032786,602.0,4233.884811,0.4569282411,110.0,0.0,0.0,298.241892,3935.642919,0.0,0.0
78,as,28.31657465,-6715.011356,378.0,3241.229912,0.3990503926,110.0,0.0,0.0,367.3244281,2873.905484,0.0,0.0
79,fixed,135.9712347,-2534.087891,552.0,11160.56308,2.325544531,490.0,0.0,0.0,276.0,10884.56308,0.0,0.0
79,spread_matched,95.18304487,-1377.959612,343.0,3645.422107,1.687483299,320.0,0.0,0.0,335.0435262,3310.378581,0.0,0.0
79,skew_only,44.89235613,-1756.61218,556.0,5102.266924,1.844641265,150.0,0.0,0.0,275.685818,4826.581106,0.0,0.0
79,as,38.4449596,-2856.499415,342.0,-316.1236543,-0.2312395555,140.0,0.0,0.0,332.5971758,-648.7208301,0.0,0.0
80,fixed,115.6573405,-74204.69431,557.0,-1439.364009,-0.01965601281,400.0,0.0,0.0,278.5,-1717.864009,0.0,0.0
80,spread_matched,85.98135132,-29628.76509,333.0,3994.896858,0.10173959,240.0,0.0,0.0,325.2754934,3669.621365,0.0,0.0
80,skew_only,107.8446613,-67335.1818,567.0,-19183.41127,-0.4006932304,220.0,0.0,0.0,281.783972,-19465.19524,0.0,0.0
80,as,76.10935288,-37586.30431,337.0,-2313.927851,-0.06833545147,170.0,0.0,0.0,327.8750687,-2641.80292,0.0,0.0
81,fixed,65.45575373,-6438.5503,546.0,-877.2389698,-0.1503823881,190.0,0.0,0.0,273.0,-1150.23897,0.0,0.0
81,spread_matched,42.46964788,-4194.748483,346.0,278.0871676,0.08400522348,160.0,0.0,0.0,337.9739361,-59.88676843,0.0,0.0
81,skew_only,61.15163605,-2661.07826,539.0,1762.562888,0.5364640049,210.0,0.0,0.0,267.354226,1495.208662,0.0,0.0
81,as,29.62409661,-2076.324142,346.0,1715.889593,0.7112540384,100.0,0.0,0.0,336.2531905,1379.636402,0.0,0.0
82,fixed,63.77432298,-16218.48196,589.0,32240.67739,1.968732633,180.0,0.0,0.0,294.5,31946.17739,0.0,0.0
82,spread_matched,75.36716775,-33499.53156,359.0,13281.46612,0.701794951,180.0,0.0,0.0,350.6723787,12930.79374,0.0,0.0
82,skew_only,53.87194446,-8730.501473,582.0,38358.80993,2.532214949,170.0,0.0,0.0,288.464986,38070.34494,0.0,0.0
82,as,53.78262615,-20293.71383,362.0,24904.30213,1.591282379,140.0,0.0,0.0,352.1011964,24552.20094,0.0,0.0
83,fixed,61.26093397,-38176.28665,584.0,-2922.467881,-0.05803154679,290.0,0.0,0.0,292.0,-3214.467881,0.0,0.0
83,spread_matched,74.78862157,-23347.01284,340.0,-7734.867445,-0.3147417117,150.0,0.0,0.0,332.1131164,-8066.980561,0.0,0.0
83,skew_only,67.85535845,-18903.57212,593.0,-7753.652979,-0.40887007,160.0,0.0,0.0,293.91385,-8047.566829,0.0,0.0
83,as,61.45276557,-17512.55226,334.0,-8587.685032,-0.4813504136,130.0,0.0,0.0,324.7891499,-8912.474182,0.0,0.0
84,fixed,75.94447761,-152793.8668,582.0,42242.63191,0.3367509252,290.0,0.0,0.0,291.0,41951.63191,0.0,0.0
84,spread_matched,93.34506928,-152459.2143,376.0,-2578.401111,-0.02462048272,310.0,0.0,0.0,367.2780346,-2945.679145,0.0,0.0
84,skew_only,45.34923187,-43499.6772,585.0,32484.93503,0.8540603697,130.0,0.0,0.0,289.855398,32195.07963,0.0,0.0
84,as,50.69665567,-82955.66087,375.0,-8736.913866,-0.1617289889,170.0,0.0,0.0,364.7238771,-9101.637743,0.0,0.0
85,fixed,114.3354871,-966453.1545,558.0,252616.2773,0.2891384947,330.0,0.0,0.0,279.0,252337.2773,0.0,0.0
85,spread_matched,87.9051193,-1037571.48,334.0,-229528.0659,-0.2197855878,320.0,0.0,0.0,326.2522967,-229854.3182,0.0,0.0
85,skew_only,78.20209296,-612744.0385,563.0,277548.7876,0.4724797452,230.0,0.0,0.0,279.606592,277269.181,0.0,0.0
85,as,57.18004124,-592433.2401,334.0,-62694.49057,-0.1076491407,200.0,0.0,0.0,325.4092271,-63019.8998,0.0,0.0
86,fixed,106.5073837,-35563.49249,629.0,-15364.38658,-0.3031200159,250.0,0.0,0.0,314.5,-15678.88658,0.0,0.0
86,spread_matched,100.284772,-59249.42304,385.0,24708.42328,0.3908695894,170.0,0.0,0.0,376.0692641,24332.35402,0.0,0.0
86,skew_only,90.48401945,-35400.16868,627.0,6341.775648,0.1497495068,240.0,0.0,0.0,311.255864,6030.519784,0.0,0.0
86,as,88.16484787,-64889.04346,382.0,38347.39378,0.5707662085,200.0,0.0,0.0,371.9416445,37975.45214,0.0,0.0
87,fixed,135.5727878,-44640.14284,603.0,3185.344834,0.06471393561,370.0,0.0,0.0,301.5,2883.844834,0.0,0.0
87,spread_matched,87.22511049,-23135.16256,404.0,14240.29825,0.5595864235,200.0,0.0,0.0,394.6285265,13845.66972,0.0,0.0
87,skew_only,75.95166536,-25222.97874,602.0,7534.439051,0.2832454471,240.0,0.0,0.0,298.747012,7235.692039,0.0,0.0
87,as,77.82297604,-19937.59113,398.0,11838.1681,0.5012252797,190.0,0.0,0.0,387.2153569,11450.95275,0.0,0.0
88,fixed,45.24905921,-5851.670202,600.0,1627.900941,0.3593450938,200.0,0.0,0.0,300.0,1327.900941,0.0,0.0
88,spread_matched,38.07736754,-5703.958856,371.0,978.2932047,0.1738775885,140.0,0.0,0.0,362.3940181,615.8991865,0.0,0.0
88,skew_only,40.16294591,-5122.382045,598.0,527.333135,0.1480273556,180.0,0.0,0.0,296.237984,231.095151,0.0,0.0
88,as,43.76948068,-4885.765112,371.0,496.7678312,0.08297527152,120.0,0.0,0.0,360.5499186,136.2179126,0.0,0.0
89,fixed,135.4080792,-42726.88976,578.0,-30616.8226,-1.348846161,310.0,0.0,0.0,289.0,-30905.8226,0.0,0.0
89,spread_matched,101.7473842,-31775.22869,344.0,-21557.03937,-1.101697106,350.0,0.0,0.0,336.0203295,-21893.0597,0.0,0.0
89,skew_only,132.8835065,-26684.32123,588.0,-18349.80648,-1.309851931,340.0,0.0,0.0,292.90515,-18642.71163,0.0,0.0
89,as,95.22611826,-23426.98404,348.0,-16869.90159,-1.356339596,200.0,0.0,0.0,338.8388471,-17208.74044,0.0,0.0
90,fixed,59.90742838,-8162.175685,586.0,-6502.437237,-1.703028858,210.0,0.0,0.0,293.0,-6795.437237,0.0,0.0
90,spread_matched,32.95002883,-1720.504743,355.0,1906.319523,1.340661738,100.0,0.0,0.0,346.7651656,1559.554357,0.0,0.0
90,skew_only,43.8536693,-6027.815352,585.0,-3051.636064,-0.9968881583,140.0,0.0,0.0,289.842122,-3341.478186,0.0,0.0
90,as,33.148641,-2107.712974,356.0,1724.544487,1.146586284,90.0,0.0,0.0,345.8836295,1378.660857,0.0,0.0
91,fixed,121.5816123,-53679.42886,605.0,22213.19836,0.333396173,370.0,0.0,0.0,302.5,21910.69836,0.0,0.0
91,spread_matched,64.0935435,-24391.0299,370.0,8866.242841,0.2947961244,170.0,0.0,0.0,361.4172149,8504.825626,0.0,0.0
91,skew_only,74.71457153,-27187.64668,617.0,24447.4491,0.7202621685,230.0,0.0,0.0,306.152324,24141.29678,0.0,0.0
91,as,70.34688479,-24817.24796,376.0,10994.02361,0.3687181116,180.0,0.0,0.0,365.8636293,10628.15998,0.0,0.0
92,fixed,88.67653354,-116406.7562,582.0,-29703.74999,-0.4398603345,230.0,0.0,0.0,291.0,-29994.74999,0.0,0.0
92,spread_matched,80.23328424,-185509.3774,338.0,-54794.3972,-0.389311197,250.0,0.0,0.0,330.1595098,-55124.55671,0.0,0.0
92,skew_only,73.90559215,-50650.94807,568.0,5133.050757,0.09521645945,190.0,0.0,0.0,281.711038,4851.339719,0.0,0.0
92,as,56.78733111,-60914.40855,340.0,-8710.365354,-0.131945379,140.0,0.0,0.0,330.6635129,-9041.028867,0.0,0.0
93,fixed,64.09463004,-20411.35737,642.0,-14886.10639,-1.909952586,230.0,0.0,0.0,321.0,-15207.10639,0.0,0.0
93,spread_matched,44.00055631,-11236.06528,383.0,-9101.121194,-2.095061066,140.0,0.0,0.0,374.1156575,-9475.236852,0.0,0.0
93,skew_only,53.3363047,-12890.50882,635.0,-8801.351803,-1.676407013,140.0,0.0,0.0,314.721608,-9116.073411,0.0,0.0
93,as,34.92521941,-5544.513931,384.0,-3932.687696,-1.494825922,80.0,0.0,0.0,373.2032537,-4305.89095,0.0,0.0
94,fixed,99.92222991,-54734.09558,556.0,-3671.570441,-0.09149406825,320.0,0.0,0.0,278.0,-3949.570441,0.0,0.0
94,spread_matched,67.43447391,-34393.6818,328.0,-2317.250675,-0.07952746987,200.0,0.0,0.0,320.391477,-2637.642152,0.0,0.0
94,skew_only,77.04318253,-15716.36946,551.0,-2802.947451,-0.169234862,170.0,0.0,0.0,273.363578,-3076.311029,0.0,0.0
94,as,75.39360514,-13678.33513,333.0,-4368.603897,-0.2745329125,180.0,0.0,0.0,324.0596804,-4692.663577,0.0,0.0
95,fixed,108.1513456,-640640.362,597.0,149935.8252,0.3335852676,460.0,0.0,0.0,298.5,149637.3252,0.0,0.0
95,spread_matched,107.9219716,-550657.4032,354.0,104912.6336,0.2655563923,480.0,0.0,0.0,345.7883623,104566.8452,0.0,0.0
95,skew_only,44.64934042,-98777.35947,605.0,-18055.04778,-0.2863949891,180.0,0.0,0.0,300.087496,-18355.13528,0.0,0.0
95,as,52.50482325,-120797.0187,349.0,-19221.61445,-0.2135692599,200.0,0.0,0.0,339.8280081,-19561.44245,0.0,0.0
96,fixed,68.32255557,-5604.46453,556.0,-4199.509755,-0.8574461319,320.0,0.0,0.0,278.0,-4477.509755,0.0,0.0
96,spread_matched,66.15258577,-3740.472443,351.0,-704.5502028,-0.1762028656,260.0,0.0,0.0,342.8579525,-1047.408155,0.0,0.0
96,skew_only,55.29856048,-3316.673554,553.0,-1072.695103,-0.4437796625,150.0,0.0,0.0,274.056978,-1346.752081,0.0,0.0
96,as,35.16029464,-1512.33598,348.0,463.5945644,0.2334877241,150.0,0.0,0.0,338.4117837,125.1827807,0.0,0.0
97,fixed,119.5561307,-355390.729,620.0,-8647.492824,-0.03468599686,250.0,0.0,0.0,310.0,-8957.492824,0.0,0.0
97,spread_matched,109.6634739,-354068.9101,367.0,-15222.87028,-0.06120089659,230.0,0.0,0.0,358.486805,-15581.35708,0.0,0.0
97,skew_only,78.39957222,-159674.7756,626.0,79936.28031,0.5467357592,170.0,0.0,0.0,310.622426,79625.65788,0.0,0.0
97,as,88.84538691,-300885.1202,366.0,70779.20704,0.3138754193,200.0,0.0,0.0,356.5413464,70422.6657,0.0,0.0
98,fixed,82.00976527,-453803.5486,585.0,-393246.5182,-1.222679059,300.0,0.0,0.0,292.5,-393539.0182,0.0,0.0
98,spread_matched,60.79174476,-525622.1401,357.0,-253304.7687,-0.6670058901,240.0,0.0,0.0,348.7187722,-253653.4875,0.0,0.0
98,skew_only,62.14654372,-382865.2186,589.0,-340543.9514,-1.53427565,200.0,0.0,0.0,291.997558,-340835.949,0.0,0.0
98,as,57.16974122,-275875.8022,356.0,-189757.39,-0.8809857918,150.0,0.0,0.0,346.1691316,-190103.5592,0.0,0.0
99,fixed,52.56308206,-26382.46773,598.0,27036.31732,1.18628477,150.0,0.0,0.0,299.0,26737.31732,0.0,0.0
99,spread_matched,39.51174387,-31186.29512,366.0,23627.45414,0.7746165759,180.0,0.0,0.0,357.5100017,23269.94414,0.0,0.0
99,skew_only,52.45190932,-13045.33098,601.0,9622.583301,0.5729451169,150.0,0.0,0.0,297.810232,9324.773069,0.0,0.0
99,as,32.84800145,-17869.94569,372.0,6127.557184,0.4068385395,120.0,0.0,0.0,361.4889071,5766.068277,0.0,0.0
100,fixed,44.53494582,-292040.2123,588.0,-186554.0132,-1.078872151,140.0,0.0,0.0,294.0,-186848.0132,0.0,0.0
100,spread_matched,58.6754643,-1023819.268,354.0,-895725.2533,-2.303708293,180.0,0.0,0.0,345.7883623,-896071.0417,0.0,0.0
100,skew_only,44.07230168,-105744.7541,586.0,47003.83799,0.4340755444,110.0,0.0,0.0,290.28525,46713.55274,0.0,0.0
100,as,39.78737236,-519760.3955,350.0,-459354.1361,-2.266467568,100.0,0.0,0.0,340.2493009,-459694.3854,0.0,0.0
101,fixed,109.3468894,-5371.117631,571.0,-1456.415464,-0.2474074073,300.0,0.0,0.0,285.5,-1741.915464,0.0,0.0
101,spread_matched,58.02888308,-2309.689009,341.0,1115.202059,0.4480593416,140.0,0.0,0.0,333.0899196,782.1121397,0.0,0.0
101,skew_only,64.73028593,-3584.945048,570.0,967.0746557,0.3120281886,180.0,0.0,0.0,282.585438,684.4892177,0.0,0.0
101,as,46.96292001,-2342.090764,342.0,917.9003078,0.453298022,110.0,0.0,0.0,332.2883251,585.6119827,0.0,0.0
102,fixed,77.83539143,-6853.728751,588.0,-5923.883296,-0.9926522292,380.0,0.0,0.0,294.0,-6217.883296,0.0,0.0
102,spread_matched,73.20675586,-7352.000103,354.0,-6399.276041,-1.099359091,350.0,0.0,0.0,345.7883623,-6745.064403,0.0,0.0
102,skew_only,47.75955343,-4885.068464,594.0,-2502.051269,-1.108538535,160.0,0.0,0.0,294.444852,-2796.496121,0.0,0.0
102,as,62.85100953,-5137.799041,357.0,-3868.350139,-1.493657037,140.0,0.0,0.0,347.2404829,-4215.590622,0.0,0.0
103,fixed,76.46372326,-29682.95838,625.0,-23432.6866,-1.582750804,290.0,0.0,0.0,312.5,-23745.1866,0.0,0.0
103,spread_matched,53.79333356,-9690.033736,370.0,-306.933583,-0.03606012037,140.0,0.0,0.0,361.4172149,-668.3507978,0.0,0.0
103,skew_only,55.34473755,-13334.01424,625.0,-11306.64378,-1.380699014,160.0,0.0,0.0,309.69422,-11616.338,0.0,0.0
103,as,44.29545236,-8995.323902,373.0,971.5358374,0.1280931414,130.0,0.0,0.0,362.4894335,609.0464039,0.0,0.0
104,fixed,102.2689441,-13697.6246,561.0,-10481.87195,-1.252760235,210.0,0.0,0.0,280.5,-10762.37195,0.0,0.0
104,spread_matched,68.12581942,-5627.586153,362.0,-2517.535444,-0.5268080991,190.0,0.0,0.0,353.6027886,-2871.138233,0.0,0.0
104,skew_only,52.42195536,-2888.694157,568.0,121.2251999,0.04291130818,160.0,0.0,0.0,281.746646,-160.5214461,0.0,0.0
104,as,38.52322022,-2174.493676,367.0,264.606548,0.08742597724,120.0,0.0,0.0,356.7018984,-92.09535035,0.0,0.0
105,fixed,100.40628,-46983.80687,599.0,36102.11765,1.143545088,310.0,0.0,0.0,299.5,35802.61765,0.0,0.0
105,spread_matched,41.65438213,-7056.996043,355.0,5081.277552,0.5754586977,130.0,0.0,0.0,346.7651656,4734.512387,0.0,0.0
105,skew_only,40.32665668,-15190.76406,594.0,13757.96607,1.081242186,140.0,0.0,0.0,294.2298,13463.73627,0.0,0.0
105,as,30.34904618,-7057.074891,356.0,2553.264744,0.3376084555,80.0,0.0,0.0,345.8988841,2207.36586,0.0,0.0
106,fixed,62.29051674,-133787.58,568.0,-87248.81374,-0.9898322965,210.0,0.0,0.0,284.0,-87532.81374,0.0,0.0
106,spread_matched,50.52363308,-72961.05812,360.0,-26382.38016,-0.5496440221,140.0,0.0,0.0,351.649182,-26734.02934,0.0,0.0
106,skew_only,45.5734685,-84146.173,572.0,-53115.47296,-0.8670835023,160.0,0.0,0.0,283.49024,-53398.9632,0.0,0.0
106,as,50.18383037,-64895.64134,363.0,-30499.33906,-0.5664747514,150.0,0.0,0.0,352.9343676,-30852.27343,0.0,0.0
107,fixed,110.9458999,-10789.31213,618.0,4920.428842,0.5573187558,420.0,0.0,0.0,309.0,4611.428842,0.0,0.0
107,spread_matched,60.60389756,-7339.985896,397.0,3740.867491,0.6086092006,290.0,0.0,0.0,387.7909035,3353.076587,0.0,0.0
107,skew_only,51.65353075,-7587.768158,613.0,-155.7088053,-0.02690708759,190.0,0.0,0.0,303.754838,-459.4636433,0.0,0.0
107,as,42.35622314,-6768.543262,396.0,-1246.039777,-0.2717795543,200.0,0.0,0.0,384.8571557,-1630.896932,0.0,0.0
108,fixed,48.35792382,-19872.12483,576.0,-16664.73682,-1.27941896,200.0,0.0,0.0,288.0,-16952.73682,0.0,0.0
108,spread_matched,68.47669723,-8747.192746,366.0,2121.099209,0.3199326111,190.0,0.0,0.0,357.5100017,1763.589207,0.0,0.0
108,skew_only,41.02472737,-10609.20683,587.0,-7385.316645,-1.038454584,120.0,0.0,0.0,290.74807,-7676.064715,0.0,0.0
108,as,52.51498971,-7909.948384,367.0,1095.679551,0.1797838785,140.0,0.0,0.0,356.9077776,738.7717734,0.0,0.0
109,fixed,58.30002058,-12586.69498,564.0,1994.106022,0.2138456144,170.0,0.0,0.0,282.0,1712.106022,0.0,0.0
109,spread_matched,49.0171831,-10397.9325,370.0,5797.535906,0.6912605008,150.0,0.0,0.0,361.4172149,5436.118691,0.0,0.0
109,skew_only,56.42423627,-10143.17819,562.0,19.30994592,0.00229372708,180.0,0.0,0.0,278.47043,-259.1604841,0.0,0.0
109,as,48.19413869,-8361.156338,374.0,4417.611036,0.5581606417,140.0,0.0,0.0,363.4912516,4054.119784,0.0,0.0
110,fixed,57.8956191,-1561.480562,568.0,3368.648304,1.429134295,230.0,0.0,0.0,284.0,3084.648304,0.0,0.0
110,spread_matched,65.76468837,-1824.030381,362.0,1743.401237,0.9481148875,170.0,0.0,0.0,353.6027886,1389.798448,0.0,0.0
110,skew_only,48.52177074,-1575.074284,572.0,525.2072251,0.3834541702,140.0,0.0,0.0,283.449456,241.7577691,0.0,0.0
110,as,46.39862583,-1416.669305,364.0,469.8255789,0.3405299297,110.0,0.0,0.0,353.8942935,115.9312854,0.0,0.0
111,fixed,85.90687013,-62018.3534,597.0,-31727.87126,-0.9786648776,380.0,0.0,0.0,298.5,-32026.37126,0.0,0.0
111,spread_matched,69.27753965,-53518.11556,358.0,-23109.07478,-0.9001452966,270.0,0.0,0.0,349.6955755,-23458.77036,0.0,0.0
111,skew_only,32.53959298,-12015.77701,597.0,4442.319736,0.4470881124,130.0,0.0,0.0,295.734622,4146.585114,0.0,0.0
111,as,37.44579608,-18009.42366,361.0,-60.48240737,-0.004990256748,130.0,0.0,0.0,350.9326141,-411.4150215,0.0,0.0
112,fixed,122.8633565,-44976.79421,554.0,25979.01038,0.6811613281,440.0,0.0,0.0,277.0,25702.01038,0.0,0.0
112,spread_matched,73.59669968,-26160.05269,336.0,11913.07993,0.5930462117,280.0,0.0,0.0,328.2059032,11584.87402,0.0,0.0
112,skew_only,49.95457633,-14533.80356,553.0,-7844.491881,-0.6038364846,160.0,0.0,0.0,274.260856,-8118.752737,0.0,0.0
112,as,46.36453635,-10071.04652,338.0,-4531.028135,-0.5093383552,140.0,0.0,0.0,328.6250183,-4859.653154,0.0,0.0
113,fixed,91.97574846,-122804.4606,591.0,-11348.11813,-0.1080240232,330.0,0.0,0.0,295.5,-11643.61813,0.0,0.0
113,spread_matched,60.38287836,-72820.60808,381.0,-19067.98905,-0.3109603302,150.0,0.0,0.0,372.162051,-19440.1511,0.0,0.0
113,skew_only,86.82444402,-75275.08436,600.0,29789.83792,0.3753480882,280.0,0.0,0.0,297.887568,29491.95035,0.0,0.0
113,as,55.00050937,-69894.36145,376.0,-3185.68321,-0.05575140786,130.0,0.0,0.0,365.5275715,-3551.210782,0.0,0.0
114,fixed,196.5095509,-131124.0522,577.0,-22915.93095,-0.2229032701,630.0,0.0,0.0,288.5,-23204.43095,0.0,0.0
114,spread_matched,115.7485356,-58425.23989,348.0,-18081.29715,-0.3559939536,280.0,0.0,0.0,339.9275426,-18421.22469,0.0,0.0
114,skew_only,92.11477167,-70874.28088,580.0,-8098.642786,-0.1520127003,360.0,0.0,0.0,289.137302,-8387.780088,0.0,0.0
114,as,84.08827214,-59752.47408,352.0,-17969.68946,-0.4124116248,220.0,0.0,0.0,343.3084829,-18312.99794,0.0,0.0
115,fixed,66.33362851,-4084.361602,588.0,-670.0781157,-0.1500819258,210.0,0.0,0.0,294.0,-964.0781157,0.0,0.0
115,spread_matched,39.60760149,-3603.563483,370.0,-3030.577497,-0.9658956011,110.0,0.0,0.0,361.4172149,-3391.994712,0.0,0.0
115,skew_only,52.14477247,-3276.078324,587.0,-980.4684852,-0.2966366373,160.0,0.0,0.0,290.92366,-1271.392145,0.0,0.0
115,as,36.62413958,-4013.047139,372.0,-2941.32756,-0.9634971313,100.0,0.0,0.0,361.450025,-3302.777585,0.0,0.0
116,fixed,108.8756304,-3566.339391,574.0,2515.997633,0.8920384732,200.0,0.0,0.0,287.0,2228.997633,0.0,0.0
116,spread_matched,39.96326508,-1833.782454,358.0,3470.832934,2.28674235,130.0,0.0,0.0,349.6955755,3121.137358,0.0,0.0
116,skew_only,73.31388188,-1868.257532,571.0,102.99169,0.05645808002,190.0,0.0,0.0,283.410592,-180.418902,0.0,0.0
116,as,41.59926711,-1327.558636,362.0,2467.767102,2.137527229,130.0,0.0,0.0,351.7967786,2115.970323,0.0,0.0
117,fixed,54.1893399,-2201.878026,535.0,8565.050063,1.742012163,160.0,0.0,0.0,267.5,8297.550063,0.0,0.0
117,spread_matched,83.95143356,-17652.3908,326.0,-10242.25101,-0.9890733723,330.0,0.0,0.0,318.4378704,-10560.68888,0.0,0.0
117,skew_only,49.71698679,-2922.649552,541.0,6277.493747,1.419546511,160.0,0.0,0.0,268.181592,6009.312155,0.0,0.0
117,as,48.64829662,-6384.254659,323.0,-2109.214596,-0.3997476099,190.0,0.0,0.0,314.3865389,-2423.601135,0.0,0.0
118,fixed,58.9348106,-77606.69354,566.0,-20644.86126,-0.4441426033,150.0,0.0,0.0,283.0,-20927.86126,0.0,0.0
118,spread_matched,48.60315808,-43359.55794,341.0,-28536.11467,-0.9118279715,120.0,0.0,0.0,333.0899196,-28869.20459,0.0,0.0
118,skew_only,49.44455455,-30614.63416,569.0,15643.56916,0.6056619187,130.0,0.0,0.0,281.89324,15361.67592,0.0,0.0
118,as,38.48319654,-32782.59569,339.0,-4958.849347,-0.2004740721,90.0,0.0,0.0,329.3856739,-5288.235021,0.0,0.0
119,fixed,100.2091281,-65391.85657,530.0,-10261.06464,-0.1874472817,330.0,0.0,0.0,265.0,-10526.06464,0.0,0.0
119,spread_matched,80.9324953,-49127.61845,364.0,-20547.69395,-0.5463413421,280.0,0.0,0.0,355.5563952,-20903.25034,0.0,0.0
119,skew_only,85.75875071,-18088.6219,538.0,4837.139677,0.2757964851,190.0,0.0,0.0,266.950316,4570.189361,0.0,0.0
119,as,82.35168426,-23000.51468,358.0,-6582.272188,-0.3557866207,170.0,0.0,0.0,348.3737367,-6930.645925,0.0,0.0
120,fixed,73.18630773,-9882.089783,562.0,-8022.58832,-1.360721308,300.0,0.0,0.0,281.0,-8303.58832,0.0,0.0
120,spread_matched,115.5465376,-10321.70338,357.0,-6928.554151,-0.9988613223,420.0,0.0,0.0,348.7187722,-7277.272923,0.0,0.0
120,skew_only,49.97824046,-4875.730921,572.0,-4163.036343,-1.397713634,190.0,0.0,0.0,283.488826,-4446.525169,0.0,0.0
120,as,74.10315812,-4982.316054,361.0,-3144.906868,-0.9382938399,230.0,0.0,0.0,351.5620031,-3496.468871,0.0,0.0
121,fixed,65.45229637,-10135.20405,603.0,642.4747952,0.07059623347,180.0,0.0,0.0,301.5,340.9747952,0.0,0.0
121,spread_matched,51.14655554,-12399.12063,369.0,-1025.895087,-0.07888273207,220.0,0.0,0.0,360.4404116,-1386.335498,0.0,0.0
121,skew_only,52.64620593,-7937.716443,608.0,859.728649,0.1130136428,150.0,0.0,0.0,301.29022,558.438429,0.0,0.0
121,as,60.77114707,-5048.342662,364.0,3619.583781,0.5345539392,160.0,0.0,0.0,354.0046816,3265.5791,0.0,0.0
122,fixed,158.8139793,-414475.0472,611.0,-1923.703742,-0.006333752684,400.0,0.0,0.0,305.5,-2229.203742,0.0,0.0
122,spread_matched,144.3139769,-303303.1473,374.0,-32135.07652,-0.1560923193,270.0,0.0,0.0,365.324428,-32500.40095,0.0,0.0
122,skew_only,89.30383816,-185983.9296,611.0,-17006.80104,-0.1506956579,240.0,0.0,0.0,303.965818,-17310.76686,0.0,0.0
122,as,89.47882208,-172164.702,376.0,-40980.64766,-0.427036361,190.0,0.0,0.0,366.2182872,-41346.86594,0.0,0.0
123,fixed,127.3915617,-86529.22149,529.0,-20266.03214,-0.2578586367,500.0,0.0,0.0,264.5,-20530.53214,0.0,0.0
123,spread_matched,52.7994587,-37847.23184,327.0,-5676.657818,-0.1540045491,240.0,0.0,0.0,319.4146737,-5996.072492,0.0,0.0
123,skew_only,44.47615585,-21255.85466,539.0,5150.838152,0.2346721764,190.0,0.0,0.0,267.450322,4883.38783,0.0,0.0
123,as,37.12834592,-14555.5306,331.0,5041.692243,0.3116728343,140.0,0.0,0.0,321.8601993,4719.832044,0.0,0.0
124,fixed,73.62511283,-127554.8432,609.0,71979.05296,0.4843635857,220.0,0.0,0.0,304.5,71674.55296,0.0,0.0
124,spread_matched,101.3364321,-213497.7401,365.0,142354.0619,0.6010427772,310.0,0.0,0.0,356.5331984,141997.5287,0.0,0.0
124,skew_only,66.74848046,-92253.66823,612.0,-3466.585572,-0.04027496808,220.0,0.0,0.0,303.390478,-3769.97605,0.0,0.0
124,as,43.16563837,-84544.46002,362.0,55138.42071,0.5103935629,150.0,0.0,0.0,352.123939,54786.29677,0.0,0.0
125,fixed,57.16649718,-2915.14592,585.0,1575.38688,0.796799368,130.0,0.0,0.0,292.5,1282.88688,0.0,0.0
125,spread_matched,49.67914025,-2574.275759,358.0,58.8926918,0.03349094816,150.0,0.0,0.0,349.6955755,-290.8028837,0.0,0.0
125,skew_only,43.88936034,-2580.720818,586.0,754.1875227,0.4661988897,140.0,0.0,0.0,290.282894,463.9046287,0.0,0.0
125,as,37.43791527,-1687.384446,359.0,649.8723138,0.4680176056,120.0,0.0,0.0,348.8443227,301.027991,0.0,0.0
126,fixed,71.03724139,-3174.217069,607.0,9406.47322,1.473515676,260.0,0.0,0.0,303.5,9102.97322,0.0,0.0
126,spread_matched,56.40971575,-6309.453972,383.0,7147.770812,0.9942387398,150.0,0.0,0.0,374.1156575,6773.655155,0.0,0.0
126,skew_only,36.60586334,-2857.814033,600.0,3305.626126,1.014260719,120.0,0.0,0.0,297.05483,3008.571296,0.0,0.0
126,as,53.10485612,-5084.025816,383.0,2763.082389,0.6864420104,120.0,0.0,0.0,372.1827269,2390.899662,0.0,0.0
127,fixed,110.9435058,-18695.92294,610.0,-15840.4886,-1.725381526,310.0,0.0,0.0,305.0,-16145.4886,0.0,0.0
127,spread_matched,87.33915891,-16511.9796,364.0,-14559.03651,-1.958376184,250.0,0.0,0.0,355.5563952,-14914.59291,0.0,0.0
127,skew_only,54.13254953,-12469.13742,602.0,-9448.39644,-1.189744726,200.0,0.0,0.0,298.69245,-9747.08889,0.0,0.0
127,as,49.50006464,-8544.504622,363.0,-7137.809094,-1.454736748,160.0,0.0,0.0,353.017705,-7490.826799,0.0,0.0
128,fixed,123.2903164,-53885.66171,596.0,16787.1408,0.3193861694,440.0,0.0,0.0,298.0,16489.1408,0.0,0.0
128,spread_matched,64.54179285,-29609.07418,355.0,22857.29159,0.6928169901,250.0,0.0,0.0,346.7651656,22510.52642,0.0,0.0
128,skew_only,90.99975951,-26954.60011,588.0,6052.515009,0.2168813333,280.0,0.0,0.0,292.444418,5760.070591,0.0,0.0
128,as,41.61436632,-6714.12591,356.0,13642.07469,1.601193893,150.0,0.0,0.0,346.1092425,13295.96545,0.0,0.0
129,fixed,93.70776633,-22023.18656,548.0,-12017.67078,-0.5937575789,220.0,0.0,0.0,274.0,-12291.67078,0.0,0.0
129,spread_matched,82.94636761,-19604.27296,341.0,-14953.95985,-0.8307472217,200.0,0.0,0.0,333.0899196,-15287.04977,0.0,0.0
129,skew_only,63.07637731,-13096.65392,555.0,-7163.242765,-0.5149974276,150.0,0.0,0.0,275.250754,-7438.493519,0.0,0.0
129,as,68.28895873,-16344.3471,347.0,-11108.05038,-0.7601990913,200.0,0.0,0.0,337.7288535,-11445.77923,0.0,0.0
130,fixed,81.14044082,-8965.014797,549.0,2324.699241,0.2156259638,170.0,0.0,0.0,274.5,2050.199241,0.0,0.0
130,spread_matched,60.99015854,-5701.690257,349.0,2448.740908,0.3496007033,160.0,0.0,0.0,340.9043459,2107.836562,0.0,0.0
130,skew_only,58.5268039,-4459.90959,548.0,2537.613778,0.3494036055,170.0,0.0,0.0,271.714512,2265.899266,0.0,0.0
130,as,59.4038763,-4855.315791,345.0,-467.9752983,-0.07694756431,140.0,0.0,0.0,335.4892169,-803.4645152,0.0,0.0
131,fixed,63.01727268,-18206.64735,552.0,-3587.577972,-0.175972984,140.0,0.0,0.0,276.0,-3863.577972,0.0,0.0
131,spread_matched,52.63161368,-11847.58513,335.0,-3090.241698,-0.1919110801,120.0,0.0,0.0,327.2290999,-3417.470798,0.0,0.0
131,skew_only,50.88886085,-12118.17995,554.0,8893.237553,0.5572920013,130.0,0.0,0.0,274.503368,8618.734185,0.0,0.0
131,as,53.28256592,-11578.42936,339.0,4650.379684,0.2940258893,130.0,0.0,0.0,329.5513762,4320.828307,0.0,0.0
132,fixed,58.51707713,-79251.85486,542.0,217174.7145,1.684667725,130.0,0.0,0.0,271.0,216903.7145,0.0,0.0
132,spread_matched,49.70520213,-275734.2001,343.0,127026.6398,0.6069299027,200.0,0.0,0.0,335.0435262,126691.5963,0.0,0.0
132,skew_only,52.22693971,-62407.24246,549.0,228504.4797,2.309043058,130.0,0.0,0.0,272.091154,228232.3885,0.0,0.0
132,as,43.5059993,-72089.96566,351.0,113381.8583,1.230153337,110.0,0.0,0.0,341.206898,113040.6514,0.0,0.0
133,fixed,54.57237558,-10404.3891,591.0,3192.878585,0.3652180303,150.0,0.0,0.0,295.5,2897.378585,0.0,0.0
133,spread_matched,45.47788332,-7854.090529,382.0,1430.2425,0.1756990219,160.0,0.0,0.0,373.1388543,1057.103646,0.0,0.0
133,skew_only,50.72210153,-5895.73837,595.0,6752.910685,0.9195025583,140.0,0.0,0.0,294.86406,6458.046625,0.0,0.0
133,as,50.14847555,-6016.525037,386.0,2861.342307,0.4154550348,140.0,0.0,0.0,375.1889418,2486.153365,0.0,0.0
134,fixed,116.3031401,-817742.3561,600.0,311027.2856,0.3475741784,320.0,0.0,0.0,300.0,310727.2856,0.0,0.0
134,spread_matched,98.90632303,-643099.7906,385.0,237859.4101,0.3257381766,270.0,0.0,0.0,376.0692641,237483.3409,0.0,0.0
134,skew_only,64.18770467,-346175.3811,604.0,207055.1367,0.5452121175,180.0,0.0,0.0,299.518964,206755.6177,0.0,0.0
134,as,75.0999236,-426585.9341,384.0,242875.4927,0.4412514536,220.0,0.0,0.0,373.8906602,242501.6021,0.0,0.0
135,fixed,79.99222732,-8906.653625,593.0,-621.8188393,-0.1096711983,260.0,0.0,0.0,296.5,-918.3188393,0.0,0.0
135,spread_matched,101.191816,-6109.838335,367.0,-4080.332615,-1.091202307,260.0,0.0,0.0,358.486805,-4438.81942,0.0,0.0
135,skew_only,60.22290647,-6344.329791,597.0,-2577.709304,-0.6158255004,190.0,0.0,0.0,295.932876,-2873.64218,0.0,0.0
135,as,76.88207848,-4056.896254,366.0,-1846.588274,-0.5755774653,230.0,0.0,0.0,356.315564,-2202.903838,0.0,0.0
136,fixed,140.3064765,-31083.53215,593.0,991.8897581,0.0352462784,420.0,0.0,0.0,296.5,695.3897581,0.0,0.0
136,spread_matched,89.29046901,-20209.82963,383.0,-2738.48359,-0.1269558997,300.0,0.0,0.0,374.1156575,-3112.599248,0.0,0.0
136,skew_only,83.40014853,-16676.21785,593.0,-587.1368153,-0.03582395714,250.0,0.0,0.0,294.605834,-881.7426493,0.0,0.0
136,as,66.7316438,-12606.54631,380.0,1403.536426,0.09466846436,210.0,0.0,0.0,369.9357849,1033.600641,0.0,0.0
137,fixed,80.35037418,-4771.224876,553.0,-3039.361031,-0.8343396403,190.0,0.0,0.0,276.5,-3315.861031,0.0,0.0
137,spread_matched,55.18760002,-3075.911995,359.0,-1783.714203,-0.6987215037,140.0,0.0,0.0,350.6723787,-2134.386581,0.0,0.0
137,skew_only,56.28951789,-3474.572417,556.0,-1310.810988,-0.4536977523,160.0,0.0,0.0,275.584114,-1586.395102,0.0,0.0
137,as,48.52649157,-2625.52872,363.0,-1654.240036,-0.6865910403,160.0,0.0,0.0,352.8636217,-2007.103658,0.0,0.0
138,fixed,99.00686016,-98709.71306,549.0,-42980.15684,-0.4678818103,330.0,0.0,0.0,274.5,-43254.65684,0.0,0.0
138,spread_matched,38.87286231,-32197.72963,348.0,-17838.41162,-0.8379663752,110.0,0.0,0.0,339.9275426,-18178.33917,0.0,0.0
138,skew_only,50.45060555,-44672.42844,551.0,-21903.30324,-0.6064848247,160.0,0.0,0.0,273.226862,-22176.5301,0.0,0.0
138,as,38.79478913,-25957.32503,348.0,-12370.60544,-0.6360673968,90.0,0.0,0.0,338.1851662,-12708.79061,0.0,0.0
139,fixed,35.85484223,-14278.89213,581.0,-12377.58172,-1.643941745,110.0,0.0,0.0,290.5,-12668.08172,0.0,0.0
139,spread_matched,58.08291824,-6866.560383,346.0,-5021.353656,-0.9569602613,180.0,0.0,0.0,337.9739361,-5359.327592,0.0,0.0
139,skew_only,30.40222411,-10417.406,577.0,-6543.375581,-0.9225824762,100.0,0.0,0.0,285.78835,-6829.163931,0.0,0.0
139,as,33.33815208,-10775.81527,347.0,-6083.060439,-0.8228516524,130.0,0.0,0.0,337.3120709,-6420.37251,0.0,0.0
140,fixed,106.2865196,-6697.443206,597.0,1906.679738,0.2167683031,380.0,0.0,0.0,298.5,1608.179738,0.0,0.0
140,spread_matched,66.21676729,-5401.626806,378.0,8675.929513,0.8177724054,290.0,0.0,0.0,369.2316411,8306.697872,0.0,0.0
140,skew_only,54.55085609,-4025.874763,590.0,695.3586517,0.1650616199,190.0,0.0,0.0,292.90542,402.4532317,0.0,0.0
140,as,46.54065723,-4687.569869,377.0,3851.082826,0.8064303543,130.0,0.0,0.0,366.6198401,3484.462986,0.0,0.0
141,fixed,81.23961635,-4095.190813,587.0,7413.91442,1.648390734,320.0,0.0,0.0,293.5,7120.41442,0.0,0.0
141,spread_matched,80.83996635,-1875.493338,353.0,5885.519237,2.149059472,310.0,0.0,0.0,344.811559,5540.707678,0.0,0.0
141,skew_only,62.6744757,-2907.494438,580.0,2931.552151,1.036065509,190.0,0.0,0.0,287.745512,2643.806639,0.0,0.0
141,as,43.35748032,-1424.640728,355.0,3849.76804,1.956020485,180.0,0.0,0.0,345.4279566,3504.340083,0.0,0.0
142,fixed,37.31514437,-6917.725678,587.0,-3560.265705,-0.7228403287,130.0,0.0,0.0,293.5,-3853.765705,0.0,0.0
142,spread_matched,35.54392267,-5639.497632,360.0,-1840.399375,-0.3733944136,160.0,0.0,0.0,351.649182,-2192.048557,0.0,0.0
142,skew_only,33.09071507,-6036.08742,589.0,-3593.069474,-0.8178114454,110.0,0.0,0.0,291.669098,-3884.738572,0.0,0.0
142,as,34.86620104,-4315.952693,359.0,-1541.058475,-0.3636851726,150.0,0.0,0.0,348.9123808,-1889.970856,0.0,0.0
143,fixed,89.52387676,-170104.3286,599.0,-108410.6862,-1.581553633,350.0,0.0,0.0,299.5,-108710.1862,0.0,0.0
143,spread_matched,102.6727539,-179108.1644,366.0,-125259.5527,-1.718861322,340.0,0.0,0.0,357.5100017,-125617.0627,0.0,0.0
143,skew_only,53.7844492,-92617.68221,605.0,-86408.19315,-2.699756071,170.0,0.0,0.0,299.842798,-86708.03595,0.0,0.0
143,as,47.53019146,-91628.88453,375.0,-71512.15337,-2.158584149,190.0,0.0,0.0,364.8077291,-71876.96109,0.0,0.0
144,fixed,91.59549879,-9121.502397,563.0,-7168.917961,-1.799021549,370.0,0.0,0.0,281.5,-7450.417961,0.0,0.0
144,spread_matched,55.40939125,-8179.66815,346.0,-7357.424337,-2.12423375,230.0,0.0,0.0,337.9739361,-7695.398273,0.0,0.0
144,skew_only,30.45389637,-4186.394013,574.0,-2639.306475,-1.142833156,130.0,0.0,0.0,284.44603,-2923.752505,0.0,0.0
144,as,28.53750821,-5343.676521,347.0,-4547.064767,-1.612949023,110.0,0.0,0.0,337.3125238,-4884.377291,0.0,0.0
145,fixed,99.79138058,-15547.48396,587.0,23824.95383,0.921117563,340.0,0.0,0.0,293.5,23531.45383,0.0,0.0
145,spread_matched,100.8097519,-10526.51218,374.0,25110.06568,1.031276945,370.0,0.0,0.0,365.324428,24744.74125,0.0,0.0
145,skew_only,66.73240904,-10935.99865,601.0,2347.083824,0.1792978314,220.0,0.0,0.0,297.991226,2049.092598,0.0,0.0
145,as,44.58117171,-5315.021555,382.0,14148.37822,1.132086471,190.0,0.0,0.0,371.7852038,13776.59301,0.0,0.0
146,fixed,139.33193,-91166.70563,601.0,-19195.40582,-0.3016119185,450.0,0.0,0.0,300.5,-19495.90582,0.0,0.0
146,spread_matched,133.9490246,-99317.69175,369.0,-36091.6848,-0.5257876076,460.0,0.0,0.0,360.4404116,-36452.12521,0.0,0.0
146,skew_only,77.82043582,-44307.05081,603.0,-5453.456726,-0.1786797066,270.0,0.0,0.0,299.561856,-5753.018582,0.0,0.0
146,as,99.42171656,-69508.92946,375.0,-27834.84296,-0.5925189693,340.0,0.0,0.0,366.3083011,-28201.15126,0.0,0.0
147,fixed,134.3135074,-10613.44483,583.0,-7043.833155,-1.272346134,410.0,0.0,0.0,291.5,-7335.333155,0.0,0.0
147,spread_matched,66.73896157,-3768.398131,354.0,3210.92103,0.5469084875,140.0,0.0,0.0,345.7883623,2865.132668,0.0,0.0
147,skew_only,55.89745196,-7446.56055,585.0,-5324.970226,-1.445526055,190.0,0.0,0.0,290.086064,-5615.05629,0.0,0.0
147,as,49.8816598,-4697.459762,351.0,-1330.106463,-0.3672949234,170.0,0.0,0.0,341.2673037,-1671.373766,0.0,0.0
148,fixed,83.58376395,-69477.4888,617.0,-1049.330433,-0.02198870927,380.0,0.0,0.0,308.5,-1357.830433,0.0,0.0
148,spread_matched,80.29173743,-64976.50876,401.0,-150.5913529,-0.003230830239,330.0,0.0,0.0,391.6981166,-542.2894696,0.0,0.0
148,skew_only,69.87002103,-19289.46333,611.0,-9007.908745,-0.7296690736,150.0,0.0,0.0,303.010112,-9310.918857,0.0,0.0
148,as,61.50348491,-25051.39153,393.0,-8814.309832,-0.5507374023,150.0,0.0,0.0,382.2889226,-9196.598755,0.0,0.0
149,fixed,56.54023798,-31998.39615,546.0,-23447.35574,-1.02355454,240.0,0.0,0.0,273.0,-23720.35574,0.0,0.0
149,spread_matched,33.71437622,-13502.92908,337.0,-7416.664076,-0.9650433143,170.0,0.0,0.0,329.1827065,-7745.846782,0.0,0.0
149,skew_only,52.17809747,-17874.58445,554.0,-13091.58772,-1.246998335,180.0,0.0,0.0,274.539562,-13366.12728,0.0,0.0
149,as,35.38131479,-10733.59782,334.0,-4649.781377,-0.7201007487,160.0,0.0,0.0,324.5507831,-4974.33216,0.0,0.0
150,fixed,113.7859935,-15611.14495,580.0,2673.227516,0.1496499779,360.0,0.0,0.0,290.0,2383.227516,0.0,0.0
150,spread_matched,82.10400038,-12509.90565,356.0,2561.461375,0.1817504087,270.0,0.0,0.0,347.7419689,2213.719406,0.0,0.0
150,skew_only,69.01861615,-5576.273607,581.0,-1048.10292,-0.1485161174,210.0,0.0,0.0,288.116828,-1336.219748,0.0,0.0
150,as,51.01854529,-4794.487049,356.0,-1115.534616,-0.1964778051,170.0,0.0,0.0,346.1874175,-1461.722033,0.0,0.0
151,fixed,50.7468563,-4970.701089,567.0,9449.732363,1.342713471,190.0,0.0,0.0,283.5,9166.232363,0.0,0.0
151,spread_matched,56.55237516,-14851.05037,344.0,7994.915731,0.5869918714,220.0,0.0,0.0,336.0203295,7658.895402,0.0,0.0
151,skew_only,48.00212391,-7039.114998,570.0,8169.340301,1.246176074,140.0,0.0,0.0,282.599578,7886.740723,0.0,0.0
151,as,33.82097915,-4679.58707,345.0,5596.228211,1.325147516,90.0,0.0,0.0,335.3859617,5260.84225,0.0,0.0
152,fixed,94.13532267,-22437.01315,557.0,45835.45645,1.635088228,350.0,0.0,0.0,278.5,45556.95645,0.0,0.0
152,spread_matched,55.76254369,-24479.82099,355.0,31973.34045,1.137297988,260.0,0.0,0.0,346.7651656,31626.57528,0.0,0.0
152,skew_only,41.52443761,-11479.25642,553.0,17672.38498,1.448708027,110.0,0.0,0.0,274.028048,17398.35693,0.0,0.0
152,as,34.39160001,-12741.83152,361.0,11465.14179,0.8511898279,110.0,0.0,0.0,350.885729,11114.25607,0.0,0.0
153,fixed,95.44631528,-4157.306188,544.0,-549.7445564,-0.155487101,300.0,0.0,0.0,272.0,-821.7445564,0.0,0.0
153,spread_matched,57.50956108,-20686.80166,335.0,-10330.96045,-0.9802857096,250.0,0.0,0.0,327.2290999,-10658.18955,0.0,0.0
153,skew_only,59.14873064,-3804.766477,546.0,-114.1949524,-0.03576157778,190.0,0.0,0.0,271.004218,-385.1991704,0.0,0.0
153,as,30.4718275,-8511.144957,337.0,-266.8962377,-0.03818602305,110.0,0.0,0.0,327.592249,-594.4884867,0.0,0.0
154,fixed,47.50712745,-8350.253306,608.0,-3946.598572,-0.6204022585,140.0,0.0,0.0,304.0,-4250.598572,0.0,0.0
154,spread_matched,41.2241892,-4902.481597,377.0,-4281.721619,-1.947109033,130.0,0.0,0.0,368.2548378,-4649.976457,0.0,0.0
154,skew_only,48.75195166,-4167.333063,609.0,-1745.551215,-0.5226918458,190.0,0.0,0.0,301.8074,-2047.358615,0.0,0.0
154,as,32.97199727,-4354.005949,377.0,-4001.536324,-1.741679775,80.0,0.0,0.0,366.3433124,-4367.879637,0.0,0.0
155,fixed,75.14513147,-8874.035501,546.0,-1175.724605,-0.1235950287,300.0,0.0,0.0,273.0,-1448.724605,0.0,0.0
155,spread_matched,66.54275311,-5924.892355,327.0,-206.3145676,-0.03677931813,180.0,0.0,0.0,319.4146737,-525.7292413,0.0,0.0
155,skew_only,46.85943982,-3329.619965,541.0,-1120.408669,-0.3466086906,150.0,0.0,0.0,268.155376,-1388.564045,0.0,0.0
155,as,42.26215593,-2515.766611,327.0,-1067.441904,-0.3590277982,120.0,0.0,0.0,317.8517513,-1385.293655,0.0,0.0
156,fixed,77.89978976,-21400.11256,590.0,10904.84041,0.4923371101,220.0,0.0,0.0,295.0,10609.84041,0.0,0.0
156,spread_matched,87.70945089,-17443.75887,361.0,-14732.66412,-1.026755747,220.0,0.0,0.0,352.6259853,-15085.29011,0.0,0.0
156,skew_only,66.67241852,-13394.24674,580.0,-5856.064005,-0.4499499425,170.0,0.0,0.0,287.527664,-6143.591669,0.0,0.0
156,as,67.33678126,-13438.77278,360.0,-12437.37208,-1.104375414,170.0,0.0,0.0,350.2548687,-12787.62695,0.0,0.0
157,fixed,71.61944132,-17746.29205,613.0,-10379.86857,-0.7534088082,170.0,0.0,0.0,306.5,-10686.36857,0.0,0.0
157,spread_matched,145.8973123,-55027.31504,395.0,32262.19222,0.6530701526,430.0,0.0,0.0,385.8372969,31876.35492,0.0,0.0
157,skew_only,61.67619598,-16240.08863,612.0,-12269.23755,-1.048743927,140.0,0.0,0.0,303.383606,-12572.62115,0.0,0.0
157,as,71.91510428,-26003.90726,396.0,9449.483538,0.4223581654,210.0,0.0,0.0,385.8077214,9063.675817,0.0,0.0
158,fixed,97.2319227,-15852.29249,632.0,8811.339997,0.6983520142,240.0,0.0,0.0,316.0,8495.339997,0.0,0.0
158,spread_matched,102.6746699,-18126.59443,388.0,9079.427209,0.5321231411,310.0,0.0,0.0,378.999674,8700.427535,0.0,0.0
158,skew_only,69.85746277,-12147.45173,641.0,5637.603765,0.5514251174,200.0,0.0,0.0,317.853896,5319.749869,0.0,0.0
158,as,62.32390212,-13591.97048,384.0,7482.383049,0.6668172369,190.0,0.0,0.0,373.8471973,7108.535851,0.0,0.0
159,fixed,138.9736082,-23629.84879,553.0,-501.3517124,-0.02173973433,440.0,0.0,0.0,276.5,-777.8517124,0.0,0.0
159,spread_matched,56.85315287,-6172.980306,357.0,-1239.427453,-0.209700225,130.0,0.0,0.0,348.7187722,-1588.146225,0.0,0.0
159,skew_only,46.81358597,-4308.473883,553.0,3400.11335,0.4349654348,180.0,0.0,0.0,274.44329,3125.67006,0.0,0.0
159,as,48.86060172,-4050.951865,355.0,460.9178491,0.09530916391,120.0,0.0,0.0,345.1234658,115.7943832,0.0,0.0
160,fixed,49.25453253,-17363.74393,568.0,-13326.70603,-0.9032706746,120.0,0.0,0.0,284.0,-13610.70603,0.0,0.0
160,spread_matched,35.80193681,-13020.28992,342.0,-6835.264105,-0.6881914284,90.0,0.0,0.0,334.0667229,-7169.330828,0.0,0.0
160,skew_only,44.84094553,-26345.35963,565.0,-21721.89752,-1.362070362,130.0,0.0,0.0,279.796714,-22001.69423,0.0,0.0
160,as,35.07521923,-14146.52254,344.0,-8803.72373,-0.9144157199,90.0,0.0,0.0,334.1506939,-9137.874424,0.0,0.0
161,fixed,78.34174772,-3106.345842,577.0,7718.226828,1.34364353,180.0,0.0,0.0,288.5,7429.726828,0.0,0.0
161,spread_matched,52.76143254,-1928.241417,351.0,4266.099723,1.270892161,120.0,0.0,0.0,342.8579525,3923.241771,0.0,0.0
161,skew_only,52.67338269,-1550.398041,572.0,5134.14601,1.833358673,110.0,0.0,0.0,283.4702,4850.67581,0.0,0.0
161,as,43.43882061,-1325.767976,351.0,3449.656896,1.371343773,90.0,0.0,0.0,341.1366685,3108.520228,0.0,0.0
162,fixed,94.6604308,-15876.86158,599.0,3035.95068,0.1382394263,220.0,0.0,0.0,299.5,2736.45068,0.0,0.0
162,spread_matched,111.1231974,-21677.65021,373.0,20945.03732,0.6669614884,310.0,0.0,0.0,364.3476247,20580.6897,0.0,0.0
162,skew_only,49.71222449,-12036.68835,597.0,2860.865307,0.2078302307,130.0,0.0,0.0,295.83634,2565.028967,0.0,0.0
162,as,51.79635505,-14038.27968,366.0,11568.0538,0.6570828306,160.0,0.0,0.0,356.1527293,11211.90107,0.0,0.0
163,fixed,71.61070914,-23054.41837,563.0,-698.5268741,-0.03930101048,260.0,0.0,0.0,281.5,-980.0268741,0.0,0.0
163,spread_matched,65.74516086,-25950.90667,342.0,-6278.630549,-0.3900738756,260.0,0.0,0.0,334.0667229,-6612.697272,0.0,0.0
163,skew_only,49.50503804,-9074.652896,566.0,-3697.253697,-0.640589208,130.0,0.0,0.0,280.38534,-3977.639037,0.0,0.0
163,as,53.88895976,-11600.43311,336.0,-7720.751898,-1.10735848,130.0,0.0,0.0,326.7082134,-8047.460111,0.0,0.0
164,fixed,93.77624918,-22899.8247,607.0,6624.381826,0.2144251707,270.0,0.0,0.0,303.5,6320.881826,0.0,0.0
164,spread_matched,99.84061851,-26611.40962,383.0,14365.00105,0.4810114631,280.0,0.0,0.0,374.1156575,13990.88539,0.0,0.0
164,skew_only,93.02662148,-17990.23818,602.0,17166.36995,0.7033178302,230.0,0.0,0.0,298.893606,16867.47635,0.0,0.0
164,as,96.151735,-26120.14816,380.0,11359.02101,0.4004662906,250.0,0.0,0.0,370.2946489,10988.72636,0.0,0.0
165,fixed,95.87714939,-37287.43968,573.0,61754.56439,1.365473066,350.0,0.0,0.0,286.5,61468.06439,0.0,0.0
165,spread_matched,75.66857022,-19358.71943,341.0,37028.19174,1.292019682,250.0,0.0,0.0,333.0899196,36695.10182,0.0,0.0
165,skew_only,83.62116932,-9746.802693,573.0,33588.82878,2.052465028,190.0,0.0,0.0,284.312696,33304.51608,0.0,0.0
165,as,65.87379843,-6896.152519,343.0,29624.75865,2.098302252,170.0,0.0,0.0,333.5952391,29291.16341,0.0,0.0
166,fixed,114.2759635,-32346.57365,577.0,-27256.75583,-1.275090847,280.0,0.0,0.0,288.5,-27545.25583,0.0,0.0
166,spread_matched,55.46358062,-20511.84727,355.0,-18652.90273,-1.703592452,120.0,0.0,0.0,346.7651656,-18999.6679,0.0,0.0
166,skew_only,71.90740821,-30171.67973,571.0,-27407.62366,-1.92028684,190.0,0.0,0.0,283.246348,-27690.87,0.0,0.0
166,as,53.90298128,-19098.9384,355.0,-17753.72697,-1.768502059,120.0,0.0,0.0,345.0078885,-18098.73486,0.0,0.0
167,fixed,44.84977967,-22502.5808,571.0,1303.425813,0.07779585941,150.0,0.0,0.0,285.5,1017.925813,0.0,0.0
167,spread_matched,56.01911059,-42709.65682,347.0,32517.6717,0.7537930969,230.0,0.0,0.0,338.9507393,32178.72096,0.0,0.0
167,skew_only,45.17550062,-21989.90134,577.0,2684.150044,0.182027493,110.0,0.0,0.0,285.81073,2398.339314,0.0,0.0
167,as,39.67952979,-24865.61287,353.0,7696.919069,0.4184157568,150.0,0.0,0.0,343.1206378,7353.798432,0.0,0.0
168,fixed,94.93338599,-70270.97715,616.0,1322.79548,0.01689953157,420.0,0.0,0.0,308.0,1014.79548,0.0,0.0
168,spread_matched,52.97442779,-25780.83862,380.0,-18331.76381,-1.01338536,150.0,0.0,0.0,371.1852477,-18702.94906,0.0,0.0
168,skew_only,64.27700023,-32175.81812,614.0,-5040.378292,-0.1301294233,260.0,0.0,0.0,304.496992,-5344.875284,0.0,0.0
168,as,51.2927261,-29837.6506,383.0,-18192.63487,-1.048324266,140.0,0.0,0.0,372.2846254,-18564.91949,0.0,0.0
169,fixed,43.96396332,-5392.451993,568.0,676.3827208,0.1005315783,120.0,0.0,0.0,284.0,392.3827208,0.0,0.0
169,spread_matched,57.82544765,-5991.431007,359.0,-1156.86954,-0.1388567698,160.0,0.0,0.0,350.6723787,-1507.541918,0.0,0.0
169,skew_only,40.90355016,-3563.875104,565.0,-232.0669626,-0.04169962503,140.0,0.0,0.0,279.884372,-511.9513346,0.0,0.0
169,as,54.96511879,-4325.330961,359.0,-673.7607744,-0.1029657944,130.0,0.0,0.0,349.0630095,-1022.823784,0.0,0.0
170,fixed,82.16995056,-107297.1196,551.0,-94985.26063,-1.238072587,230.0,0.0,0.0,275.5,-95260.76063,0.0,0.0
170,spread_matched,45.26875124,-13945.98787,350.0,9800.528946,0.4647647688,120.0,0.0,0.0,341.8811492,9458.647796,0.0,0.0
170,skew_only,64.80038861,-17163.37577,551.0,38610.2771,1.125921997,210.0,0.0,0.0,273.359402,38336.9177,0.0,0.0
170,as,43.30570372,-20610.02781,357.0,50389.805,1.540524503,140.0,0.0,0.0,346.9959045,50042.8091,0.0,0.0
171,fixed,154.048121,-166518.8672,574.0,-28974.01308,-0.1750705846,460.0,0.0,0.0,287.0,-29261.01308,0.0,0.0
171,spread_matched,130.3515777,-140424.7413,367.0,-17503.40315,-0.1255142133,350.0,0.0,0.0,358.486805,-17861.88995,0.0,0.0
171,skew_only,70.2180931,-87468.83442,581.0,-29940.84549,-0.4081961881,230.0,0.0,0.0,288.38647,-30229.23196,0.0,0.0
171,as,78.31009385,-87208.27746,372.0,-21524.45669,-0.2400146147,230.0,0.0,0.0,362.6543693,-21887.11106,0.0,0.0
172,fixed,77.41012801,-40399.75274,540.0,-24584.56243,-0.9515263895,340.0,0.0,0.0,270.0,-24854.56243,0.0,0.0
172,spread_matched,51.47502687,-26852.68936,330.0,-15428.11161,-0.8734439865,230.0,0.0,0.0,322.3450835,-15750.4567,0.0,0.0
172,skew_only,62.68731661,-15116.95816,540.0,-6057.642566,-0.590681901,160.0,0.0,0.0,267.649686,-6325.292252,0.0,0.0
172,as,60.84373748,-15067.03766,336.0,-6728.507207,-0.6335127944,140.0,0.0,0.0,326.6551337,-7055.162341,0.0,0.0
173,fixed,82.06360908,-16610.76836,578.0,4712.634671,0.2156426106,340.0,0.0,0.0,289.0,4423.634671,0.0,0.0
173,spread_matched,35.48065376,-5884.502494,343.0,1700.457348,0.2283785251,90.0,0.0,0.0,335.0435262,1365.413822,0.0,0.0
173,skew_only,49.78097371,-8085.416101,577.0,-1345.607566,-0.1649705733,160.0,0.0,0.0,286.167802,-1631.775368,0.0,0.0
173,as,38.03217748,-5220.327238,341.0,-389.3512354,-0.07038324239,100.0,0.0,0.0,331.3870076,-720.738243,0.0,0.0
174,fixed,149.141175,-8227.414266,601.0,-6378.631572,-1.533254671,500.0,0.0,0.0,300.5,-6679.131572,0.0,0.0
174,spread_matched,123.6341168,-5664.380059,371.0,-5097.05424,-1.588097989,400.0,0.0,0.0,362.3940181,-5459.448258,0.0,0.0
174,skew_only,88.54693162,-3908.094512,602.0,-2507.747136,-1.177514757,210.0,0.0,0.0,298.780482,-2806.527618,0.0,0.0
174,as,66.23183941,-4082.807214,372.0,-3440.259603,-1.58273084,180.0,0.0,0.0,361.9824243,-3802.242027,0.0,0.0
175,fixed,183.7556978,-99613.27173,584.0,-68728.17138,-1.717439693,600.0,0.0,0.0,292.0,-69020.17138,0.0,0.0
175,spread_matched,55.17940231,-37345.47847,375.0,-23710.79091,-1.312497239,210.0,0.0,0.0,366.3012313,-24077.09214,0.0,0.0
175,skew_only,92.5493442,-47242.41599,582.0,-39634.42356,-2.276029655,290.0,0.0,0.0,289.654956,-39924.07852,0.0,0.0
175,as,48.1376908,-24725.26325,374.0,-17971.19492,-1.603488401,160.0,0.0,0.0,363.7147,-18334.90962,0.0,0.0
176,fixed,73.01074057,-11664.76631,607.0,-10414.17706,-2.069577643,250.0,0.0,0.0,303.5,-10717.67706,0.0,0.0
176,spread_matched,67.61561044,-9261.118113,369.0,-5386.052801,-1.253684165,140.0,0.0,0.0,360.4404116,-5746.493212,0.0,0.0
176,skew_only,59.06859656,-5890.533458,602.0,-2914.579806,-0.9502582662,150.0,0.0,0.0,298.348426,-3212.928232,0.0,0.0
176,as,41.79711263,-5654.347282,368.0,-2548.876143,-0.819386173,110.0,0.0,0.0,357.6309003,-2906.507043,0.0,0.0
177,fixed,118.218049,-24856.06827,608.0,-14419.07834,-0.965666486,270.0,0.0,0.0,304.0,-14723.07834,0.0,0.0
177,spread_matched,112.7437763,-14968.8832,376.0,-2074.797938,-0.1371513509,310.0,0.0,0.0,367.2780346,-2442.075973,0.0,0.0
177,skew_only,58.03679329,-11949.17981,612.0,-3261.481079,-0.3485957864,160.0,0.0,0.0,303.530314,-3565.011393,0.0,0.0
177,as,45.69987304,-5051.683671,368.0,5811.009387,0.7128423573,170.0,0.0,0.0,358.0472875,5452.962099,0.0,0.0
178,fixed,88.71242526,-22816.99893,570.0,19411.04069,0.630994753,260.0,0.0,0.0,285.0,19126.04069,0.0,0.0
178,spread_matched,74.9605703,-13881.41617,356.0,12899.25768,0.6040482742,230.0,0.0,0.0,347.7419689,12551.51571,0.0,0.0
178,skew_only,56.24500653,-14773.48862,575.0,4767.637643,0.279300999,170.0,0.0,0.0,284.999208,4482.638435,0.0,0.0
178,as,53.03487976,-13075.27877,357.0,5533.203098,0.3428515317,160.0,0.0,0.0,347.1950539,5186.008044,0.0,0.0
179,fixed,75.63264055,-23461.09888,551.0,9129.507978,0.5958272821,310.0,0.0,0.0,275.5,8854.007978,0.0,0.0
179,spread_matched,44.24700576,-12581.74609,341.0,2794.98348,0.3574136837,120.0,0.0,0.0,333.0899196,2461.893561,0.0,0.0
179,skew_only,32.51265352,-14460.99796,550.0,-218.6022882,-0.02557246433,120.0,0.0,0.0,272.398338,-491.0006262,0.0,0.0
179,as,36.49579565,-8970.008676,343.0,753.348699,0.1344582454,100.0,0.0,0.0,333.3241966,420.0245024,0.0,0.0
180,fixed,42.81824583,-7464.024693,564.0,8329.916297,1.32041147,150.0,0.0,0.0,282.0,8047.916297,0.0,0.0
180,spread_matched,57.92425633,-9296.667643,366.0,11187.90652,1.280683391,270.0,0.0,0.0,357.5100017,10830.39651,0.0,0.0
180,skew_only,44.91154728,-6639.775861,566.0,557.7042625,0.1490537868,120.0,0.0,0.0,280.347732,277.3565305,0.0,0.0
180,as,37.53790584,-7450.869569,372.0,2205.354117,0.3990354336,110.0,0.0,0.0,361.5771431,1843.776974,0.0,0.0
181,fixed,99.95317623,-50238.69931,586.0,26394.20543,0.4789855718,420.0,0.0,0.0,293.0,26101.20543,0.0,0.0
181,spread_matched,100.0402618,-46400.00763,370.0,19345.73075,0.3980639366,360.0,0.0,0.0,361.4172149,18984.31353,0.0,0.0
181,skew_only,41.74228571,-16739.01856,585.0,-1549.224606,-0.09696433323,150.0,0.0,0.0,289.884864,-1839.10947,0.0,0.0
181,as,44.37099553,-21278.8934,376.0,2605.542466,0.1268155958,170.0,0.0,0.0,365.8431106,2239.699356,0.0,0.0
182,fixed,101.4119235,-20133.80129,574.0,-13210.44384,-1.145892386,250.0,0.0,0.0,287.0,-13497.44384,0.0,0.0
182,spread_matched,55.80154076,-13102.38262,364.0,-9181.94911,-1.483396216,140.0,0.0,0.0,355.5563952,-9537.505505,0.0,0.0
182,skew_only,94.26294201,-12201.37091,573.0,-6774.910781,-0.9129675935,260.0,0.0,0.0,284.504718,-7059.415499,0.0,0.0
182,as,53.23094776,-12130.72804,367.0,-7714.006827,-1.363427713,140.0,0.0,0.0,356.7855413,-8070.792368,0.0,0.0
183,fixed,90.16688472,-44720.19493,587.0,-13913.3084,-0.4071660839,190.0,0.0,0.0,293.5,-14206.8084,0.0,0.0
183,spread_matched,48.15136001,-19632.71659,363.0,-11578.89241,-0.9548944201,160.0,0.0,0.0,354.5795919,-11933.472,0.0,0.0
183,skew_only,53.11401322,-20097.73636,580.0,-14797.74951,-0.970835933,130.0,0.0,0.0,287.366958,-15085.11647,0.0,0.0
183,as,37.24591876,-10341.50946,369.0,-5341.726268,-0.6241667091,100.0,0.0,0.0,358.5934152,-5700.319683,0.0,0.0
184,fixed,59.9779332,-13858.48623,531.0,-12193.05157,-0.9872778945,200.0,0.0,0.0,265.5,-12458.55157,0.0,0.0
184,spread_matched,55.04356962,-12707.14794,328.0,-9166.382875,-0.9635988843,140.0,0.0,0.0,320.391477,-9486.774352,0.0,0.0
184,skew_only,50.0972693,-15228.00891,528.0,-14309.27749,-1.790470956,130.0,0.0,0.0,261.535554,-14570.81305,0.0,0.0
184,as,51.13889322,-11333.3134,323.0,-7599.708811,-0.801405925,120.0,0.0,0.0,313.9567729,-7913.665584,0.0,0.0
185,fixed,100.7597684,-224544.3671,562.0,-66778.80012,-0.427572191,290.0,0.0,0.0,281.0,-67059.80012,0.0,0.0
185,spread_matched,122.7973314,-276673.2311,373.0,-56920.78978,-0.2789533955,360.0,0.0,0.0,364.3476247,-57285.13741,0.0,0.0
185,skew_only,68.19489394,-125933.8434,565.0,-39259.29826,-0.4091392468,200.0,0.0,0.0,280.488786,-39539.78704,0.0,0.0
185,as,82.01770291,-161461.7145,372.0,-41715.45096,-0.3466669584,230.0,0.0,0.0,362.6424955,-42078.09345,0.0,0.0
186,fixed,80.67149335,-1025613.946,582.0,-194769.6856,-0.3183567621,370.0,0.0,0.0,291.0,-195060.6856,0.0,0.0
186,spread_matched,41.17851279,-277156.9893,375.0,-151802.8038,-1.131213379,120.0,0.0,0.0,366.3012313,-152169.105,0.0,0.0
186,skew_only,59.50274648,-407638.2246,584.0,-280760.3632,-1.367015553,180.0,0.0,0.0,289.361758,-281049.725,0.0,0.0
186,as,41.66384481,-277882.5763,378.0,-154724.6814,-1.170133324,110.0,0.0,0.0,367.3158571,-155091.9973,0.0,0.0
187,fixed,75.39028764,-38107.8954,542.0,-23127.22249,-0.7600846154,190.0,0.0,0.0,271.0,-23398.22249,0.0,0.0
187,spread_matched,54.09864911,-68744.3144,337.0,-34152.26951,-0.753361343,220.0,0.0,0.0,329.1827065,-34481.45221,0.0,0.0
187,skew_only,70.99530689,-9062.626362,548.0,763.9227773,0.05546820306,230.0,0.0,0.0,271.770056,492.1527213,0.0,0.0
187,as,39.12206251,-34545.31017,336.0,-11921.36606,-0.4684369554,110.0,0.0,0.0,326.6288599,-12247.99492,0.0,0.0
188,fixed,60.0093496,-2909.000763,599.0,2004.584146,0.4173015902,230.0,0.0,0.0,299.5,1705.084146,0.0,0.0
188,spread_matched,38.96021761,-2824.224711,378.0,913.1785505,0.2787066433,110.0,0.0,0.0,369.2316411,543.9469094,0.0,0.0
188,skew_only,55.47326242,-2296.8919,604.0,938.7517274,0.254469859,200.0,0.0,0.0,299.461302,639.2904254,0.0,0.0
188,as,35.92247807,-3114.243482,379.0,691.0683733,0.217645293,100.0,0.0,0.0,368.3366973,322.731676,0.0,0.0
189,fixed,117.9390826,-26568.96389,576.0,74490.71441,2.121472584,330.0,0.0,0.0,288.0,74202.71441,0.0,0.0
189,spread_matched,51.31713538,-47831.24515,355.0,25097.56129,0.6875612931,160.0,0.0,0.0,346.7651656,24750.79613,0.0,0.0
189,skew_only,66.4962681,-53022.88471,571.0,28601.01599,0.7249929859,240.0,0.0,0.0,283.20878,28317.80721,0.0,0.0
189,as,44.41230442,-33384.77753,354.0,12546.18627,0.4778567408,130.0,0.0,0.0,344.0811663,12202.1051,0.0,0.0
190,fixed,71.40137236,-74807.92886,607.0,-22459.32887,-0.2390604732,200.0,0.0,0.0,303.5,-22762.82887,0.0,0.0
190,spread_matched,73.66703452,-94532.92177,368.0,-20555.73408,-0.1868975314,200.0,0.0,0.0,359.4636083,-20915.19769,0.0,0.0
190,skew_only,56.50716308,-50323.06755,609.0,-11835.67911,-0.177826808,140.0,0.0,0.0,301.86826,-12137.54737,0.0,0.0
190,as,66.58337924,-94739.91956,374.0,-40564.62354,-0.4673883565,150.0,0.0,0.0,363.7305943,-40928.35413,0.0,0.0
191,fixed,53.6573968,-4472.505152,595.0,-4346.459003,-2.586339442,190.0,0.0,0.0,297.5,-4643.959003,0.0,0.0
191,spread_matched,45.15906996,-3813.872688,390.0,-3659.994199,-2.278641893,220.0,0.0,0.0,380.9532805,-4040.947479,0.0,0.0
191,skew_only,46.86699895,-3081.295812,600.0,-2399.161965,-2.314630519,130.0,0.0,0.0,297.220288,-2696.382253,0.0,0.0
191,as,31.38758474,-2937.882806,389.0,-2412.559593,-2.346382055,110.0,0.0,0.0,378.0264606,-2790.586053,0.0,0.0
192,fixed,85.16208517,-8365.199902,598.0,16994.32213,1.435550481,430.0,0.0,0.0,299.0,16695.32213,0.0,0.0
192,spread_matched,79.13168134,-7422.576835,366.0,9947.33224,1.080951876,340.0,0.0,0.0,357.5100017,9589.822238,0.0,0.0
192,skew_only,71.42368066,-2727.783478,596.0,10656.47948,2.279360591,240.0,0.0,0.0,295.667672,10360.81181,0.0,0.0
192,as,52.047828,-2890.712307,366.0,6636.771363,1.74696185,180.0,0.0,0.0,355.9752957,6280.796068,0.0,0.0
193,fixed,109.789959,-45846.41999,600.0,142133.3545,1.99015708,220.0,0.0,0.0,300.0,141833.3545,0.0,0.0
193,spread_matched,100.6093478,-48358.66311,364.0,117285.0006,1.581754484,290.0,0.0,0.0,355.5563952,116929.4442,0.0,0.0
193,skew_only,56.93303216,-66295.17033,592.0,65183.57724,1.100538984,150.0,0.0,0.0,293.44186,64890.13538,0.0,0.0
193,as,69.53364532,-33698.07995,362.0,95685.2788,1.703949048,220.0,0.0,0.0,352.4701071,95332.8087,0.0,0.0
194,fixed,105.8565695,-88621.65915,584.0,74535.07778,0.6735481504,330.0,0.0,0.0,292.0,74243.07778,0.0,0.0
194,spread_matched,87.96195222,-330643.4615,366.0,109669.8496,0.3757368443,340.0,0.0,0.0,357.5100017,109312.3396,0.0,0.0
194,skew_only,92.84509575,-126028.7092,581.0,-10684.9824,-0.08198025871,290.0,0.0,0.0,288.51164,-10973.49404,0.0,0.0
194,as,34.12411909,-72174.02718,371.0,44005.15559,0.5892174745,140.0,0.0,0.0,360.9482927,43644.20729,0.0,0.0
195,fixed,92.21236481,-5955.236812,581.0,10968.22646,1.412506518,250.0,0.0,0.0,290.5,10677.72646,0.0,0.0
195,spread_matched,92.0330711,-5575.458884,371.0,9179.805075,1.146049281,340.0,0.0,0.0,362.3940181,8817.411057,0.0,0.0
195,skew_only,94.0098431,-4807.911171,580.0,11055.71618,1.597867213,300.0,0.0,0.0,288.087134,10767.62904,0.0,0.0
195,as,88.68403771,-4436.494238,372.0,9822.942937,1.525218181,270.0,0.0,0.0,362.1874386,9460.755498,0.0,0.0
196,fixed,57.86513955,-48311.10529,553.0,3345.913244,0.1175514861,250.0,0.0,0.0,276.5,3069.413244,0.0,0.0
196,spread_matched,48.59032826,-45670.74037,350.0,3435.685545,0.1237261673,240.0,0.0,0.0,341.8811492,3093.804396,0.0,0.0
196,skew_only,57.45854261,-24753.678,551.0,4185.212484,0.3025588817,150.0,0.0,0.0,273.222408,3911.990076,0.0,0.0
196,as,42.00147802,-18343.26773,349.0,3350.956714,0.3102476544,120.0,0.0,0.0,339.3024479,3011.654266,0.0,0.0
197,fixed,143.2827798,-6874.513057,598.0,110.3375024,0.01221647166,430.0,0.0,0.0,299.0,-188.6624976,0.0,0.0
197,spread_matched,48.74010156,-5921.345893,365.0,-245.8063533,-0.0447543573,190.0,0.0,0.0,356.5331984,-602.3395517,0.0,0.0
197,skew_only,106.8827953,-6010.164146,595.0,-356.9120941,-0.04678501067,380.0,0.0,0.0,295.98668,-652.8987741,0.0,0.0
197,as,49.26641822,-2152.108163,367.0,-11.55141122,-0.00370247205,150.0,0.0,0.0,356.69957,-368.2509812,0.0,0.0
198,fixed,58.38303096,-3560.638645,553.0,-2093.198133,-0.8520137794,220.0,0.0,0.0,276.5,-2369.698133,0.0,0.0
198,spread_matched,49.69428474,-2525.664005,350.0,-1516.218165,-0.8854962361,120.0,0.0,0.0,341.8811492,-1858.099314,0.0,0.0
198,skew_only,50.56727634,-2130.419964,560.0,632.6920967,0.3262846617,150.0,0.0,0.0,277.42271,355.2693867,0.0,0.0
198,as,44.547159,-2088.664801,352.0,-312.7495811,-0.2083056359,110.0,0.0,0.0,342.0809147,-654.8304957,0.0,0.0
199,fixed,49.95467921,-65143.49552,539.0,-6290.443119,-0.1973276427,200.0,0.0,0.0,269.5,-6559.943119,0.0,0.0
199,spread_matched,63.77151526,-59889.69432,340.0,7066.826931,0.217188123,260.0,0.0,0.0,332.1131164,6734.713814,0.0,0.0
199,skew_only,39.57862837,-30929.87476,541.0,-16873.71429,-1.137238359,120.0,0.0,0.0,267.959298,-17141.67358,0.0,0.0
199,as,40.84582838,-13470.09885,341.0,-2583.425243,-0.3242629103,170.0,0.0,0.0,331.5248864,-2914.95013,0.0,0.0
200,fixed,61.78507677,-4110.120892,621.0,368.00175,0.05913107427,190.0,0.0,0.0,310.5,57.50175004,0.0,0.0
200,spread_matched,60.80976592,-3962.661241,400.0,84.80034527,0.01518581214,180.0,0.0,0.0,390.7213134,-305.9209681,0.0,0.0
200,skew_only,61.42780998,-3953.809132,633.0,-2473.936414,-0.6204117183,130.0,0.0,0.0,313.85023,-2787.786644,0.0,0.0
200,as,56.37772879,-3928.855058,400.0,-2552.540742,-0.7114302748,120.0,0.0,0.0,388.8841344,-2941.424876,0.0,0.0
201,fixed,99.12504779,-265071.5958,613.0,-202469.6644,-1.080351912,410.0,0.0,0.0,306.5,-202776.1644,0.0,0.0
201,spread_matched,57.23638339,-133791.1917,376.0,-89695.37147,-0.8395271016,190.0,0.0,0.0,367.2780346,-90062.64951,0.0,0.0
201,skew_only,70.16449797,-60166.70951,611.0,-8210.012009,-0.1256805512,200.0,0.0,0.0,302.9352,-8512.947209,0.0,0.0
201,as,31.1778454,-36549.80124,380.0,-24536.80784,-0.7987825413,110.0,0.0,0.0,369.1809317,-24905.98877,0.0,0.0
202,fixed,70.91365443,-2261.423355,598.0,1496.478142,0.8880695495,220.0,0.0,0.0,299.0,1197.478142,0.0,0.0
202,spread_matched,47.17896115,-2026.666029,365.0,2117.829922,0.9803619812,110.0,0.0,0.0,356.5331984,1761.296723,0.0,0.0
202,skew_only,69.43154257,-2052.192319,604.0,1269.457785,0.8621084654,210.0,0.0,0.0,299.62815,969.829635,0.0,0.0
202,as,41.52570952,-1919.58404,367.0,1562.120152,0.7862056383,100.0,0.0,0.0,356.6656077,1205.454545,0.0,0.0
203,fixed,42.18246051,-19250.67289,580.0,-11034.63403,-0.8262952531,170.0,0.0,0.0,290.0,-11324.63403,0.0,0.0
203,spread_matched,31.22159764,-6347.974298,358.0,-2945.808146,-0.5485293203,110.0,0.0,0.0,349.6955755,-3295.503721,0.0,0.0
203,skew_only,36.36008766,-7164.604623,586.0,-2133.502392,-0.3716115652,90.0,0.0,0.0,290.20612,-2423.708512,0.0,0.0
203,as,34.9020063,-4330.226392,356.0,3155.345159,0.8469720375,90.0,0.0,0.0,345.9121823,2809.432976,0.0,0.0
204,fixed,52.51253987,-16368.29127,589.0,1553.260832,0.08327851549,260.0,0.0,0.0,294.5,1258.760832,0.0,0.0
204,spread_matched,106.3457275,-26584.02413,390.0,-3647.895224,-0.1193919407,320.0,0.0,0.0,380.9532805,-4028.848504,0.0,0.0
204,skew_only,50.63303665,-7708.346976,584.0,1529.749156,0.2233255341,120.0,0.0,0.0,289.342644,1240.406512,0.0,0.0
204,as,67.32687024,-13457.1427,393.0,-263.6828574,-0.01501392247,200.0,0.0,0.0,382.6734148,-646.3562721,0.0,0.0
205,fixed,170.8176463,-691893.7045,582.0,-66215.11191,-0.1249790986,630.0,0.0,0.0,291.0,-66506.11191,0.0,0.0
205,spread_matched,174.9153623,-750203.6853,356.0,-63606.66168,-0.112231434,630.0,0.0,0.0,347.7419689,-63954.40364,0.0,0.0
205,skew_only,61.56601198,-169277.2084,581.0,13915.01793,0.0861420917,220.0,0.0,0.0,288.618052,13626.39987,0.0,0.0
205,as,60.09471916,-291587.6525,359.0,-54792.12758,-0.2585230692,270.0,0.0,0.0,350.736853,-55142.86444,0.0,0.0
206,fixed,135.0488948,-10722.87551,566.0,-2752.767132,-0.1922464219,410.0,0.0,0.0,283.0,-3035.767132,0.0,0.0
206,spread_matched,83.36383383,-8118.973718,344.0,-1045.055397,-0.1160017779,260.0,0.0,0.0,336.0203295,-1381.075726,0.0,0.0
206,skew_only,60.70848165,-7173.292196,567.0,-172.7638712,-0.02377298052,200.0,0.0,0.0,281.590014,-454.3538852,0.0,0.0
206,as,54.72167138,-5528.811343,335.0,-303.3450567,-0.04910925513,170.0,0.0,0.0,326.0759046,-629.4209614,0.0,0.0
207,fixed,68.56723987,-11993.52313,544.0,-1142.245561,-0.08945331347,210.0,0.0,0.0,272.0,-1414.245561,0.0,0.0
207,spread_matched,104.7158181,-14790.69249,336.0,25203.8688,1.026904588,300.0,0.0,0.0,328.2059032,24875.6629,0.0,0.0
207,skew_only,55.54416959,-9871.031357,550.0,-1520.587723,-0.1404694119,190.0,0.0,0.0,272.596748,-1793.184471,0.0,0.0
207,as,54.21124347,-6340.549129,342.0,14208.11258,1.08916353,190.0,0.0,0.0,332.873187,13875.2394,0.0,0.0
208,fixed,215.9440388,-49258.62776,557.0,-32906.63067,-1.078062976,680.0,0.0,0.0,278.5,-33185.13067,0.0,0.0
208,spread_matched,101.203807,-17639.1061,344.0,-11485.13944,-0.9715207465,360.0,0.0,0.0,336.0203295,-11821.15977,0.0,0.0
208,skew_only,71.83622707,-15612.99763,557.0,-7917.919963,-0.7022456254,280.0,0.0,0.0,277.00794,-8194.927903,0.0,0.0
208,as,67.69090075,-11861.16665,342.0,-5455.897036,-0.6178073907,260.0,0.0,0.0,333.2305715,-5789.127607,0.0,0.0
209,fixed,76.98235788,-201390.2155,580.0,-85939.75793,-0.5489119785,260.0,0.0,0.0,290.0,-86229.75793,0.0,0.0
209,spread_matched,38.28922531,-55740.0153,356.0,109993.2311,1.532077747,140.0,0.0,0.0,347.7419689,109645.4891,0.0,0.0
209,skew_only,49.15932643,-98178.43367,582.0,-61644.75402,-0.7216132923,160.0,0.0,0.0,288.476736,-61933.23075,0.0,0.0
209,as,34.80441575,-35820.24751,361.0,57838.34637,1.417107514,90.0,0.0,0.0,350.7118455,57487.63453,0.0,0.0
210,fixed,58.8298871,-3991.872447,567.0,-241.7011103,-0.0657690517,190.0,0.0,0.0,283.5,-525.2011103,0.0,0.0
210,spread_matched,49.24464495,-3598.172454,341.0,5640.72793,1.422080769,150.0,0.0,0.0,333.0899196,5307.63801,0.0,0.0
210,skew_only,53.2320202,-3189.18452,570.0,-266.8729073,-0.08422739151,150.0,0.0,0.0,282.399264,-549.2721713,0.0,0.0
210,as,47.75267405,-3423.546293,342.0,5464.885633,1.589393069,120.0,0.0,0.0,332.4237164,5132.461917,0.0,0.0
211,fixed,114.1009655,-3707.065848,605.0,5988.376911,0.9786147756,500.0,0.0,0.0,302.5,5685.876911,0.0,0.0
211,spread_matched,122.9495936,-4689.127388,373.0,8804.416088,1.177682087,520.0,0.0,0.0,364.3476247,8440.068463,0.0,0.0
211,skew_only,79.51432968,-2918.796586,604.0,863.009312,0.3076442904,310.0,0.0,0.0,300.058356,562.950956,0.0,0.0
211,as,81.57887839,-2372.556458,379.0,3857.623055,1.187942386,340.0,0.0,0.0,369.5579739,3488.065081,0.0,0.0
212,fixed,43.71778581,-19092.77408,575.0,-16629.41622,-1.226105266,130.0,0.0,0.0,287.5,-16916.91622,0.0,0.0
212,spread_matched,64.8411708,-32157.489,377.0,-15286.54078,-0.5633279534,180.0,0.0,0.0,368.2548378,-15654.79562,0.0,0.0
212,skew_only,38.30357555,-19351.74126,577.0,-2893.242631,-0.1548964337,110.0,0.0,0.0,285.659526,-3178.902157,0.0,0.0
212,as,41.50598048,-26016.34086,378.0,-11686.80027,-0.5275226304,100.0,0.0,0.0,367.3659245,-12054.16619,0.0,0.0
213,fixed,75.87542833,-20755.58076,593.0,9034.787282,0.4893031465,280.0,0.0,0.0,296.5,8738.287282,0.0,0.0
213,spread_matched,48.90681988,-11812.36082,390.0,10642.77073,0.8342416138,200.0,0.0,0.0,380.9532805,10261.81745,0.0,0.0
213,skew_only,56.39123247,-6738.698601,596.0,-35.36368715,-0.005112438368,190.0,0.0,0.0,295.483906,-330.8475932,0.0,0.0
213,as,43.44687734,-12975.87797,388.0,1431.474248,0.1665164806,120.0,0.0,0.0,377.0864425,1054.387805,0.0,0.0
214,fixed,110.4390402,-23474.71289,579.0,6787.925622,0.3180055123,320.0,0.0,0.0,289.5,6498.425622,0.0,0.0
214,spread_matched,37.91959598,-11781.14198,361.0,-3075.716315,-0.4568965149,100.0,0.0,0.0,352.6259853,-3428.3423,0.0,0.0
214,skew_only,69.57052249,-14587.0732,578.0,4280.167975,0.3116230612,220.0,0.0,0.0,286.820574,3993.347401,0.0,0.0
214,as,40.56027396,-11917.43099,364.0,-527.8317592,-0.06628425478,120.0,0.0,0.0,353.7505644,-881.5823236,0.0,0.0
215,fixed,49.05347576,-9399.272977,564.0,2714.001816,0.2224120958,180.0,0.0,0.0,282.0,2432.001816,0.0,0.0
215,spread_matched,103.0253647,-21596.72091,359.0,7338.412377,0.2780664722,320.0,0.0,0.0,350.6723787,6987.739999,0.0,0.0
215,skew_only,51.84823638,-10912.35282,566.0,-268.1737126,-0.02974585273,140.0,0.0,0.0,280.485524,-548.6592366,0.0,0.0
215,as,81.35021512,-16299.24682,356.0,6856.855282,0.3265855855,270.0,0.0,0.0,346.8573123,6509.99797,0.0,0.0
216,fixed,62.02266602,-17194.54849,542.0,-12095.50222,-1.307547436,170.0,0.0,0.0,271.0,-12366.50222,0.0,0.0
216,spread_matched,43.48969515,-12166.92967,319.0,-10781.11333,-2.092353704,180.0,0.0,0.0,311.6002474,-11092.71358,0.0,0.0
216,skew_only,50.2976675,-9646.928629,544.0,-6024.428859,-1.12294038,120.0,0.0,0.0,269.676216,-6294.105075,0.0,0.0
216,as,26.38955807,-8201.151652,319.0,-7415.388683,-2.024219726,100.0,0.0,0.0,310.1199371,-7725.50862,0.0,0.0
217,fixed,167.5122283,-46801.69424,557.0,-28274.49499,-1.147555744,370.0,0.0,0.0,278.5,-28552.99499,0.0,0.0
217,spread_matched,61.84594745,-15613.50317,337.0,-10382.21522,-0.9808899844,180.0,0.0,0.0,329.1827065,-10711.39792,0.0,0.0
217,skew_only,125.4515648,-34428.51881,548.0,-21744.23291,-1.131408352,290.0,0.0,0.0,273.37963,-22017.61254,0.0,0.0
217,as,60.32962519,-17340.31456,337.0,-9280.86969,-1.031646178,130.0,0.0,0.0,327.6057791,-9608.475469,0.0,0.0
218,fixed,60.16395359,-3204.061268,615.0,975.0907118,0.3924740318,200.0,0.0,0.0,307.5,667.5907118,0.0,0.0
218,spread_matched,97.86624022,-2425.36424,381.0,3151.480957,1.220054851,340.0,0.0,0.0,372.162051,2779.318906,0.0,0.0
218,skew_only,45.17671188,-559.0517407,620.0,2482.14035,2.213061147,130.0,0.0,0.0,307.093068,2175.047282,0.0,0.0
218,as,30.85059764,-640.5640499,387.0,2906.945677,2.704154498,120.0,0.0,0.0,376.2723506,2530.673327,0.0,0.0
219,fixed,59.25247484,-15873.17302,561.0,-6694.446555,-0.49109065,170.0,0.0,0.0,280.5,-6974.946555,0.0,0.0
219,spread_matched,74.61780568,-55123.67792,340.0,-11213.43348,-0.2448315645,300.0,0.0,0.0,332.1131164,-11545.5466,0.0,0.0
219,skew_only,61.48016265,-24302.35686,562.0,-2139.515086,-0.1307999918,170.0,0.0,0.0,278.533678,-2418.048764,0.0,0.0
219,as,50.23225657,-26793.17389,338.0,-583.2317419,-0.02696342189,190.0,0.0,0.0,328.7493486,-911.9810905,0.0,0.0
220,fixed,81.89380914,-40585.14429,590.0,-20681.84213,-0.8019216095,230.0,0.0,0.0,295.0,-20976.84213,0.0,0.0
220,spread_matched,30.88030252,-24793.34462,339.0,-11598.71588,-0.7926407378,90.0,0.0,0.0,331.1363131,-11929.85219,0.0,0.0
220,skew_only,46.04330543,-23012.78443,590.0,-7834.099398,-0.4865114019,140.0,0.0,0.0,292.371654,-8126.471052,0.0,0.0
220,as,30.19322439,-16219.20075,345.0,-4486.856048,-0.3716400367,90.0,0.0,0.0,335.1102739,-4821.966321,0.0,0.0
221,fixed,161.4549921,-81995.37168,530.0,-25803.91057,-0.3102747226,570.0,0.0,0.0,265.0,-26068.91057,0.0,0.0
221,spread_matched,127.0305938,-50118.07517,307.0,-18862.83886,-0.3303676746,440.0,0.0,0.0,299.878608,-19162.71747,0.0,0.0
221,skew_only,46.43701574,-22333.3962,522.0,-7005.238421,-0.3402653036,180.0,0.0,0.0,259.38768,-7264.626101,0.0,0.0
221,as,57.09442382,-23286.41239,312.0,-10374.70933,-0.5018731889,210.0,0.0,0.0,303.9095235,-10678.61886,0.0,0.0
222,fixed,284.5332809,-7288.090329,599.0,39398.35721,2.313709596,750.0,0.0,0.0,299.5,39098.85721,0.0,0.0
222,spread_matched,165.633711,-4265.287827,361.0,23877.01313,2.24227883,440.0,0.0,0.0,352.6259853,23524.38715,0.0,0.0
222,skew_only,84.34809693,-4584.574107,609.0,20653.0282,2.222829906,260.0,0.0,0.0,302.944812,20350.08339,0.0,0.0
222,as,89.70486073,-4560.210763,376.0,19991.04281,2.205480896,280.0,0.0,0.0,367.5226451,19623.52016,0.0,0.0
223,fixed,148.1949627,-152236.7905,583.0,5720.218353,0.03830801229,510.0,0.0,0.0,291.5,5428.718353,0.0,0.0
223,spread_matched,83.57247321,-90176.88225,358.0,10402.3479,0.1115893938,330.0,0.0,0.0,349.6955755,10052.65232,0.0,0.0
223,skew_only,77.99526342,-73668.37926,581.0,12528.44576,0.1710105137,270.0,0.0,0.0,288.609198,12239.83656,0.0,0.0
223,as,57.43709358,-53667.53977,358.0,10827.04627,0.1945967234,220.0,0.0,0.0,348.3109086,10478.73536,0.0,0.0
224,fixed,80.71886312,-10139.30563,592.0,5415.155404,0.6211572145,190.0,0.0,0.0,296.0,5119.155404,0.0,0.0
224,spread_matched,100.1787858,-14116.71837,372.0,14363.9837,1.185355712,230.0,0.0,0.0,363.3708214,14000.61288,0.0,0.0
224,skew_only,54.84054117,-6483.132892,593.0,508.055288,0.0864600777,140.0,0.0,0.0,293.894782,214.160506,0.0,0.0
224,as,57.5097181,-12513.8475,375.0,9601.395835,0.9928441216,160.0,0.0,0.0,364.8682001,9236.527635,0.0,0.0
225,fixed,73.02150559,-38197.73521,578.0,5089.822975,0.1756045885,240.0,0.0,0.0,289.0,4800.822975,0.0,0.0
225,spread_matched,56.26872254,-18005.66929,346.0,9196.590425,0.6827302413,180.0,0.0,0.0,337.9739361,8858.616489,0.0,0.0
225,skew_only,69.95370137,-20434.86887,585.0,14507.43774,0.8181207771,160.0,0.0,0.0,290.028292,14217.40945,0.0,0.0
225,as,52.77241513,-9607.838777,348.0,8755.856638,0.7953376405,130.0,0.0,0.0,338.2589709,8417.597668,0.0,0.0
226,fixed,187.8061224,-137791.8151,560.0,135234.5796,0.9158082678,600.0,0.0,0.0,280.0,134954.5796,0.0,0.0
226,spread_matched,123.2237168,-101737.9308,343.0,79231.71488,0.8028881989,470.0,0.0,0.0,335.0435262,78896.67135,0.0,0.0
226,skew_only,75.78558256,-52985.3541,559.0,48776.7479,0.7407442275,270.0,0.0,0.0,277.935244,48498.81266,0.0,0.0
226,as,79.97724451,-59141.01603,346.0,46092.72352,0.8062782133,320.0,0.0,0.0,337.2762386,45755.44728,0.0,0.0
227,fixed,96.41467573,-3912.06639,569.0,822.3180214,0.20788269,250.0,0.0,0.0,284.5,537.8180214,0.0,0.0
227,spread_matched,54.70355907,-4680.242609,336.0,2367.664772,0.6166829867,150.0,0.0,0.0,328.2059032,2039.458868,0.0,0.0
227,skew_only,71.07242365,-4429.533593,570.0,-1534.093106,-0.7425296539,220.0,0.0,0.0,282.925054,-1817.01816,0.0,0.0
227,as,58.30446493,-3697.661635,339.0,-49.6934775,-0.01915162893,130.0,0.0,0.0,329.6566496,-379.3501271,0.0,0.0
228,fixed,58.85143053,-20839.86558,602.0,-14382.35129,-1.222635631,320.0,0.0,0.0,301.0,-14683.35129,0.0,0.0
228,spread_matched,44.19787579,-8780.812339,372.0,-4758.159638,-0.9409491169,180.0,0.0,0.0,363.3708214,-5121.530459,0.0,0.0
228,skew_only,41.14869231,-8972.153093,608.0,-5151.702817,-1.152940638,120.0,0.0,0.0,301.187426,-5452.890243,0.0,0.0
228,as,38.5868479,-5640.973385,368.0,-2466.508966,-0.8543193336,120.0,0.0,0.0,357.6670928,-2824.176059,0.0,0.0
229,fixed,45.02502731,-351837.4043,534.0,-157819.3207,-0.6977711431,200.0,0.0,0.0,267.0,-158086.3207,0.0,0.0
229,spread_matched,34.50162425,-107535.9569,323.0,-68237.76291,-0.930378471,100.0,0.0,0.0,315.5074605,-68553.27037,0.0,0.0
229,skew_only,44.42061571,-118810.8116,535.0,-6525.627605,-0.09835689424,130.0,0.0,0.0,264.944238,-6790.571843,0.0,0.0
229,as,37.20386598,-146355.6166,328.0,-17115.98552,-0.2584502165,110.0,0.0,0.0,318.7142956,-17434.69982,0.0,0.0
230,fixed,56.62425314,-10278.07528,575.0,6409.15495,0.7249324647,150.0,0.0,0.0,287.5,6121.65495,0.0,0.0
230,spread_matched,41.99493911,-21654.13683,347.0,4585.094756,0.346361459,210.0,0.0,0.0,338.9507393,4246.144017,0.0,0.0
230,skew_only,50.10756261,-5342.530821,581.0,5881.346314,0.9184442454,130.0,0.0,0.0,287.78771,5593.558604,0.0,0.0
230,as,44.372665,-4343.808786,351.0,10469.1022,1.808306944,110.0,0.0,0.0,341.156837,10127.94536,0.0,0.0
231,fixed,98.43882807,-30307.6033,629.0,-4995.072113,-0.2435086628,350.0,0.0,0.0,314.5,-5309.572113,0.0,0.0
231,spread_matched,49.1094909,-7641.813925,384.0,-17.4666242,-0.002529951518,140.0,0.0,0.0,375.0924608,-392.559085,0.0,0.0
231,skew_only,59.35987059,-10811.47273,624.0,11137.62609,0.9295611363,190.0,0.0,0.0,309.30426,10828.32183,0.0,0.0
231,as,40.33866983,-6896.352507,385.0,532.6585018,0.1026200618,90.0,0.0,0.0,374.0979443,158.5605575,0.0,0.0
232,fixed,167.9897019,-45498.37202,573.0,2809.399912,0.07417631087,530.0,0.0,0.0,286.5,2522.899912,0.0,0.0
232,spread_matched,95.37292299,-22770.62312,348.0,1678.843077,0.08452872259,280.0,0.0,0.0,339.9275426,1338.915534,0.0,0.0
232,skew_only,62.74033086,-16582.80315,568.0,-4637.150495,-0.3429594241,210.0,0.0,0.0,282.398148,-4919.548643,0.0,0.0
232,as,48.97577482,-10684.12547,342.0,-1893.025432,-0.1764869904,180.0,0.0,0.0,333.0249136,-2226.050346,0.0,0.0
233,fixed,175.2309648,-8807.536296,556.0,31981.39664,1.922501995,430.0,0.0,0.0,278.0,31703.39664,0.0,0.0
233,spread_matched,120.3712323,-11879.71129,345.0,13282.99675,0.927019187,230.0,0.0,0.0,336.9971328,12945.99962,0.0,0.0
233,skew_only,73.00889579,-7215.168257,551.0,20223.08418,1.721843346,230.0,0.0,0.0,273.937604,19949.14658,0.0,0.0
233,as,80.52189258,-6632.765118,351.0,16481.94839,1.521315726,230.0,0.0,0.0,341.9130917,16140.03529,0.0,0.0
234,fixed,63.00725288,-4741.036091,520.0,3226.996207,0.5253143915,170.0,0.0,0.0,260.0,2966.996207,0.0,0.0
234,spread_matched,76.89764199,-7822.435393,323.0,141.2558049,0.01573306484,260.0,0.0,0.0,315.5074605,-174.2516556,0.0,0.0
234,skew_only,59.82120954,-5262.291811,521.0,2642.113919,0.5217518189,140.0,0.0,0.0,258.161432,2383.952487,0.0,0.0
234,as,66.9404743,-5807.753273,321.0,826.8910878,0.1305770605,200.0,0.0,0.0,312.252566,514.6385218,0.0,0.0
235,fixed,156.9750598,-11956.43927,580.0,-4615.841528,-0.3018853668,550.0,0.0,0.0,290.0,-4905.841528,0.0,0.0
235,spread_matched,113.3257116,-7612.265086,372.0,3328.646979,0.2880582554,320.0,0.0,0.0,363.3708214,2965.276158,0.0,0.0
235,skew_only,61.7858631,-6781.132797,580.0,-2496.516304,-0.3397394191,270.0,0.0,0.0,287.793516,-2784.30982,0.0,0.0
235,as,70.52386804,-6988.448049,376.0,3817.078943,0.4217155215,200.0,0.0,0.0,366.2006818,3450.878261,0.0,0.0
236,fixed,73.84967417,-49476.82666,584.0,18800.8416,0.3967254793,230.0,0.0,0.0,292.0,18508.8416,0.0,0.0
236,spread_matched,94.5710208,-46749.65547,362.0,3160.778888,0.05755484305,230.0,0.0,0.0,353.6027886,2807.176099,0.0,0.0
236,skew_only,63.25224976,-47866.04441,575.0,33407.82991,0.7269469956,200.0,0.0,0.0,285.192572,33122.63734,0.0,0.0
236,as,78.42899719,-58177.36305,365.0,8432.280434,0.1569743918,200.0,0.0,0.0,355.4285272,8076.851907,0.0,0.0
237,fixed,77.75816559,-11798.1482,545.0,-236.0052596,-0.01902839763,240.0,0.0,0.0,272.5,-508.5052596,0.0,0.0
237,spread_matched,47.56021782,-6293.958424,344.0,3369.384844,0.3845876917,130.0,0.0,0.0,336.0203295,3033.364514,0.0,0.0
237,skew_only,51.64897597,-9425.832177,544.0,655.2869781,0.07831568108,140.0,0.0,0.0,269.580196,385.7067821,0.0,0.0
237,as,45.26394193,-5761.550436,348.0,3461.979729,0.4562234344,110.0,0.0,0.0,338.1806801,3123.799048,0.0,0.0
238,fixed,79.13155689,-8265.906381,607.0,-7161.316158,-2.290520434,330.0,0.0,0.0,303.5,-7464.816158,0.0,0.0
238,spread_matched,97.68413259,-10915.32708,377.0,-10230.48721,-2.152372159,430.0,0.0,0.0,368.2548378,-10598.74205,0.0,0.0
238,skew_only,78.86337349,-4587.167166,610.0,-3125.745175,-1.652844862,230.0,0.0,0.0,302.652984,-3428.398159,0.0,0.0
238,as,75.82679714,-7352.049009,383.0,-6449.440903,-2.197375985,170.0,0.0,0.0,372.8436695,-6822.284573,0.0,0.0
239,fixed,71.0562587,-38192.83055,637.0,-33241.89728,-1.253559749,310.0,0.0,0.0,318.5,-33560.39728,0.0,0.0
239,spread_matched,75.14569475,-30813.78305,394.0,-24570.08309,-1.168078268,330.0,0.0,0.0,384.8604937,-24954.94358,0.0,0.0
239,skew_only,56.55584677,-17933.78313,638.0,-13057.60865,-1.133916038,130.0,0.0,0.0,316.12453,-13373.73318,0.0,0.0
239,as,64.23175625,-19000.6263,396.0,-15017.73993,-1.283695527,160.0,0.0,0.0,385.2150783,-15402.95501,0.0,0.0
240,fixed,83.74472878,-79930.68297,585.0,-27618.03206,-0.6818033652,190.0,0.0,0.0,292.5,-27910.53206,0.0,0.0
240,spread_matched,42.84555649,-9320.2968,362.0,14918.17861,1.005189841,170.0,0.0,0.0,353.6027886,14564.57582,0.0,0.0
240,skew_only,72.61450279,-67630.26985,591.0,-22171.93272,-0.6373591776,160.0,0.0,0.0,293.2116,-22465.14432,0.0,0.0
240,as,40.71796807,-37648.97218,364.0,-5267.216752,-0.2368354719,120.0,0.0,0.0,353.7117782,-5620.92853,0.0,0.0
241,fixed,90.91895661,-28552.01556,596.0,2421.753221,0.1183422235,330.0,0.0,0.0,298.0,2123.753221,0.0,0.0
241,spread_matched,58.64779995,-26571.31128,346.0,5472.39089,0.319809285,280.0,0.0,0.0,337.9739361,5134.416954,0.0,0.0
241,skew_only,75.76658519,-15740.71197,589.0,-7754.260957,-0.7715635578,160.0,0.0,0.0,292.214236,-8046.475193,0.0,0.0
241,as,59.78010518,-13384.30152,345.0,-5541.956498,-0.8578851037,130.0,0.0,0.0,335.4805279,-5877.437025,0.0,0.0
242,fixed,46.5011075,-9073.852967,620.0,-7001.218709,-1.682873038,150.0,0.0,0.0,310.0,-7311.218709,0.0,0.0
242,spread_matched,52.71552438,-4232.234723,378.0,4297.786574,0.8064730534,170.0,0.0,0.0,369.2316411,3928.554933,0.0,0.0
242,skew_only,53.16810412,-5804.240164,624.0,-4217.555454,-1.499189943,140.0,0.0,0.0,309.10799,-4526.663444,0.0,0.0
242,as,57.90681148,-2526.912523,374.0,-1625.861765,-0.6138385882,140.0,0.0,0.0,363.5688544,-1989.430619,0.0,0.0
243,fixed,135.8148845,-468794.5327,563.0,-158132.1525,-0.6615464778,390.0,0.0,0.0,281.5,-158413.6525,0.0,0.0
243,spread_matched,57.20433095,-165878.7911,354.0,-41282.05028,-0.4535849382,160.0,0.0,0.0,345.7883623,-41627.83864,0.0,0.0
243,skew_only,65.14832583,-207099.2514,570.0,-58752.03582,-0.5368272115,200.0,0.0,0.0,282.88679,-59034.92261,0.0,0.0
243,as,53.99787032,-167627.2668,352.0,-44078.9888,-0.483013696,160.0,0.0,0.0,342.2517863,-44421.24059,0.0,0.0
244,fixed,65.55899301,-22554.8921,558.0,3663.817932,0.1677049657,250.0,0.0,0.0,279.0,3384.817932,0.0,0.0
244,spread_matched,53.59799843,-18554.41733,332.0,10566.11904,0.5061037682,240.0,0.0,0.0,324.2986901,10241.82035,0.0,0.0
244,skew_only,40.64751584,-6929.552871,560.0,-1055.48247,-0.141129419,140.0,0.0,0.0,277.339458,-1332.821928,0.0,0.0
244,as,32.67875249,-6371.747797,331.0,6090.036816,0.6978859988,130.0,0.0,0.0,321.6270256,5768.409791,0.0,0.0
245,fixed,146.9379896,-40671.66627,538.0,-28927.04958,-1.424570221,430.0,0.0,0.0,269.0,-29196.04958,0.0,0.0
245,spread_matched,160.0711039,-52182.186,330.0,-32240.82951,-1.19626389,530.0,0.0,0.0,322.3450835,-32563.17459,0.0,0.0
245,skew_only,78.31786513,-22074.88289,542.0,-13718.9402,-1.14670674,250.0,0.0,0.0,269.62445,-13988.56465,0.0,0.0
245,as,79.61581629,-27388.435,331.0,-14522.79075,-0.9460800381,300.0,0.0,0.0,323.6398762,-14846.43062,0.0,0.0
246,fixed,101.2501599,-15966.73026,579.0,-10747.74943,-0.7779065199,220.0,0.0,0.0,289.5,-11037.24943,0.0,0.0
246,spread_matched,111.143145,-30351.65754,342.0,-21620.7332,-1.054254735,340.0,0.0,0.0,334.0667229,-21954.79992,0.0,0.0
246,skew_only,73.93184837,-11832.52786,562.0,-5011.271973,-0.4799317319,180.0,0.0,0.0,278.725324,-5289.997297,0.0,0.0
246,as,45.57610005,-10060.29066,341.0,-5032.648037,-0.5883881242,140.0,0.0,0.0,331.57283,-5364.220867,0.0,0.0
247,fixed,67.10028071,-11165.44768,570.0,6086.944236,0.4688126985,260.0,0.0,0.0,285.0,5801.944236,0.0,0.0
247,spread_matched,57.52772462,-3646.391789,328.0,3450.38538,0.5831072261,170.0,0.0,0.0,320.391477,3129.993903,0.0,0.0
247,skew_only,48.98218426,-4133.45913,567.0,2717.741907,0.6007837945,150.0,0.0,0.0,280.815286,2436.926621,0.0,0.0
247,as,47.42308737,-3377.794167,332.0,2398.621546,0.493883516,120.0,0.0,0.0,322.6265489,2075.994997,0.0,0.0
248,fixed,96.28402617,-288061.5472,567.0,74172.99402,0.3183330085,370.0,0.0,0.0,283.5,73889.49402,0.0,0.0
248,spread_matched,84.99361999,-25610.29949,349.0,110842.1205,1.983411376,280.0,0.0,0.0,340.9043459,110501.2162,0.0,0.0
248,skew_only,81.66680844,-36792.54242,569.0,172522.3908,2.779653375,210.0,0.0,0.0,282.37018,172240.0206,0.0,0.0
248,as,52.95544388,-14360.35321,349.0,83571.55548,2.35677466,180.0,0.0,0.0,339.5606149,83231.99486,0.0,0.0
249,fixed,46.46930992,-15080.00022,645.0,4792.169394,0.2660490348,220.0,0.0,0.0,322.5,4469.669394,0.0,0.0
249,spread_matched,41.42622184,-32421.98079,414.0,-2794.987402,-0.09761828709,200.0,0.0,0.0,404.3965593,-3199.383962,0.0,0.0
249,skew_only,46.47877751,-9334.04384,640.0,1674.31106,0.2065773911,120.0,0.0,0.0,316.982494,1357.328566,0.0,0.0
249,as,43.75210125,-8965.663471,415.0,1771.839657,0.2050588453,140.0,0.0,0.0,403.313185,1368.526472,0.0,0.0
250,fixed,67.48173297,-8687.636682,565.0,1211.167051,0.124188338,240.0,0.0,0.0,282.5,928.6670515,0.0,0.0
250,spread_matched,95.19751003,-11307.16577,335.0,3971.498208,0.2559385739,290.0,0.0,0.0,327.2290999,3644.269108,0.0,0.0
250,skew_only,40.05027829,-6105.571179,575.0,-262.3720254,-0.05479977565,120.0,0.0,0.0,284.81531,-547.1873354,0.0,0.0
250,as,49.05459994,-8095.866781,340.0,3267.14038,0.3835097028,150.0,0.0,0.0,330.7816005,2936.358779,0.0,0.0
251,fixed,81.26729339,-37426.74912,577.0,35769.08283,0.6777567528,340.0,0.0,0.0,288.5,35480.58283,0.0,0.0
251,spread_matched,30.62054212,-13750.17862,344.0,6038.218528,0.4205113367,90.0,0.0,0.0,336.0203295,5702.198198,0.0,0.0
251,skew_only,42.44692573,-8333.273231,576.0,10970.8383,1.273915088,170.0,0.0,0.0,285.408472,10685.42983,0.0,0.0
251,as,22.4862596,-9231.640846,347.0,2509.106114,0.2934660431,70.0,0.0,0.0,337.1801596,2171.925954,0.0,0.0
252,fixed,47.25213687,-9208.355889,614.0,-8068.823005,-2.144223592,210.0,0.0,0.0,307.0,-8375.823005,0.0,0.0
252,spread_matched,36.52102978,-5337.033997,394.0,-3080.809526,-1.270408027,90.0,0.0,0.0,384.8604937,-3465.670019,0.0,0.0
252,skew_only,47.52643928,-5836.852084,613.0,-3793.632762,-1.434161574,140.0,0.0,0.0,303.774206,-4097.406968,0.0,0.0
252,as,40.33567898,-4623.203722,399.0,-1899.175991,-0.8803694067,100.0,0.0,0.0,387.7711048,-2286.947096,0.0,0.0
253,fixed,71.10845322,-285668.4483,561.0,30891.77823,0.09816833757,360.0,0.0,0.0,280.5,30611.27823,0.0,0.0
253,spread_matched,59.39668018,-145613.1745,347.0,-62318.01742,-0.4349217545,190.0,0.0,0.0,338.9507393,-62656.96816,0.0,0.0
253,skew_only,52.66669076,-152719.0126,569.0,-26995.13168,-0.2335247179,200.0,0.0,0.0,282.139336,-27277.27102,0.0,0.0
253,as,52.31682856,-122544.4507,350.0,-59246.94589,-0.5058485318,170.0,0.0,0.0,340.3793067,-59587.3252,0.0,0.0
254,fixed,165.6641225,-25623.41855,603.0,23739.897,0.8968395854,550.0,0.0,0.0,301.5,23438.397,0.0,0.0
254,spread_matched,161.8765097,-21751.12162,385.0,19765.1486,0.8621531067,460.0,0.0,0.0,376.0692641,19389.07934,0.0,0.0
254,skew_only,72.32732523,-10709.76893,608.0,9975.250692,1.001466569,260.0,0.0,0.0,302.213918,9673.036774,0.0,0.0
254,as,71.16907685,-13437.42716,390.0,8168.513315,0.6936343003,240.0,0.0,0.0,380.0964087,7788.416906,0.0,0.0
255,fixed,53.80160473,-3173.329139,550.0,7603.39727,1.14463737,220.0,0.0,0.0,275.0,7328.39727,0.0,0.0
255,spread_matched,32.75979815,-2957.613543,332.0,5957.689857,1.022741185,110.0,0.0,0.0,324.2986901,5633.391167,0.0,0.0
255,skew_only,50.53213899,-2703.040007,559.0,2361.369249,0.8117669553,150.0,0.0,0.0,277.002092,2084.367157,0.0,0.0
255,as,30.91565906,-2117.908564,336.0,1245.535191,0.4716667794,110.0,0.0,0.0,326.4193775,919.1158136,0.0,0.0
256,fixed,123.0412222,-187704.3869,613.0,-69372.53598,-0.3962492727,390.0,0.0,0.0,306.5,-69679.03598,0.0,0.0
256,spread_matched,67.02063082,-137770.533,378.0,-65859.12537,-0.5272369637,270.0,0.0,0.0,369.2316411,-66228.35701,0.0,0.0
256,skew_only,42.2644117,-52223.07423,617.0,-19242.20746,-0.4172346353,150.0,0.0,0.0,305.721432,-19547.92889,0.0,0.0
256,as,27.85004084,-42656.46454,382.0,-33638.73844,-0.7881693902,130.0,0.0,0.0,371.4010952,-34010.13953,0.0,0.0
257,fixed,52.24536845,-11932.84274,596.0,24830.64325,1.18590824,140.0,0.0,0.0,298.0,24532.64325,0.0,0.0
257,spread_matched,46.66170137,-20532.32462,365.0,15738.98566,0.6400593165,150.0,0.0,0.0,356.5331984,15382.45246,0.0,0.0
257,skew_only,50.19633353,-11342.10784,598.0,21860.04932,1.034688837,160.0,0.0,0.0,296.288294,21563.76103,0.0,0.0
257,as,45.05930509,-10430.99046,367.0,16416.5183,0.8509899886,120.0,0.0,0.0,356.7312461,16059.78706,0.0,0.0
258,fixed,45.01323111,-16931.78161,571.0,-9952.851478,-0.8578069723,170.0,0.0,0.0,285.5,-10238.35148,0.0,0.0
258,spread_matched,57.14624663,-15997.84605,357.0,-14233.50286,-1.214016342,190.0,0.0,0.0,348.7187722,-14582.22163,0.0,0.0
258,skew_only,41.33169959,-8450.093741,574.0,-2367.956893,-0.3919723056,110.0,0.0,0.0,284.246824,-2652.203717,0.0,0.0
258,as,52.63019885,-10029.90523,355.0,-9426.148728,-1.166307038,140.0,0.0,0.0,345.0994813,-9771.248209,0.0,0.0
259,fixed,112.7084423,-98916.81972,609.0,60236.14869,0.7947291423,440.0,0.0,0.0,304.5,59931.64869,0.0,0.0
259,spread_matched,64.31594238,-42591.35773,359.0,10591.29955,0.2941664992,220.0,0.0,0.0,350.6723787,10240.62717,0.0,0.0
259,skew_only,70.95283486,-14488.82022,605.0,30853.33473,1.365703637,240.0,0.0,0.0,300.360352,30552.97438,0.0,0.0
259,as,54.94086631,-16853.47663,354.0,-712.5083454,-0.03703815122,150.0,0.0,0.0,344.2321446,-1056.74049,0.0,0.0
260,fixed,173.2616524,-308929.1406,577.0,-172807.5525,-0.7770622857,570.0,0.0,0.0,288.5,-173096.0525,0.0,0.0
260,spread_matched,88.56630095,-134207.8461,366.0,-83204.58834,-0.9180530328,260.0,0.0,0.0,357.5100017,-83562.09834,0.0,0.0
260,skew_only,63.62393511,-114693.5659,587.0,-80518.30828,-0.9135788614,230.0,0.0,0.0,291.72298,-80810.03126,0.0,0.0
260,as,47.93113092,-80128.54179,365.0,-44101.13755,-0.7755980839,170.0,0.0,0.0,355.0080743,-44456.14563,0.0,0.0
261,fixed,72.54420913,-212997.2052,561.0,-11432.02731,-0.07133291942,360.0,0.0,0.0,280.5,-11712.52731,0.0,0.0
261,spread_matched,44.29215252,-37310.33637,345.0,604.0850855,0.02110365157,130.0,0.0,0.0,336.9971328,267.0879528,0.0,0.0
261,skew_only,37.13793699,-45636.05379,554.0,17451.2387,0.4424300975,150.0,0.0,0.0,274.584926,17176.65378,0.0,0.0
261,as,41.74071274,-11921.7833,347.0,14721.84844,0.6864237227,120.0,0.0,0.0,337.2434043,14384.60503,0.0,0.0
262,fixed,89.41949715,-32514.78055,545.0,-17178.19925,-1.328532598,270.0,0.0,0.0,272.5,-17450.69925,0.0,0.0
262,spread_matched,44.35800355,-15732.73089,347.0,-7724.315748,-0.7738229069,150.0,0.0,0.0,338.9507393,-8063.266488,0.0,0.0
262,skew_only,57.83134423,-14226.8745,554.0,-6840.247811,-1.010450596,140.0,0.0,0.0,274.583274,-7114.831085,0.0,0.0
262,as,44.70560752,-13740.15722,343.0,-6918.645855,-1.004494807,110.0,0.0,0.0,333.4100144,-7252.055869,0.0,0.0
263,fixed,107.5636689,-3185.479338,580.0,4951.319775,0.8653542234,370.0,0.0,0.0,290.0,4661.319775,0.0,0.0
263,spread_matched,111.3424491,-3801.410591,361.0,8628.543207,1.055200798,430.0,0.0,0.0,352.6259853,8275.917222,0.0,0.0
263,skew_only,80.10340327,-2276.711862,583.0,4135.997728,1.003198794,280.0,0.0,0.0,289.411776,3846.585952,0.0,0.0
263,as,66.5448131,-2327.633195,362.0,5978.228285,1.442838345,280.0,0.0,0.0,352.5913667,5625.636918,0.0,0.0
264,fixed,61.15102743,-26116.56665,575.0,-11158.66057,-0.7714269454,260.0,0.0,0.0,287.5,-11446.16057,0.0,0.0
264,spread_matched,77.98653986,-35462.02338,354.0,-15683.01696,-0.8381298527,270.0,0.0,0.0,345.7883623,-16028.80532,0.0,0.0
264,skew_only,52.75538341,-16064.61764,584.0,-3241.731932,-0.313072051,190.0,0.0,0.0,289.305998,-3531.03793,0.0,0.0
264,as,54.88325718,-20723.20523,352.0,-5606.520623,-0.4320238498,190.0,0.0,0.0,342.4018443,-5948.922467,0.0,0.0
265,fixed,45.48423902,-15680.85165,584.0,-565.4993614,-0.04193920701,160.0,0.0,0.0,292.0,-857.4993614,0.0,0.0
265,spread_matched,76.03633578,-9091.397115,372.0,-2604.574997,-0.2830739516,180.0,0.0,0.0,363.3708214,-2967.945819,0.0,0.0
265,skew_only,38.88981311,-6623.498101,582.0,-1906.009917,-0.3175187196,110.0,0.0,0.0,288.305864,-2194.315781,0.0,0.0
265,as,60.70485727,-10852.42587,370.0,-360.2718619,-0.04013139452,180.0,0.0,0.0,359.8624033,-720.1342651,0.0,0.0
266,fixed,54.33858076,-13543.27861,575.0,933.8182242,0.08696208019,180.0,0.0,0.0,287.5,646.3182242,0.0,0.0
266,spread_matched,48.22280348,-9089.366133,380.0,4604.453756,0.4238258661,170.0,0.0,0.0,371.1852477,4233.268508,0.0,0.0
266,skew_only,33.18297099,-12453.52397,575.0,-1655.046708,-0.233789098,100.0,0.0,0.0,284.731652,-1939.77836,0.0,0.0
266,as,36.37113691,-7290.350236,380.0,3042.32812,0.4697072647,100.0,0.0,0.0,369.1836659,2673.144455,0.0,0.0
267,fixed,102.555994,-13903.25286,572.0,-9193.522211,-1.517114719,310.0,0.0,0.0,286.0,-9479.522211,0.0,0.0
267,spread_matched,77.78612842,-11925.45122,378.0,-9866.709544,-1.708675246,270.0,0.0,0.0,369.2316411,-10235.94118,0.0,0.0
267,skew_only,49.57483143,-9692.19311,574.0,-3962.539558,-0.9718417048,200.0,0.0,0.0,284.52564,-4247.065198,0.0,0.0
267,as,47.78931927,-8509.275875,376.0,-7159.167563,-1.848262455,180.0,0.0,0.0,365.7245002,-7524.892063,0.0,0.0
268,fixed,67.05359978,-42842.20049,551.0,-34977.05421,-0.7609121679,170.0,0.0,0.0,275.5,-35252.55421,0.0,0.0
268,spread_matched,60.75215353,-45372.77457,331.0,-45034.16549,-1.190162681,200.0,0.0,0.0,323.3218868,-45357.48738,0.0,0.0
268,skew_only,53.28865906,-45957.51467,556.0,-41853.68721,-1.253589617,200.0,0.0,0.0,275.506562,-42129.19377,0.0,0.0
268,as,46.1869841,-45446.18318,329.0,-45107.47877,-1.476352866,160.0,0.0,0.0,319.8015204,-45427.28029,0.0,0.0
269,fixed,61.7294704,-10691.14241,589.0,6170.093702,0.5824856491,150.0,0.0,0.0,294.5,5875.593702,0.0,0.0
269,spread_matched,57.91393946,-4357.801994,345.0,1242.059763,0.2571778713,140.0,0.0,0.0,336.9971328,905.0626305,0.0,0.0
269,skew_only,44.00249174,-3967.521705,598.0,762.0104933,0.1606322607,110.0,0.0,0.0,296.273908,465.7365853,0.0,0.0
269,as,56.51745563,-3675.35156,341.0,1160.477814,0.3139796958,130.0,0.0,0.0,331.6127753,828.8650389,0.0,0.0
270,fixed,90.62041428,-103825.9828,587.0,24663.45707,0.2579092551,240.0,0.0,0.0,293.5,24369.95707,0.0,0.0
270,spread_matched,89.94978705,-100861.6398,364.0,21084.34789,0.2521353219,190.0,0.0,0.0,355.5563952,20728.7915,0.0,0.0
270,skew_only,79.14501626,-82324.26499,593.0,18298.70308,0.2263663556,210.0,0.0,0.0,294.222824,18004.48025,0.0,0.0
270,as,82.55157539,-89639.68234,360.0,24816.3629,0.2859982749,210.0,0.0,0.0,350.4150483,24465.94785,0.0,0.0
271,fixed,84.5875508,-7717.517004,586.0,-5380.162216,-0.9440799835,290.0,0.0,0.0,293.0,-5673.162216,0.0,0.0
271,spread_matched,52.77754825,-4771.911635,382.0,-2198.380497,-0.5858702677,170.0,0.0,0.0,373.1388543,-2571.519351,0.0,0.0
271,skew_only,63.5353014,-6097.191841,588.0,-4503.706581,-1.077564735,190.0,0.0,0.0,291.654282,-4795.360863,0.0,0.0
271,as,38.53504793,-3385.291747,386.0,-1386.381022,-0.4730741928,110.0,0.0,0.0,375.1728349,-1761.553857,0.0,0.0
272,fixed,94.7459236,-162490.4995,540.0,-31564.64985,-0.4313240073,270.0,0.0,0.0,270.0,-31834.64985,0.0,0.0
272,spread_matched,49.983394,-52032.1334,332.0,-928.6104468,-0.03827660599,160.0,0.0,0.0,324.2986901,-1252.909137,0.0,0.0
272,skew_only,42.07450723,-50294.56227,545.0,-24320.75946,-1.190169397,130.0,0.0,0.0,270.004934,-24590.76439,0.0,0.0
272,as,41.2547442,-49582.11884,334.0,236.1802214,0.009829940772,160.0,0.0,0.0,324.6751996,-88.49497816,0.0,0.0
273,fixed,75.73412361,-43672.50618,565.0,10568.34154,0.2187055083,250.0,0.0,0.0,282.5,10285.84154,0.0,0.0
273,spread_matched,39.92903674,-14396.06901,348.0,3809.804303,0.2073401694,140.0,0.0,0.0,339.9275426,3469.876761,0.0,0.0
273,skew_only,64.40558622,-17888.82356,563.0,-8366.396955,-0.4408094212,160.0,0.0,0.0,279.201688,-8645.598643,0.0,0.0
273,as,33.23667816,-13714.05348,353.0,-5483.450861,-0.4700786218,90.0,0.0,0.0,343.0771759,-5826.528037,0.0,0.0
274,fixed,123.9465682,-36597.42465,529.0,-15303.4118,-0.5573430685,330.0,0.0,0.0,264.5,-15567.9118,0.0,0.0
274,spread_matched,84.17627356,-36122.55365,328.0,-19132.16512,-0.8006922499,260.0,0.0,0.0,320.391477,-19452.5566,0.0,0.0
274,skew_only,57.13449108,-23329.00007,534.0,-7162.125349,-0.5582764718,190.0,0.0,0.0,264.860586,-7426.985935,0.0,0.0
274,as,55.06584944,-24463.78598,336.0,-14752.74001,-1.098366053,200.0,0.0,0.0,327.0309177,-15079.77092,0.0,0.0
275,fixed,162.7096124,-660370.6194,590.0,-255334.3877,-0.7195415767,500.0,0.0,0.0,295.0,-255629.3877,0.0,0.0
275,spread_matched,84.31876645,-382985.8045,342.0,-115347.519,-0.5277935343,270.0,0.0,0.0,334.0667229,-115681.5858,0.0,0.0
275,skew_only,60.67769764,-193446.4021,579.0,-48931.17481,-0.3872332292,170.0,0.0,0.0,287.160886,-49218.33569,0.0,0.0
275,as,44.68359269,-181088.4128,343.0,-33779.74089,-0.2895344403,150.0,0.0,0.0,333.6244886,-34113.36538,0.0,0.0
276,fixed,63.05968522,-29115.88015,582.0,-23165.44804,-1.289095831,180.0,0.0,0.0,291.0,-23456.44804,0.0,0.0
276,spread_matched,48.16299799,-14790.92961,354.0,-11896.34445,-1.194305042,150.0,0.0,0.0,345.7883623,-12242.13281,0.0,0.0
276,skew_only,55.52102873,-12371.77508,587.0,-7430.568154,-0.5901772407,140.0,0.0,0.0,290.832296,-7721.40045,0.0,0.0
276,as,38.99882439,-14650.87495,355.0,-12573.81904,-1.402164911,110.0,0.0,0.0,344.9616186,-12918.78066,0.0,0.0
277,fixed,98.82277015,-5550.25883,586.0,2468.422082,0.3367163505,280.0,0.0,0.0,293.0,2175.422082,0.0,0.0
277,spread_matched,57.61128362,-3705.358811,366.0,4463.107041,0.9459719431,180.0,0.0,0.0,357.5100017,4105.59704,0.0,0.0
277,skew_only,56.38906092,-3380.105117,583.0,992.921531,0.2187840451,180.0,0.0,0.0,288.974946,703.946585,0.0,0.0
277,as,51.47110937,-3419.26046,363.0,3404.847691,0.8055786656,170.0,0.0,0.0,352.8418369,3052.005854,0.0,0.0
278,fixed,116.9290189,-15115.30131,570.0,-3318.551654,-0.2830307965,410.0,0.0,0.0,285.0,-3603.551654,0.0,0.0
278,spread_matched,75.42620754,-23216.5028,356.0,1310.003092,0.07050876826,220.0,0.0,0.0,347.7419689,962.2611232,0.0,0.0
278,skew_only,86.78056833,-6931.682034,578.0,820.6363464,0.1002890112,290.0,0.0,0.0,287.168904,533.4674424,0.0,0.0
278,as,78.13258588,-12994.02582,359.0,-6029.542246,-0.7506877195,230.0,0.0,0.0,349.3590155,-6378.901262,0.0,0.0
279,fixed,86.5905286,-191909.3984,562.0,724629.9591,1.837160167,290.0,0.0,0.0,281.0,724348.9591,0.0,0.0
279,spread_matched,43.00922766,-146183.1229,355.0,332442.2524,1.47232994,130.0,0.0,0.0,346.7651656,332095.4873,0.0,0.0
279,skew_only,70.48371017,-1690137.625,561.0,-237476.4925,-0.2200571715,170.0,0.0,0.0,278.174724,-237754.6672,0.0,0.0
279,as,43.5040467,-684297.9218,356.0,29463.59502,0.06221307733,90.0,0.0,0.0,345.9066838,29117.68834,0.0,0.0
280,fixed,75.02957281,-5587.61566,577.0,-2018.047213,-0.7195421942,220.0,0.0,0.0,288.5,-2306.547213,0.0,0.0
280,spread_matched,52.69303346,-2714.803292,360.0,-1626.352888,-0.9736092273,160.0,0.0,0.0,351.649182,-1978.00207,0.0,0.0
280,skew_only,49.19107642,-5241.942956,579.0,-2231.20087,-0.8914838196,180.0,0.0,0.0,286.921332,-2518.122202,0.0,0.0
280,as,44.00855643,-2066.413378,365.0,426.2701733,0.353545927,120.0,0.0,0.0,354.7130411,71.55713214,0.0,0.0
281,fixed,157.9644134,-9158.237396,542.0,204.2793773,0.03055889531,470.0,0.0,0.0,271.0,-66.72062266,0.0,0.0
281,spread_matched,118.9390394,-5110.580991,344.0,5506.45275,0.8851136483,410.0,0.0,0.0,336.0203295,5170.432421,0.0,0.0
281,skew_only,105.1772208,-5051.985595,545.0,1193.979086,0.2720958885,310.0,0.0,0.0,271.40167,922.577416,0.0,0.0
281,as,72.39893617,-3353.62328,342.0,2729.360729,0.6650396865,250.0,0.0,0.0,333.2758694,2396.08486,0.0,0.0
282,fixed,42.15467134,-6375.778567,591.0,603.4040141,0.1491234397,130.0,0.0,0.0,295.5,307.9040141,0.0,0.0
282,spread_matched,45.20032778,-7569.493162,386.0,1399.234995,0.2675305948,150.0,0.0,0.0,377.0460674,1022.188928,0.0,0.0
282,skew_only,43.96025658,-3883.589379,597.0,2702.115225,0.837380427,100.0,0.0,0.0,295.631154,2406.484071,0.0,0.0
282,as,46.32212464,-6525.043851,388.0,1079.22526,0.2523485491,140.0,0.0,0.0,377.0517861,702.1734737,0.0,0.0
283,fixed,90.00494861,-33520.36688,617.0,-9426.238386,-0.3252144794,330.0,0.0,0.0,308.5,-9734.738386,0.0,0.0
283,spread_matched,52.84000355,-11499.1517,386.0,-1607.778853,-0.1345388289,140.0,0.0,0.0,377.0460674,-1984.824921,0.0,0.0
283,skew_only,52.10669531,-14150.08215,613.0,368.2159259,0.02649559999,160.0,0.0,0.0,303.815178,64.40074786,0.0,0.0
283,as,44.33686502,-7836.486767,396.0,769.2430614,0.08381259985,100.0,0.0,0.0,384.775397,384.4676643,0.0,0.0
284,fixed,68.23216818,-159488.7235,615.0,-81513.14161,-0.5874674126,300.0,0.0,0.0,307.5,-81820.64161,0.0,0.0
284,spread_matched,82.34375729,-116132.2326,407.0,-60069.21553,-0.6386541001,220.0,0.0,0.0,397.5589363,-60466.77447,0.0,0.0
284,skew_only,56.01869616,-55071.82811,611.0,36545.00291,0.5161126852,130.0,0.0,0.0,302.694254,36242.30865,0.0,0.0
284,as,68.33730892,-76137.07857,402.0,-39808.71402,-0.5163625561,200.0,0.0,0.0,391.0881372,-40199.80216,0.0,0.0
285,fixed,63.80063504,-15628.77139,586.0,2276.595919,0.1567885131,210.0,0.0,0.0,293.0,1983.595919,0.0,0.0
285,spread_matched,60.28364222,-11038.55962,364.0,1226.67931,0.1193967098,180.0,0.0,0.0,355.5563952,871.1229153,0.0,0.0
285,skew_only,53.88387958,-5653.929629,592.0,1094.217854,0.1910182882,160.0,0.0,0.0,293.346822,800.8710323,0.0,0.0
285,as,63.41765256,-7856.386192,367.0,221.3392782,0.02912800988,160.0,0.0,0.0,356.935496,-135.5962178,0.0,0.0
286,fixed,93.05951644,-7303.842998,549.0,23041.65035,2.010904878,350.0,0.0,0.0,274.5,22767.15035,0.0,0.0
286,spread_matched,95.34006428,-5841.667592,366.0,12820.75301,1.762409248,240.0,0.0,0.0,357.5100017,12463.24301,0.0,0.0
286,skew_only,98.48281462,-3712.80789,560.0,11815.26851,2.000947178,210.0,0.0,0.0,278.134954,11537.13355,0.0,0.0
286,as,80.85689888,-2113.106526,357.0,5661.378309,1.682621756,200.0,0.0,0.0,347.4492282,5313.929081,0.0,0.0
287,fixed,135.3251591,-39360.98368,598.0,-4867.213604,-0.1107225178,460.0,0.0,0.0,299.0,-5166.213604,0.0,0.0
287,spread_matched,111.5057509,-32116.77659,366.0,-3553.719236,-0.1069773575,370.0,0.0,0.0,357.5100017,-3911.229237,0.0,0.0
287,skew_only,47.19995965,-10609.59124,593.0,7151.272641,0.5337415438,170.0,0.0,0.0,294.184812,6857.087829,0.0,0.0
287,as,47.45025184,-12708.45564,367.0,3843.832396,0.2951357624,160.0,0.0,0.0,357.1327082,3486.699687,0.0,0.0
288,fixed,80.50198504,-9085.97915,597.0,15930.92273,0.98347749,330.0,0.0,0.0,298.5,15632.42273,0.0,0.0
288,spread_matched,64.01763006,-3361.463495,369.0,10189.0593,1.41422216,220.0,0.0,0.0,360.4404116,9828.618888,0.0,0.0
288,skew_only,61.32539369,-5565.647215,599.0,3150.70908,0.3685503825,170.0,0.0,0.0,296.94104,2853.76804,0.0,0.0
288,as,56.35033217,-2471.535474,373.0,7974.071459,1.450480195,180.0,0.0,0.0,362.7206509,7611.350808,0.0,0.0
289,fixed,45.26894741,-23556.03779,590.0,8907.65445,0.4156488449,130.0,0.0,0.0,295.0,8612.65445,0.0,0.0
289,spread_matched,50.34472937,-26310.61298,382.0,-13055.89936,-0.6915849924,120.0,0.0,0.0,373.1388543,-13429.03821,0.0,0.0
289,skew_only,39.89878413,-20914.45213,590.0,13799.6794,0.6904375678,110.0,0.0,0.0,292.26243,13507.41697,0.0,0.0
289,as,44.0098897,-26310.62217,378.0,-6411.342952,-0.2927580641,120.0,0.0,0.0,367.4415048,-6778.784457,0.0,0.0
290,fixed,47.82427296,-46652.54214,605.0,-3180.515113,-0.07565431574,200.0,0.0,0.0,302.5,-3483.015113,0.0,0.0
290,spread_matched,53.06878215,-40842.00319,375.0,-1144.673181,-0.03019786265,180.0,0.0,0.0,366.3012313,-1510.974413,0.0,0.0
290,skew_only,40.63679701,-28792.68982,601.0,-19628.11651,-1.024013629,110.0,0.0,0.0,297.67878,-19925.79529,0.0,0.0
290,as,52.34777335,-21764.53676,379.0,-11406.83157,-0.5468849996,120.0,0.0,0.0,368.4066157,-11775.23819,0.0,0.0
291,fixed,72.27357082,-31508.28577,577.0,-12936.29463,-0.4759371729,160.0,0.0,0.0,288.5,-13224.79463,0.0,0.0
291,spread_matched,65.51227537,-17964.26268,367.0,15147.09017,0.6725427908,180.0,0.0,0.0,358.486805,14788.60336,0.0,0.0
291,skew_only,60.9900948,-14577.44203,591.0,-1873.515326,-0.1030802594,190.0,0.0,0.0,293.011548,-2166.526874,0.0,0.0
291,as,66.7530185,-14075.03289,360.0,18038.6637,0.8697800726,130.0,0.0,0.0,350.1547873,17688.50892,0.0,0.0
292,fixed,84.32338294,-12312.27771,600.0,-678.2577092,-0.05890655948,260.0,0.0,0.0,300.0,-978.2577092,0.0,0.0
292,spread_matched,52.3889476,-7069.889188,371.0,3117.937387,0.5185209292,160.0,0.0,0.0,362.3940181,2755.543369,0.0,0.0
292,skew_only,48.97406559,-4297.728926,595.0,6004.611819,1.007652867,150.0,0.0,0.0,294.851822,5709.759997,0.0,0.0
292,as,48.10796508,-4832.814784,373.0,5189.962016,1.110187748,110.0,0.0,0.0,362.5958227,4827.366193,0.0,0.0
293,fixed,59.25865392,-4278.724723,547.0,-828.3076058,-0.242212105,150.0,0.0,0.0,273.5,-1101.807606,0.0,0.0
293,spread_matched,68.84433687,-2072.465134,351.0,7442.513803,2.037995555,250.0,0.0,0.0,342.8579525,7099.65585,0.0,0.0
293,skew_only,48.75016348,-2388.732696,553.0,1278.803215,0.4761779388,150.0,0.0,0.0,274.080258,1004.722957,0.0,0.0
293,as,49.07295104,-1874.341063,353.0,5130.753998,1.777966516,190.0,0.0,0.0,343.4581504,4787.295848,0.0,0.0
294,fixed,62.52560995,-5920.057352,605.0,-1894.769656,-0.345243626,200.0,0.0,0.0,302.5,-2197.269656,0.0,0.0
294,spread_matched,53.79599833,-4157.501273,407.0,4827.077159,0.9182382597,140.0,0.0,0.0,397.5589363,4429.518223,0.0,0.0
294,skew_only,60.0404522,-4166.626896,610.0,-977.74113,-0.2864780334,160.0,0.0,0.0,302.293964,-1280.035094,0.0,0.0
294,as,50.55670115,-3387.445541,400.0,-304.3276814,-0.0869396335,140.0,0.0,0.0,388.7900855,-693.1177668,0.0,0.0
295,fixed,62.50818166,-8865.725112,595.0,9856.139676,0.8479054178,210.0,0.0,0.0,297.5,9558.639676,0.0,0.0
295,spread_matched,42.16527007,-4939.356927,351.0,8599.81357,1.259941081,120.0,0.0,0.0,342.8579525,8256.955618,0.0,0.0
295,skew_only,48.10042236,-6362.820021,592.0,3282.207522,0.4062908493,120.0,0.0,0.0,293.338312,2988.86921,0.0,0.0
295,as,32.58787614,-3939.567201,352.0,7363.753408,1.298867053,90.0,0.0,0.0,342.0362723,7021.717136,0.0,0.0
296,fixed,44.75516193,-14886.09498,600.0,2894.609654,0.2059716896,180.0,0.0,0.0,300.0,2594.609654,0.0,0.0
296,spread_matched,56.86384665,-9052.874891,376.0,-197.7716646,-0.02238576997,140.0,0.0,0.0,367.2780346,-565.0496992,0.0,0.0
296,skew_only,45.16080951,-10076.92941,601.0,-8083.763247,-0.991219032,110.0,0.0,0.0,297.647726,-8381.410973,0.0,0.0
296,as,42.0473504,-4029.290415,371.0,4999.103743,0.971869044,110.0,0.0,0.0,360.5815469,4638.522196,0.0,0.0
297,fixed,43.72028687,-29552.03031,538.0,-19065.42324,-1.108537255,110.0,0.0,0.0,269.0,-19334.42324,0.0,0.0
297,spread_matched,62.60287513,-55301.92839,341.0,-5977.11374,-0.1220799626,280.0,0.0,0.0,333.0899196,-6310.20366,0.0,0.0
297,skew_only,40.30188278,-30369.19999,544.0,-19332.04865,-1.131770048,110.0,0.0,0.0,269.455688,-19601.50434,0.0,0.0
297,as,32.42348456,-18134.61006,344.0,-9216.38325,-0.5678706978,150.0,0.0,0.0,334.3474986,-9550.730749,0.0,0.0
298,fixed,62.96518491,-64441.05795,545.0,22734.7975,0.3387012248,290.0,0.0,0.0,272.5,22462.2975,0.0,0.0
298,spread_matched,57.12900992,-68748.31892,343.0,22695.3996,0.312979165,270.0,0.0,0.0,335.0435262,22360.35607,0.0,0.0
298,skew_only,36.29389589,-10096.52589,547.0,5974.455214,0.4633122879,110.0,0.0,0.0,270.985688,5703.469526,0.0,0.0
298,as,44.29314367,-13698.60186,346.0,13141.23788,0.7600508921,120.0,0.0,0.0,336.3459137,12804.89196,0.0,0.0
299,fixed,128.6719316,-86276.79228,576.0,193259.5988,1.551214331,420.0,0.0,0.0,288.0,192971.5988,0.0,0.0
299,spread_matched,95.11309016,-50389.40839,374.0,141906.624,1.971862575,320.0,0.0,0.0,365.324428,141541.2996,0.0,0.0
299,skew_only,80.23278011,-65163.61965,581.0,-2433.94339,-0.04434621767,190.0,0.0,0.0,288.225346,-2722.168736,0.0,0.0
299,as,85.02351895,-57175.77018,373.0,2677.914277,0.04210803812,170.0,0.0,0.0,363.0855506,2314.828726,0.0,0.0
300,fixed,163.3071093,-104097.0558,601.0,-67137.95582,-0.5576006506,610.0,0.0,0.0,300.5,-67438.45582,0.0,0.0
300,spread_matched,58.82292049,-32604.06172,367.0,-16973.28374,-0.5301393593,230.0,0.0,0.0,358.486805,-17331.77055,0.0,0.0
300,skew_only,63.91937409,-36757.86267,602.0,-18485.10514,-0.5214736135,240.0,0.0,0.0,299.055338,-18784.16047,0.0,0.0
300,as,42.92704452,-23663.92721,369.0,-8382.526714,-0.473467781,150.0,0.0,0.0,358.6789547,-8741.205669,0.0,0.0
301,fixed,92.98157056,-134151.7785,577.0,-33504.43366,-0.3550002713,270.0,0.0,0.0,288.5,-33792.93366,0.0,0.0
301,spread_matched,50.08689948,-130544.4012,364.0,-30541.87709,-0.3616172263,260.0,0.0,0.0,355.5563952,-30897.43349,0.0,0.0
301,skew_only,52.65394358,-45521.40496,580.0,-43421.26819,-1.513919866,140.0,0.0,0.0,287.47548,-43708.74367,0.0,0.0
301,as,35.24837443,-50782.94767,358.0,-30964.76351,-1.366256628,130.0,0.0,0.0,348.0297339,-31312.79324,0.0,0.0
302,fixed,60.21299786,-57467.74026,593.0,-27165.2244,-0.5859241679,210.0,0.0,0.0,296.5,-27461.7244,0.0,0.0
302,spread_matched,51.06089694,-37889.83767,351.0,-24963.16598,-0.7978835682,160.0,0.0,0.0,342.8579525,-25306.02393,0.0,0.0
302,skew_only,55.21748676,-41307.07701,595.0,-26847.86945,-0.7800175727,170.0,0.0,0.0,295.121542,-27142.991,0.0,0.0
302,as,46.4704633,-30886.97515,354.0,-21569.86292,-0.8245525514,140.0,0.0,0.0,344.1255194,-21913.98844,0.0,0.0
303,fixed,59.92620274,-10057.51148,571.0,-2887.043023,-0.3784421637,270.0,0.0,0.0,285.5,-3172.543023,0.0,0.0
303,spread_matched,67.48785484,-12305.70188,349.0,-5547.060357,-0.6180038327,300.0,0.0,0.0,340.9043459,-5887.964703,0.0,0.0
303,skew_only,46.49911328,-8704.289524,575.0,-331.0355463,-0.07655746695,130.0,0.0,0.0,284.81289,-615.8484363,0.0,0.0
303,as,53.14751613,-9625.648001,348.0,-3959.559674,-0.8307895088,160.0,0.0,0.0,338.3018495,-4297.861524,0.0,0.0
304,fixed,90.43946375,-34195.08745,507.0,-16728.93023,-1.118085879,270.0,0.0,0.0,253.5,-16982.43023,0.0,0.0
304,spread_matched,119.3011086,-63460.56054,314.0,-38067.10082,-1.179071691,350.0,0.0,0.0,306.716231,-38373.81705,0.0,0.0
304,skew_only,62.55835995,-24097.83568,510.0,-8458.216044,-0.7138897642,200.0,0.0,0.0,252.918756,-8711.1348,0.0,0.0
304,as,82.7002029,-48549.73233,311.0,-27226.74881,-1.014951423,240.0,0.0,0.0,303.5770124,-27530.32582,0.0,0.0
305,fixed,52.44974348,-19541.54028,571.0,25055.8456,0.8684353426,130.0,0.0,0.0,285.5,24770.3456,0.0,0.0
305,spread_matched,79.52207839,-65824.80597,359.0,75939.94353,0.8295902449,250.0,0.0,0.0,350.6723787,75589.27115,0.0,0.0
305,skew_only,38.67906907,-24792.52342,571.0,-6203.255244,-0.2151304792,110.0,0.0,0.0,282.74244,-6485.997684,0.0,0.0
305,as,47.7151863,-44637.11942,358.0,26163.03787,0.5026626588,150.0,0.0,0.0,348.0683783,25814.96949,0.0,0.0
306,fixed,46.80203875,-31455.19828,615.0,5976.214804,0.3113226245,210.0,0.0,0.0,307.5,5668.714804,0.0,0.0
306,spread_matched,32.75818255,-17272.51667,368.0,2964.672058,0.2649232785,160.0,0.0,0.0,359.4636083,2605.20845,0.0,0.0
306,skew_only,46.36179078,-19165.1291,611.0,-8214.767926,-0.8391532323,120.0,0.0,0.0,302.68322,-8517.451146,0.0,0.0
306,as,33.50202942,-8583.092774,375.0,-6280.458155,-1.139401683,100.0,0.0,0.0,364.2937692,-6644.751924,0.0,0.0
307,fixed,103.4379634,-15093.44865,576.0,6304.544676,0.3641087932,270.0,0.0,0.0,288.0,6016.544676,0.0,0.0
307,spread_matched,59.83510654,-9848.491918,359.0,-2187.73851,-0.2433632324,160.0,0.0,0.0,350.6723787,-2538.410889,0.0,0.0
307,skew_only,87.04137922,-16318.73897,578.0,9254.361973,0.6003302065,270.0,0.0,0.0,286.963844,8967.398129,0.0,0.0
307,as,55.07055398,-7663.120091,356.0,-661.366203,-0.0832724225,130.0,0.0,0.0,346.0682625,-1007.434465,0.0,0.0
308,fixed,119.2446745,-31571.41812,560.0,23083.96143,0.7032028419,270.0,0.0,0.0,280.0,22803.96143,0.0,0.0
308,spread_matched,103.3471439,-34104.0478,352.0,22799.97773,0.6611201774,230.0,0.0,0.0,343.8347558,22456.14298,0.0,0.0
308,skew_only,59.64799004,-21530.18973,556.0,3155.287061,0.1841874836,130.0,0.0,0.0,275.493444,2879.793617,0.0,0.0
308,as,65.43309834,-31454.09689,354.0,9004.433468,0.3389771204,180.0,0.0,0.0,344.4891878,8659.94428,0.0,0.0
309,fixed,67.67479105,-16408.02955,561.0,-12275.12971,-0.829695712,260.0,0.0,0.0,280.5,-12555.62971,0.0,0.0
309,spread_matched,61.43876939,-11077.05802,355.0,-8878.529818,-1.035301741,230.0,0.0,0.0,346.7651656,-9225.294984,0.0,0.0
309,skew_only,66.08172424,-11751.48213,565.0,-10631.90914,-2.00282763,160.0,0.0,0.0,280.172668,-10912.08181,0.0,0.0
309,as,59.83367343,-8900.675296,357.0,-6991.96949,-1.271984781,140.0,0.0,0.0,347.1915562,-7339.161046,0.0,0.0
310,fixed,121.1620789,-6968.310037,590.0,-3653.753711,-0.5156661683,380.0,0.0,0.0,295.0,-3948.753711,0.0,0.0
310,spread_matched,38.01993498,-1323.616124,373.0,3003.6866,1.422700911,90.0,0.0,0.0,364.3476247,2639.338975,0.0,0.0
310,skew_only,53.11562067,-3176.54531,583.0,-772.9113577,-0.234138423,180.0,0.0,0.0,289.188944,-1062.100302,0.0,0.0
310,as,32.5199075,-1266.676647,377.0,1364.295853,0.7702258114,100.0,0.0,0.0,366.3115908,997.9842621,0.0,0.0
311,fixed,99.0515853,-7526.783573,603.0,753.9920091,0.1379773996,310.0,0.0,0.0,301.5,452.4920091,0.0,0.0
311,spread_matched,58.91921927,-6399.187657,356.0,14390.21471,1.652899037,200.0,0.0,0.0,347.7419689,14042.47274,0.0,0.0
311,skew_only,57.2899977,-4862.097816,615.0,518.3489461,0.1240676815,170.0,0.0,0.0,305.096632,213.2523141,0.0,0.0
311,as,54.04329065,-3239.816748,354.0,6767.219278,1.458161336,140.0,0.0,0.0,344.1879017,6423.031376,0.0,0.0
312,fixed,166.3068437,-25470.82866,571.0,2917.458868,0.1338687942,360.0,0.0,0.0,285.5,2631.958868,0.0,0.0
312,spread_matched,116.5222702,-10115.26382,354.0,3127.266538,0.2813363292,280.0,0.0,0.0,345.7883623,2781.478176,0.0,0.0
312,skew_only,91.95422761,-10420.73619,575.0,14011.44875,0.957733823,260.0,0.0,0.0,285.946476,13725.50227,0.0,0.0
312,as,87.09989437,-8382.616523,353.0,3454.881051,0.3722679392,230.0,0.0,0.0,344.0781074,3110.802943,0.0,0.0
313,fixed,49.381946,-16896.48641,569.0,14910.85487,0.6666276716,210.0,0.0,0.0,284.5,14626.35487,0.0,0.0
313,spread_matched,56.1900831,-11507.03672,343.0,10885.02201,0.5569723022,170.0,0.0,0.0,335.0435262,10549.97849,0.0,0.0
313,skew_only,38.50873143,-6626.701429,577.0,1687.418585,0.2272007369,100.0,0.0,0.0,285.789336,1401.629249,0.0,0.0
313,as,44.91656682,-8560.918325,345.0,9932.781067,0.7362436988,130.0,0.0,0.0,335.4435261,9597.337541,0.0,0.0
314,fixed,64.26696687,-19257.39559,588.0,-6863.925373,-0.8781708389,230.0,0.0,0.0,294.0,-7157.925373,0.0,0.0
314,spread_matched,51.46017194,-13009.90701,364.0,-1579.002068,-0.1378508665,160.0,0.0,0.0,355.5563952,-1934.558463,0.0,0.0
314,skew_only,52.23328225,-16670.10904,590.0,-8408.7158,-1.224774845,130.0,0.0,0.0,292.374078,-8701.089878,0.0,0.0
314,as,44.74575998,-11824.87764,368.0,-5072.039649,-0.6500860336,120.0,0.0,0.0,357.7533629,-5429.793012,0.0,0.0
315,fixed,61.33111177,-65560.51582,568.0,-7793.121171,-0.2098349386,160.0,0.0,0.0,284.0,-8077.121171,0.0,0.0
315,spread_matched,36.4005712,-59929.34922,366.0,-48901.53468,-1.58173864,120.0,0.0,0.0,357.5100017,-49259.04468,0.0,0.0
315,skew_only,46.8654037,-57896.79568,573.0,6509.059599,0.1713311238,110.0,0.0,0.0,283.878138,6225.181461,0.0,0.0
315,as,37.57472915,-55998.8252,369.0,-45769.21199,-1.542438915,120.0,0.0,0.0,358.5612841,-46127.77327,0.0,0.0
316,fixed,109.7094211,-1389372.717,549.0,-408207.1547,-0.476528725,370.0,0.0,0.0,274.5,-408481.6547,0.0,0.0
316,spread_matched,67.34834578,-777282.4225,337.0,-174915.3634,-0.3619497787,190.0,0.0,0.0,329.1827065,-175244.5461,0.0,0.0
316,skew_only,59.04384374,-696834.2094,549.0,-319175.0413,-0.8408260787,180.0,0.0,0.0,272.215544,-319447.2568,0.0,0.0
316,as,43.4655953,-468971.4813,342.0,-138002.182,-0.5407959002,110.0,0.0,0.0,332.351027,-138334.533,0.0,0.0
317,fixed,191.5154208,-8328.832274,562.0,-6098.770533,-1.444696231,630.0,0.0,0.0,281.0,-6379.770533,0.0,0.0
317,spread_matched,117.6050898,-12036.60141,349.0,-8447.857168,-1.177756217,390.0,0.0,0.0,340.9043459,-8788.761514,0.0,0.0
317,skew_only,77.78688833,-3396.755509,565.0,-822.5947846,-0.3235081037,290.0,0.0,0.0,280.916936,-1103.511721,0.0,0.0
317,as,59.11037689,-8374.511861,350.0,-5199.415649,-0.9093233269,220.0,0.0,0.0,341.687464,-5541.103113,0.0,0.0
318,fixed,52.71209637,-9105.285514,582.0,-6598.454525,-1.485328969,230.0,0.0,0.0,291.0,-6889.454525,0.0,0.0
318,spread_matched,67.22798438,-12175.64238,349.0,-8793.52124,-1.489541652,300.0,0.0,0.0,340.9043459,-9134.425585,0.0,0.0
318,skew_only,43.75935647,-4034.477214,580.0,-2483.191565,-1.023978229,120.0,0.0,0.0,287.259338,-2770.450903,0.0,0.0
318,as,36.0031564,-6565.695269,351.0,-3597.495929,-0.9978992785,130.0,0.0,0.0,341.2141698,-3938.710098,0.0,0.0
319,fixed,67.91824084,-28933.32373,537.0,-7213.240862,-0.3200702834,200.0,0.0,0.0,268.5,-7481.740862,0.0,0.0
319,spread_matched,85.20982736,-38795.28154,309.0,18299.58221,0.6275589241,180.0,0.0,0.0,301.8322146,17997.74999,0.0,0.0
319,skew_only,71.99952832,-57301.69875,540.0,-21433.33755,-0.7293613686,170.0,0.0,0.0,267.788464,-21701.12601,0.0,0.0
319,as,71.27109159,-53914.93066,310.0,2237.240056,0.06298407367,190.0,0.0,0.0,301.6151203,1935.624936,0.0,0.0
320,fixed,52.71840301,-97493.48016,556.0,-30352.71086,-0.4180077029,190.0,0.0,0.0,278.0,-30630.71086,0.0,0.0
320,spread_matched,36.77234383,-63932.41012,349.0,-31585.48943,-0.6140757037,160.0,0.0,0.0,340.9043459,-31926.39378,0.0,0.0
320,skew_only,43.47932065,-50258.94537,557.0,-10134.24582,-0.2853865725,110.0,0.0,0.0,275.972254,-10410.21807,0.0,0.0
320,as,28.03169057,-46632.79193,355.0,-32122.59507,-1.222668801,100.0,0.0,0.0,344.9799512,-32467.57502,0.0,0.0
321,fixed,73.15296149,-74749.60462,607.0,-43635.10337,-1.435020829,220.0,0.0,0.0,303.5,-43938.60337,0.0,0.0
321,spread_matched,60.73618279,-136187.9229,376.0,-41042.81119,-0.7338179433,230.0,0.0,0.0,367.2780346,-41410.08922,0.0,0.0
321,skew_only,51.06607405,-55444.59018,612.0,-32909.65081,-1.31765899,170.0,0.0,0.0,303.350568,-33213.00137,0.0,0.0
321,as,39.74922384,-51063.7735,376.0,-23280.33073,-1.229887419,140.0,0.0,0.0,365.4918028,-23645.82254,0.0,0.0
322,fixed,117.1181214,-106197.0855,617.0,12801.22562,0.1415150103,290.0,0.0,0.0,308.5,12492.72562,0.0,0.0
322,spread_matched,72.70966855,-135331.1214,388.0,-30069.58882,-0.3374641266,220.0,0.0,0.0,378.999674,-30448.5885,0.0,0.0
322,skew_only,84.29224885,-101985.2436,614.0,-1329.162632,-0.01971507417,220.0,0.0,0.0,305.046178,-1634.20881,0.0,0.0
322,as,37.69318866,-39315.89403,388.0,-6020.758929,-0.1723886953,130.0,0.0,0.0,377.1829649,-6397.941894,0.0,0.0
323,fixed,63.75561716,-44897.04861,587.0,-20744.80938,-0.4973442915,140.0,0.0,0.0,293.5,-21038.30938,0.0,0.0
323,spread_matched,48.24275049,-21726.6086,339.0,2446.899248,0.1066461408,130.0,0.0,0.0,331.1363131,2115.762935,0.0,0.0
323,skew_only,48.81874926,-26995.26118,582.0,-22978.94474,-1.090279986,170.0,0.0,0.0,288.34172,-23267.28646,0.0,0.0
323,as,37.24682804,-29908.4507,342.0,-10768.6551,-0.5121597797,100.0,0.0,0.0,332.2999814,-11100.95508,0.0,0.0
324,fixed,117.0184904,-517125.2329,547.0,388791.8416,0.714516142,450.0,0.0,0.0,273.5,388518.3416,0.0,0.0
324,spread_matched,62.38692228,-382683.4554,337.0,296180.8649,0.7926462286,290.0,0.0,0.0,329.1827065,295851.6822,0.0,0.0
324,skew_only,51.22393831,-152677.1459,556.0,-55092.2714,-0.5987673218,130.0,0.0,0.0,275.545006,-55367.81641,0.0,0.0
324,as,29.36895715,-89660.12989,348.0,76827.91133,0.81955091,140.0,0.0,0.0,338.5439734,76489.36736,0.0,0.0
325,fixed,81.65592828,-87553.79583,564.0,-9181.901595,-0.1552357755,310.0,0.0,0.0,282.0,-9463.901595,0.0,0.0
325,spread_matched,52.91239246,-13950.5979,356.0,4638.470939,0.3111629198,160.0,0.0,0.0,347.7419689,4290.72897,0.0,0.0
325,skew_only,36.59099505,-32093.35836,567.0,-4515.59275,-0.2025356349,150.0,0.0,0.0,280.990976,-4796.583726,0.0,0.0
325,as,40.22482357,-13434.58007,359.0,150.0541655,0.01528996351,120.0,0.0,0.0,348.8726728,-198.8185073,0.0,0.0
326,fixed,82.51506393,-16802.89038,582.0,11686.69748,0.5715215074,180.0,0.0,0.0,291.0,11395.69748,0.0,0.0
326,spread_matched,74.21123214,-11567.40952,368.0,10977.51341,0.7159771877,200.0,0.0,0.0,359.4636083,10618.0498,0.0,0.0
326,skew_only,79.52308062,-8073.325299,585.0,14428.37559,1.268538581,230.0,0.0,0.0,290.334106,14138.04148,0.0,0.0
326,as,60.97195564,-7576.321824,368.0,13179.87675,1.255789587,180.0,0.0,0.0,357.8973064,12821.97944,0.0,0.0
327,fixed,61.97687169,-56167.1788,551.0,-35957.12404,-0.9057795369,330.0,0.0,0.0,275.5,-36232.62404,0.0,0.0
327,spread_matched,50.46304434,-24168.36898,349.0,-12307.96611,-0.6652547318,160.0,0.0,0.0,340.9043459,-12648.87045,0.0,0.0
327,skew_only,54.05897091,-13816.99295,566.0,4942.909909,0.3623835402,140.0,0.0,0.0,280.478944,4662.430965,0.0,0.0
327,as,48.04102409,-15734.94689,349.0,-3669.54558,-0.2749257415,130.0,0.0,0.0,339.3058421,-4008.851422,0.0,0.0
328,fixed,89.42693974,-19037.58683,606.0,170.740905,0.01525257257,280.0,0.0,0.0,303.0,-132.259095,0.0,0.0
328,spread_matched,86.13331432,-17686.56437,360.0,3121.633345,0.2754681593,240.0,0.0,0.0,351.649182,2769.984163,0.0,0.0
328,skew_only,49.18892793,-7831.922286,604.0,1305.597924,0.2115575203,180.0,0.0,0.0,299.29814,1006.299784,0.0,0.0
328,as,69.60935566,-14585.085,360.0,1051.235752,0.1197905193,190.0,0.0,0.0,350.3909428,700.8448094,0.0,0.0
329,fixed,85.76780323,-29431.35419,616.0,-22759.75439,-1.084968796,300.0,0.0,0.0,308.0,-23067.75439,0.0,0.0
329,spread_matched,50.93065713,-11666.65942,402.0,-4993.88662,-0.5196251426,130.0,0.0,0.0,392.6749199,-5386.561539,0.0,0.0
329,skew_only,75.73914811,-17699.67207,617.0,-12094.62975,-0.9403921316,220.0,0.0,0.0,306.091502,-12400.72125,0.0,0.0
329,as,50.33572791,-9299.011134,405.0,34.95686701,0.00407722855,120.0,0.0,0.0,393.624971,-358.668104,0.0,0.0
330,fixed,130.9741697,-53665.90175,577.0,48383.36316,0.9014490294,430.0,0.0,0.0,288.5,48094.86316,0.0,0.0
330,spread_matched,106.4247375,-64202.47721,359.0,48056.02023,0.7904345872,360.0,0.0,0.0,350.6723787,47705.34785,0.0,0.0
330,skew_only,65.05956751,-40041.2556,579.0,6547.863833,0.2146515342,190.0,0.0,0.0,287.45706,6260.406773,0.0,0.0
330,as,59.40714691,-29076.32447,362.0,9389.45579,0.3353536341,200.0,0.0,0.0,352.5198714,9036.935918,0.0,0.0
331,fixed,83.2396468,-3481.700578,630.0,-1613.019786,-0.5737338382,320.0,0.0,0.0,315.0,-1928.019786,0.0,0.0
331,spread_matched,57.06094965,-4245.231167,373.0,-1808.181854,-0.6021653237,180.0,0.0,0.0,364.3476247,-2172.529478,0.0,0.0
331,skew_only,49.89712453,-1758.886232,633.0,274.1157401,0.1731413744,190.0,0.0,0.0,313.592106,-39.47636595,0.0,0.0
331,as,36.08388714,-2189.094823,377.0,-538.8728691,-0.3472460316,100.0,0.0,0.0,366.3988615,-905.2717306,0.0,0.0
332,fixed,86.12306051,-19991.33307,605.0,-5801.258359,-0.3749148441,230.0,0.0,0.0,302.5,-6103.758359,0.0,0.0
332,spread_matched,81.9622637,-27015.64362,393.0,-13016.38302,-0.5810991579,310.0,0.0,0.0,383.8836904,-13400.26671,0.0,0.0
332,skew_only,71.49576764,-10122.75375,607.0,6211.196719,0.675888788,150.0,0.0,0.0,300.930172,5910.266547,0.0,0.0
332,as,79.40202763,-14507.63841,390.0,1499.697009,0.1196195882,170.0,0.0,0.0,379.4941858,1120.202823,0.0,0.0
333,fixed,109.2183267,-53570.68212,601.0,-17832.21523,-0.4809630427,350.0,0.0,0.0,300.5,-18132.71523,0.0,0.0
333,spread_matched,86.94767567,-33505.70557,378.0,-12993.41972,-0.6306717418,260.0,0.0,0.0,369.2316411,-13362.65136,0.0,0.0
333,skew_only,66.63781986,-18765.11298,608.0,-4306.230208,-0.2813963543,180.0,0.0,0.0,301.689114,-4607.919322,0.0,0.0
333,as,64.98397826,-22423.02186,381.0,-6729.365619,-0.4631210544,190.0,0.0,0.0,370.7708369,-7100.136456,0.0,0.0
334,fixed,155.6998869,-106874.3937,588.0,26303.34932,0.3523764276,430.0,0.0,0.0,294.0,26009.34932,0.0,0.0
334,spread_matched,69.08448903,-36117.19531,375.0,26919.28083,0.858106984,160.0,0.0,0.0,366.3012313,26552.9796,0.0,0.0
334,skew_only,110.0674749,-77481.79434,581.0,21972.59846,0.4195952907,300.0,0.0,0.0,289.393568,21683.20489,0.0,0.0
334,as,73.75396719,-39695.25183,376.0,16366.57369,0.5591538812,170.0,0.0,0.0,365.7765058,16000.79718,0.0,0.0
335,fixed,104.4099826,-23696.95869,591.0,-6088.855045,-0.4489160547,370.0,0.0,0.0,295.5,-6384.355045,0.0,0.0
335,spread_matched,26.43514326,-15940.56632,355.0,940.7974256,0.09713833713,90.0,0.0,0.0,346.7651656,594.03226,0.0,0.0
335,skew_only,77.62834837,-19871.72621,592.0,-9551.822137,-0.8926217021,260.0,0.0,0.0,293.752062,-9845.574199,0.0,0.0
335,as,26.11556377,-4556.493325,359.0,4159.394225,0.642215073,60.0,0.0,0.0,348.7567008,3810.637524,0.0,0.0
336,fixed,47.99382227,-2241.766965,562.0,-476.1981631,-0.4259410164,150.0,0.0,0.0,281.0,-757.1981631,0.0,0.0
336,spread_matched,28.52400349,-1616.35162,371.0,702.1394409,0.7390650991,80.0,0.0,0.0,362.3940181,339.7454227,0.0,0.0
336,skew_only,45.0141787,-2254.026758,564.0,-379.4019863,-0.3389780706,140.0,0.0,0.0,279.366244,-658.7682303,0.0,0.0
336,as,30.27240326,-1405.653402,373.0,1526.464061,1.386475217,90.0,0.0,0.0,362.399231,1164.06483,0.0,0.0
337,fixed,60.81443825,-32210.93497,568.0,-18213.91808,-1.235506078,180.0,0.0,0.0,284.0,-18497.91808,0.0,0.0
337,spread_matched,79.68497753,-56923.6573,346.0,-34742.2915,-1.241617489,320.0,0.0,0.0,337.9739361,-35080.26544,0.0,0.0
337,skew_only,62.92465434,-17373.30475,567.0,-8438.722781,-1.031392344,210.0,0.0,0.0,280.986776,-8719.709557,0.0,0.0
337,as,41.25988265,-31593.59976,350.0,-19953.35545,-1.33603245,160.0,0.0,0.0,340.4500922,-20293.80554,0.0,0.0
338,fixed,82.72633147,-29386.26305,587.0,-11375.89519,-0.4872727853,260.0,0.0,0.0,293.5,-11669.39519,0.0,0.0
338,spread_matched,59.65790982,-29482.33249,375.0,-1289.498284,-0.04988681791,200.0,0.0,0.0,366.3012313,-1655.799515,0.0,0.0
338,skew_only,64.36014847,-22168.73274,598.0,-18292.92819,-1.637791812,190.0,0.0,0.0,296.634952,-18589.56314,0.0,0.0
338,as,59.95169221,-17343.2385,375.0,-9852.932705,-0.7902222865,160.0,0.0,0.0,364.6331882,-10217.56589,0.0,0.0
339,fixed,46.04972925,-3717.182618,574.0,-3206.263998,-1.749495476,200.0,0.0,0.0,287.0,-3493.263998,0.0,0.0
339,spread_matched,34.4023255,-698.0114928,366.0,2406.435248,1.671482156,100.0,0.0,0.0,357.5100017,2048.925246,0.0,0.0
339,skew_only,40.00274866,-1704.813433,579.0,-977.1622333,-0.9487945874,90.0,0.0,0.0,286.757752,-1263.919985,0.0,0.0
339,as,30.15573496,-651.6214126,364.0,1614.60903,1.371084501,80.0,0.0,0.0,353.6903459,1260.918684,0.0,0.0
340,fixed,69.82303201,-30807.64221,566.0,30303.51397,1.099637599,260.0,0.0,0.0,283.0,30020.51397,0.0,0.0
340,spread_matched,55.09887113,-11136.91305,360.0,10275.60892,0.8766129965,180.0,0.0,0.0,351.649182,9923.959743,0.0,0.0
340,skew_only,49.48984097,-10845.35629,574.0,16012.71066,1.367522108,140.0,0.0,0.0,284.425992,15728.28467,0.0,0.0
340,as,46.74633007,-8651.350032,359.0,-747.5204654,-0.1053880967,110.0,0.0,0.0,348.9013262,-1096.421792,0.0,0.0
341,fixed,99.44624928,-594037.323,587.0,304212.1617,0.4299134841,340.0,0.0,0.0,293.5,303918.6617,0.0,0.0
341,spread_matched,77.04727582,-571539.8888,351.0,290153.8,0.4631914434,290.0,0.0,0.0,342.8579525,289810.9421,0.0,0.0
341,skew_only,64.93091637,-298062.6404,581.0,121189.2671,0.3294625341,200.0,0.0,0.0,288.44737,120900.8198,0.0,0.0
341,as,40.22896966,-239316.6307,359.0,81070.23123,0.2977302334,150.0,0.0,0.0,349.2561171,80720.97511,0.0,0.0
342,fixed,57.804173,-76038.05193,612.0,-20833.82868,-0.2372881941,260.0,0.0,0.0,306.0,-21139.82868,0.0,0.0
342,spread_matched,98.24954631,-134301.1097,381.0,-16831.79882,-0.1013600402,350.0,0.0,0.0,372.162051,-17203.96087,0.0,0.0
342,skew_only,45.95277245,-23673.32137,617.0,-5553.82362,-0.2253704292,170.0,0.0,0.0,305.783624,-5859.607244,0.0,0.0
342,as,44.5292693,-55362.96858,388.0,-1146.646903,-0.02288013055,170.0,0.0,0.0,377.608127,-1524.25503,0.0,0.0
343,fixed,156.2228312,-27490.528,527.0,-2311.621693,-0.06671621152,480.0,0.0,0.0,263.5,-2575.121693,0.0,0.0
343,spread_matched,103.770881,-18486.13357,326.0,-1111.950171,-0.04863326868,340.0,0.0,0.0,318.4378704,-1430.388041,0.0,0.0
343,skew_only,73.58849649,-13437.8948,523.0,-2690.297406,-0.169900789,240.0,0.0,0.0,260.089634,-2950.38704,0.0,0.0
343,as,63.10307846,-10784.98134,327.0,-820.8338578,-0.06255883293,220.0,0.0,0.0,318.5281312,-1139.361989,0.0,0.0
344,fixed,61.80933518,-93073.80616,577.0,-48642.10934,-1.235918997,200.0,0.0,0.0,288.5,-48930.60934,0.0,0.0
344,spread_matched,57.2465824,-28628.40743,357.0,-18377.49502,-1.000048463,190.0,0.0,0.0,348.7187722,-18726.21379,0.0,0.0
344,skew_only,59.83152279,-52605.68516,580.0,-20531.23433,-0.8042488658,140.0,0.0,0.0,287.517124,-20818.75145,0.0,0.0
344,as,44.94720276,-24927.93575,358.0,-17179.61132,-0.9881253704,140.0,0.0,0.0,348.0995259,-17527.71085,0.0,0.0
345,fixed,118.6550401,-13580.36866,578.0,3550.809682,0.3257429978,410.0,0.0,0.0,289.0,3261.809682,0.0,0.0
345,spread_matched,72.46902886,-9667.062071,346.0,-1478.710622,-0.2093434394,210.0,0.0,0.0,337.9739361,-1816.684558,0.0,0.0
345,skew_only,92.92308647,-6835.702489,586.0,-2573.950938,-0.5239487837,260.0,0.0,0.0,291.3057,-2865.256638,0.0,0.0
345,as,79.54163378,-7043.891846,341.0,-4080.004508,-0.9320042874,240.0,0.0,0.0,332.1344038,-4412.138912,0.0,0.0
346,fixed,132.7619226,-12671.85198,595.0,-440.1008717,-0.04260660729,510.0,0.0,0.0,297.5,-737.6008717,0.0,0.0
346,spread_matched,76.22847174,-7542.030675,375.0,-77.94795334,-0.0120840835,310.0,0.0,0.0,366.3012313,-444.2491846,0.0,0.0
346,skew_only,76.79861871,-5306.808338,599.0,-2755.958416,-0.7188169294,230.0,0.0,0.0,297.431646,-3053.390062,0.0,0.0
346,as,50.07321775,-2315.011802,373.0,-545.813516,-0.2428838001,140.0,0.0,0.0,362.7040875,-908.5176035,0.0,0.0
347,fixed,189.110831,-211001.2959,583.0,-42713.27335,-0.2848666358,650.0,0.0,0.0,291.5,-43004.77335,0.0,0.0
347,spread_matched,180.8477339,-184892.4045,370.0,-35893.81145,-0.2572499563,650.0,0.0,0.0,361.4172149,-36255.22867,0.0,0.0
347,skew_only,45.26766599,-42686.93993,592.0,9031.439026,0.2332243489,180.0,0.0,0.0,294.01988,8737.419146,0.0,0.0
347,as,61.92228496,-60736.69132,375.0,-2066.03801,-0.04088005258,260.0,0.0,0.0,366.0543548,-2432.092365,0.0,0.0
348,fixed,106.3456006,-375397.178,606.0,-281918.1508,-1.208606668,450.0,0.0,0.0,303.0,-282221.1508,0.0,0.0
348,spread_matched,52.25449565,-46392.69384,354.0,37916.8335,0.6947505553,120.0,0.0,0.0,345.7883623,37571.04514,0.0,0.0
348,skew_only,63.55509955,-58926.18522,611.0,42047.12106,0.616584403,180.0,0.0,0.0,303.02693,41744.09413,0.0,0.0
348,as,49.79111197,-57949.56853,360.0,69014.09001,1.034758778,140.0,0.0,0.0,349.9653675,68664.12464,0.0,0.0
349,fixed,54.46134584,-7341.214415,636.0,12413.74481,1.588897153,260.0,0.0,0.0,318.0,12095.74481,0.0,0.0
349,spread_matched,74.38381033,-8464.561462,388.0,13377.94434,1.354498411,300.0,0.0,0.0,378.999674,12998.94467,0.0,0.0
349,skew_only,41.93946293,-1788.710087,639.0,6919.43005,1.877758276,120.0,0.0,0.0,316.514988,6602.915062,0.0,0.0
349,as,30.8912383,-3695.644279,395.0,7555.638849,1.643314658,140.0,0.0,0.0,384.0755901,7171.563259,0.0,0.0
350,fixed,56.05247141,-14798.59449,598.0,16833.26194,0.9574471432,260.0,0.0,0.0,299.0,16534.26194,0.0,0.0
350,spread_matched,63.54765506,-8567.987207,375.0,9175.63916,0.7756624467,190.0,0.0,0.0,366.3012313,8809.337929,0.0,0.0
350,skew_only,48.84703593,-7106.820289,602.0,5634.42969,0.6716573358,170.0,0.0,0.0,298.268686,5336.161004,0.0,0.0
350,as,51.14774114,-5829.584721,377.0,2908.734878,0.4140476419,120.0,0.0,0.0,366.436288,2542.29859,0.0,0.0
351,fixed,71.1260038,-2992.13158,586.0,3983.040661,0.8529187866,250.0,0.0,0.0,293.0,3690.040661,0.0,0.0
351,spread_matched,72.56109081,-2716.221768,357.0,3515.097299,0.7265433405,260.0,0.0,0.0,348.7187722,3166.378527,0.0,0.0
351,skew_only,40.14569661,-2226.936262,588.0,612.7890526,0.2419863945,120.0,0.0,0.0,291.392758,321.3962946,0.0,0.0
351,as,41.3935309,-2716.086687,359.0,1709.772018,0.5331391498,140.0,0.0,0.0,349.1280453,1360.643972,0.0,0.0
352,fixed,123.7538282,-32497.76703,606.0,44163.29759,0.9558110986,480.0,0.0,0.0,303.0,43860.29759,0.0,0.0
352,spread_matched,121.7601859,-35903.35301,368.0,51892.55048,1.052130714,520.0,0.0,0.0,359.4636083,51533.08687,0.0,0.0
352,skew_only,43.40122722,-13837.63653,605.0,7626.293695,0.5269145854,160.0,0.0,0.0,300.023758,7326.269937,0.0,0.0
352,as,34.94167024,-14111.97193,374.0,14011.86107,0.7848760725,160.0,0.0,0.0,364.2320149,13647.62905,0.0,0.0
353,fixed,94.94885781,-234385.6681,615.0,89428.42168,0.3908215193,310.0,0.0,0.0,307.5,89120.92168,0.0,0.0
353,spread_matched,75.74992961,-89555.62906,395.0,95798.12823,0.9198537308,190.0,0.0,0.0,385.8372969,95412.29094,0.0,0.0
353,skew_only,60.51476379,-30355.49864,621.0,45483.24276,0.8643782986,170.0,0.0,0.0,307.802762,45175.44,0.0,0.0
353,as,76.05050953,-136261.1179,400.0,65863.18604,0.5162884091,200.0,0.0,0.0,389.2061698,65473.97987,0.0,0.0
354,fixed,111.3243605,-22845.71432,583.0,-962.9355076,-0.07096254045,360.0,0.0,0.0,291.5,-1254.435508,0.0,0.0
354,spread_matched,58.04803249,-9579.3159,360.0,2136.063955,0.3618394864,160.0,0.0,0.0,351.649182,1784.414773,0.0,0.0
354,skew_only,62.99463787,-6188.829653,579.0,3920.479009,0.7326167639,170.0,0.0,0.0,287.185674,3633.293335,0.0,0.0
354,as,49.3984573,-6529.91134,360.0,3326.265305,0.7286925788,130.0,0.0,0.0,349.9853106,2976.279994,0.0,0.0
355,fixed,182.2404562,-7796.188307,569.0,34304.60338,3.312289942,440.0,0.0,0.0,284.5,34020.10338,0.0,0.0
355,spread_matched,97.39384231,-3090.956589,342.0,21242.18488,3.441970456,280.0,0.0,0.0,334.0667229,20908.11816,0.0,0.0
355,skew_only,77.03487395,-6345.353463,565.0,25164.63438,2.435294944,240.0,0.0,0.0,280.860036,24883.77434,0.0,0.0
355,as,47.76834751,-2357.27004,341.0,14533.49125,2.763765743,150.0,0.0,0.0,331.7310002,14201.76025,0.0,0.0
356,fixed,87.05032172,-19555.93476,595.0,16056.40513,0.6181202414,320.0,0.0,0.0,297.5,15758.90513,0.0,0.0
356,spread_matched,37.66514017,-39188.77591,366.0,4964.931666,0.1569610552,160.0,0.0,0.0,357.5100017,4607.421665,0.0,0.0
356,skew_only,58.34381433,-17305.73553,589.0,3465.67635,0.180896336,260.0,0.0,0.0,292.114852,3173.561498,0.0,0.0
356,as,30.37215684,-25364.92337,370.0,-1666.463628,-0.09142707864,110.0,0.0,0.0,359.5150582,-2025.978686,0.0,0.0
357,fixed,133.5706024,-41952.18397,626.0,-20838.06535,-0.6644897985,440.0,0.0,0.0,313.0,-21151.06535,0.0,0.0
357,spread_matched,111.6062771,-35253.01157,374.0,-18546.0598,-0.7087950408,390.0,0.0,0.0,365.324428,-18911.38423,0.0,0.0
357,skew_only,51.16026192,-14825.88478,638.0,-2601.728019,-0.2084286091,210.0,0.0,0.0,316.503094,-2918.231113,0.0,0.0
357,as,47.97342347,-15854.203,381.0,-5109.338932,-0.4043039569,170.0,0.0,0.0,370.8751411,-5480.214073,0.0,0.0
358,fixed,88.44098939,-30484.07925,561.0,-19347.1753,-0.8202862723,220.0,0.0,0.0,280.5,-19627.6753,0.0,0.0
358,spread_matched,74.98913521,-27799.09165,337.0,43.16547027,0.001569321868,160.0,0.0,0.0,329.1827065,-286.0172362,0.0,0.0
358,skew_only,77.27953703,-30832.11727,558.0,-18881.49192,-0.917721143,220.0,0.0,0.0,276.859196,-19158.35112,0.0,0.0
358,as,53.92805667,-16513.03393,339.0,-2121.302165,-0.1385659472,130.0,0.0,0.0,329.6136639,-2450.915829,0.0,0.0
359,fixed,100.5576301,-15485.11224,583.0,5609.693047,0.2702681978,310.0,0.0,0.0,291.5,5318.193047,0.0,0.0
359,spread_matched,91.44743887,-35137.35435,366.0,28726.75626,0.6265200494,310.0,0.0,0.0,357.5100017,28369.24626,0.0,0.0
359,skew_only,62.52616949,-10496.03548,579.0,7519.480178,0.517247241,210.0,0.0,0.0,287.271338,7232.20884,0.0,0.0
359,as,29.35869505,-12962.23678,364.0,15865.77985,0.7898061884,130.0,0.0,0.0,354.1694627,15511.61039,0.0,0.0
360,fixed,184.3835833,-40556.70881,589.0,8325.310229,0.2687077536,590.0,0.0,0.0,294.5,8030.810229,0.0,0.0
360,spread_matched,151.8942506,-28099.72646,344.0,7680.864475,0.3749134629,380.0,0.0,0.0,336.0203295,7344.844146,0.0,0.0
360,skew_only,63.1336534,-11711.57172,595.0,-2267.192607,-0.2343099977,230.0,0.0,0.0,295.517238,-2562.709845,0.0,0.0
360,as,61.51412036,-10946.77435,341.0,2234.747839,0.2585657261,180.0,0.0,0.0,332.1373502,1902.610489,0.0,0.0
361,fixed,94.59161282,-1753.94816,583.0,2961.451394,1.328201184,260.0,0.0,0.0,291.5,2669.951394,0.0,0.0
361,spread_matched,112.5436942,-1406.431218,390.0,4604.584125,1.956521593,350.0,0.0,0.0,380.9532805,4223.630845,0.0,0.0
361,skew_only,51.31106874,-1770.738446,582.0,1846.112541,1.032186731,150.0,0.0,0.0,288.378356,1557.734185,0.0,0.0
361,as,40.02801658,-882.6572611,383.0,2977.060079,2.288456422,130.0,0.0,0.0,372.4403054,2604.619774,0.0,0.0
362,fixed,73.56942724,-16027.11296,571.0,2590.598845,0.1639413281,240.0,0.0,0.0,285.5,2305.098845,0.0,0.0
362,spread_matched,108.961216,-27957.80063,365.0,378.1333438,0.01219063697,420.0,0.0,0.0,356.5331984,21.60014538,0.0,0.0
362,skew_only,49.56698473,-5118.538567,574.0,8244.056472,1.258943427,140.0,0.0,0.0,284.289186,7959.767286,0.0,0.0
362,as,52.68483462,-9261.884781,363.0,5603.093921,0.5039443109,160.0,0.0,0.0,353.2339034,5249.860017,0.0,0.0
363,fixed,89.90070024,-11311.77616,660.0,-8515.917725,-0.8504280811,290.0,0.0,0.0,330.0,-8845.917725,0.0,0.0
363,spread_matched,60.98185611,-4350.51287,401.0,2522.039919,0.3689277947,180.0,0.0,0.0,391.6981166,2130.341803,0.0,0.0
363,skew_only,60.16458187,-8585.334895,665.0,-4267.043773,-0.6401485701,140.0,0.0,0.0,329.495176,-4596.538949,0.0,0.0
363,as,62.32633726,-4589.238156,405.0,-1057.409596,-0.1896670545,180.0,0.0,0.0,393.7965734,-1451.20617,0.0,0.0
364,fixed,46.40530642,-4531.34478,582.0,6644.082601,0.9721403078,180.0,0.0,0.0,291.0,6353.082601,0.0,0.0
364,spread_matched,43.52449568,-7880.76339,363.0,15383.66914,1.034768238,220.0,0.0,0.0,354.5795919,15029.08955,0.0,0.0
364,skew_only,33.52960446,-4532.214958,581.0,4310.204801,0.6611420277,120.0,0.0,0.0,287.733166,4022.471635,0.0,0.0
364,as,22.8259878,-4767.485435,360.0,6782.274061,0.7878652122,110.0,0.0,0.0,349.9355517,6432.338509,0.0,0.0
365,fixed,89.85919193,-25709.59908,583.0,-1216.132138,-0.04775515004,270.0,0.0,0.0,291.5,-1507.632138,0.0,0.0
365,spread_matched,52.14040088,-10091.78076,371.0,-2627.589403,-0.2606322825,130.0,0.0,0.0,362.3940181,-2989.983421,0.0,0.0
365,skew_only,65.54539142,-13752.6251,583.0,-4520.957731,-0.3224325979,160.0,0.0,0.0,289.042076,-4809.999807,0.0,0.0
365,as,48.59374342,-10021.59894,373.0,-2002.974407,-0.186265503,140.0,0.0,0.0,362.5932427,-2365.56765,0.0,0.0
366,fixed,89.49104446,-3437.304513,565.0,6206.833098,1.335137357,280.0,0.0,0.0,282.5,5924.333098,0.0,0.0
366,spread_matched,47.25235206,-5146.666736,347.0,3873.692052,0.9806985007,110.0,0.0,0.0,338.9507393,3534.741313,0.0,0.0
366,skew_only,73.4259913,-4456.44943,572.0,3463.32542,0.86229824,180.0,0.0,0.0,283.731006,3179.594414,0.0,0.0
366,as,44.51000085,-3567.438937,347.0,3548.059685,1.041911693,120.0,0.0,0.0,337.3088517,3210.750834,0.0,0.0
367,fixed,64.91904367,-106860.8962,564.0,8088.755292,0.1119086898,160.0,0.0,0.0,282.0,7806.755292,0.0,0.0
367,spread_matched,46.39324777,-47838.53312,364.0,24084.51117,0.45820636,220.0,0.0,0.0,355.5563952,23728.95478,0.0,0.0
367,skew_only,56.74107224,-20836.35726,567.0,54424.56706,1.622556984,140.0,0.0,0.0,280.982318,54143.58474,0.0,0.0
367,as,44.40373677,-14252.16592,361.0,39803.34104,1.587068123,140.0,0.0,0.0,350.8866798,39452.45436,0.0,0.0
368,fixed,84.12600052,-38834.54806,561.0,15089.90798,0.5173815649,260.0,0.0,0.0,280.5,14809.40798,0.0,0.0
368,spread_matched,54.13195839,-25054.68241,348.0,9764.605493,0.5225395836,180.0,0.0,0.0,339.9275426,9424.677951,0.0,0.0
368,skew_only,65.58483056,-13923.05627,566.0,10341.63672,0.8392018728,160.0,0.0,0.0,280.688368,10060.94836,0.0,0.0
368,as,54.38727828,-9759.588299,354.0,9298.749062,0.9593819533,130.0,0.0,0.0,344.237306,8954.511756,0.0,0.0
369,fixed,160.1393166,-2798.660344,576.0,960.7308146,0.3580624386,440.0,0.0,0.0,288.0,672.7308146,0.0,0.0
369,spread_matched,60.78219949,-1439.09956,367.0,4083.567357,2.098674986,220.0,0.0,0.0,358.486805,3725.080552,0.0,0.0
369,skew_only,126.2708308,-2424.098083,577.0,1250.488528,0.5472780976,390.0,0.0,0.0,287.922156,962.5663724,0.0,0.0
369,as,57.86212335,-1439.21808,366.0,3382.735692,1.885118473,190.0,0.0,0.0,355.9495516,3026.786141,0.0,0.0
370,fixed,70.06917992,-11450.29448,569.0,-6116.536088,-1.030437244,230.0,0.0,0.0,284.5,-6401.036088,0.0,0.0
370,spread_matched,31.37514225,-8712.300011,352.0,-6660.675337,-1.483609637,120.0,0.0,0.0,343.8347558,-7004.510093,0.0,0.0
370,skew_only,47.51572454,-8986.757102,563.0,-4342.086551,-0.8983747237,110.0,0.0,0.0,279.046584,-4621.133135,0.0,0.0
370,as,35.29687805,-6337.888752,355.0,-4597.299431,-1.336202607,90.0,0.0,0.0,344.9968128,-4942.296244,0.0,0.0
371,fixed,106.8943008,-159018.4126,619.0,55691.16122,0.3538292453,400.0,0.0,0.0,309.5,55381.66122,0.0,0.0
371,spread_matched,56.14690801,-36274.28636,387.0,22157.7653,0.6136972796,150.0,0.0,0.0,378.0228707,21779.74243,0.0,0.0
371,skew_only,68.41902297,-41739.38867,617.0,52786.9346,0.8099739273,230.0,0.0,0.0,306.090936,52480.84366,0.0,0.0
371,as,53.59170457,-42018.5419,388.0,16861.51125,0.4442217332,140.0,0.0,0.0,377.1800869,16484.33116,0.0,0.0
372,fixed,192.5865964,-20037.10984,548.0,263.1715627,0.01008616228,550.0,0.0,0.0,274.0,-10.82843725,0.0,0.0
372,spread_matched,85.50868947,-6104.797955,338.0,9159.395937,0.9073750388,210.0,0.0,0.0,330.1595098,8829.236428,0.0,0.0
372,skew_only,57.96865218,-6553.104558,542.0,-424.2384304,-0.04868722837,230.0,0.0,0.0,269.42129,-693.6597204,0.0,0.0
372,as,54.15454685,-6360.796739,337.0,3971.532073,0.5738155595,180.0,0.0,0.0,327.9168651,3643.615208,0.0,0.0
373,fixed,93.49034046,-9924.735241,598.0,5996.347737,0.6167902839,260.0,0.0,0.0,299.0,5697.347737,0.0,0.0
373,spread_matched,44.59096858,-14784.35305,349.0,-2608.289503,-0.2024758277,130.0,0.0,0.0,340.9043459,-2949.193849,0.0,0.0
373,skew_only,59.44787612,-6643.278677,600.0,6420.230851,0.8192477566,190.0,0.0,0.0,297.627972,6122.602879,0.0,0.0
373,as,41.53731709,-7880.77969,350.0,3009.260438,0.4370816091,90.0,0.0,0.0,340.2031815,2669.057256,0.0,0.0
374,fixed,65.637774,-60030.12284,568.0,-35022.29358,-1.441017432,200.0,0.0,0.0,284.0,-35306.29358,0.0,0.0
374,spread_matched,57.85701949,-27457.18963,371.0,-22728.48894,-1.781767646,160.0,0.0,0.0,362.3940181,-23090.88296,0.0,0.0
374,skew_only,66.70749031,-35441.97827,572.0,-20648.2768,-1.260335936,220.0,0.0,0.0,283.55187,-20931.82867,0.0,0.0
374,as,58.22238745,-27216.45165,370.0,-20651.39676,-1.553417098,150.0,0.0,0.0,359.7329777,-21011.12974,0.0,0.0
375,fixed,64.76469334,-27980.21813,597.0,1885.218086,0.08711044046,200.0,0.0,0.0,298.5,1586.718086,0.0,0.0
375,spread_matched,87.34862964,-26012.52071,379.0,3135.428203,0.1578602509,180.0,0.0,0.0,370.2084444,2765.219758,0.0,0.0
375,skew_only,58.93551655,-8087.719926,596.0,-3129.224728,-0.3823306732,190.0,0.0,0.0,295.463066,-3424.687794,0.0,0.0
375,as,75.35916324,-14072.10899,382.0,-9128.701069,-0.8004575189,170.0,0.0,0.0,371.8513501,-9500.552419,0.0,0.0
376,fixed,50.82563321,-7483.330871,562.0,17417.83862,1.232752672,200.0,0.0,0.0,281.0,17136.83862,0.0,0.0
376,spread_matched,41.65018126,-4706.698544,341.0,12567.68006,1.602999,170.0,0.0,0.0,333.0899196,12234.59014,0.0,0.0
376,skew_only,45.24200896,-4775.00272,565.0,13705.12604,1.455768747,150.0,0.0,0.0,279.983672,13425.14237,0.0,0.0
376,as,41.30382796,-4235.155322,340.0,11221.71505,1.545636063,160.0,0.0,0.0,330.4833902,10891.23166,0.0,0.0
377,fixed,141.405571,-72267.78535,594.0,29139.70312,0.4365097267,560.0,0.0,0.0,297.0,28842.70312,0.0,0.0
377,spread_matched,41.77615319,-23306.14407,371.0,7125.965801,0.3651523237,170.0,0.0,0.0,362.3940181,6763.571782,0.0,0.0
377,skew_only,56.7967661,-22755.38341,592.0,1134.898315,0.06033267692,200.0,0.0,0.0,293.78585,841.1124652,0.0,0.0
377,as,33.99713386,-9056.424338,372.0,2816.499773,0.3262908775,100.0,0.0,0.0,361.4782035,2455.02157,0.0,0.0
378,fixed,100.2953556,-9606.780591,553.0,20198.69192,1.896598144,410.0,0.0,0.0,276.5,19922.19192,0.0,0.0
378,spread_matched,84.82400032,-8355.021526,338.0,17371.08207,1.979820648,360.0,0.0,0.0,330.1595098,17040.92256,0.0,0.0
378,skew_only,40.38750718,-3802.652439,561.0,9237.34917,1.966988781,160.0,0.0,0.0,278.111208,8959.237962,0.0,0.0
378,as,53.42571662,-2384.115901,337.0,12378.68806,2.312307822,230.0,0.0,0.0,328.3701049,12050.31796,0.0,0.0
379,fixed,71.09480814,-542707.3066,570.0,-100947.3177,-0.2344408358,210.0,0.0,0.0,285.0,-101232.3177,0.0,0.0
379,spread_matched,57.53041616,-485664.3743,347.0,-137281.0568,-0.4359838359,180.0,0.0,0.0,338.9507393,-137620.0076,0.0,0.0
379,skew_only,41.83393597,-426604.6364,574.0,-220689.4219,-0.8421705025,140.0,0.0,0.0,284.342408,-220973.7643,0.0,0.0
379,as,46.62562573,-376169.6761,346.0,-170368.4255,-0.6906003219,130.0,0.0,0.0,336.354771,-170704.7803,0.0,0.0
380,fixed,57.07842562,-15429.77504,569.0,-4881.271994,-0.2756275656,150.0,0.0,0.0,284.5,-5165.771994,0.0,0.0
380,spread_matched,46.76908414,-20072.89707,355.0,16469.20586,0.6537312664,170.0,0.0,0.0,346.7651656,16122.44069,0.0,0.0
380,skew_only,54.60864744,-15750.04077,569.0,-6834.497554,-0.5162616723,180.0,0.0,0.0,281.804834,-7116.302388,0.0,0.0
380,as,28.79060734,-6460.175323,355.0,8501.42746,0.9174254116,90.0,0.0,0.0,344.8051073,8156.622353,0.0,0.0
381,fixed,84.86006339,-271838.9473,539.0,141578.4498,0.5177147639,310.0,0.0,0.0,269.5,141308.9498,0.0,0.0
381,spread_matched,106.7411804,-437277.4054,327.0,366915.4487,0.8410817416,420.0,0.0,0.0,319.4146737,366596.0341,0.0,0.0
381,skew_only,68.78521283,-137599.6396,546.0,-63467.39282,-0.532370598,160.0,0.0,0.0,270.640906,-63738.03373,0.0,0.0
381,as,47.75180322,-126996.791,327.0,57622.96968,0.491218275,160.0,0.0,0.0,318.2058298,57304.76385,0.0,0.0
382,fixed,82.75297544,-40553.68932,609.0,-19498.06868,-0.7657181513,240.0,0.0,0.0,304.5,-19802.56868,0.0,0.0
382,spread_matched,63.49651801,-68655.02582,386.0,-49703.27907,-1.200387998,250.0,0.0,0.0,377.0460674,-50080.32514,0.0,0.0
382,skew_only,52.20430936,-32550.80906,617.0,-14505.4998,-0.7832717631,140.0,0.0,0.0,305.618662,-14811.11846,0.0,0.0
382,as,65.31308438,-51506.93949,385.0,-37703.57383,-1.538809483,190.0,0.0,0.0,374.3895818,-38077.96341,0.0,0.0
383,fixed,71.67477876,-9624.455072,603.0,4686.300748,0.4138340367,300.0,0.0,0.0,301.5,4384.800748,0.0,0.0
383,spread_matched,77.73124033,-5922.199663,372.0,6506.921001,0.8609505372,260.0,0.0,0.0,363.3708214,6143.55018,0.0,0.0
383,skew_only,50.39309904,-3812.195505,601.0,-269.3030131,-0.09211559502,150.0,0.0,0.0,297.935452,-567.2384651,0.0,0.0
383,as,81.64291399,-3934.848394,369.0,3984.400806,0.6598343173,210.0,0.0,0.0,359.22263,3625.178176,0.0,0.0
384,fixed,84.76751538,-53989.81298,585.0,-27862.0096,-1.00252487,200.0,0.0,0.0,292.5,-28154.5096,0.0,0.0
384,spread_matched,93.67904525,-28753.96271,371.0,-12983.72695,-0.892125052,200.0,0.0,0.0,362.3940181,-13346.12097,0.0,0.0
384,skew_only,66.67970287,-27342.98024,587.0,-1970.186742,-0.1056380103,190.0,0.0,0.0,291.064084,-2261.250826,0.0,0.0
384,as,57.36659373,-19474.47464,376.0,-5736.143569,-0.4917079668,140.0,0.0,0.0,365.7762552,-6101.919824,0.0,0.0
385,fixed,141.7645768,-49112.74874,538.0,-402.3845222,-0.01106363933,380.0,0.0,0.0,269.0,-671.3845222,0.0,0.0
385,spread_matched,67.65947673,-12468.65144,335.0,13226.09325,0.7628943142,160.0,0.0,0.0,327.2290999,12898.86415,0.0,0.0
385,skew_only,110.412329,-26516.72261,545.0,11910.48879,0.4593121008,240.0,0.0,0.0,271.544912,11638.94387,0.0,0.0
385,as,59.35715323,-9308.327372,336.0,13032.53621,0.881476267,160.0,0.0,0.0,326.7694899,12705.76673,0.0,0.0
386,fixed,79.68682827,-71211.66137,622.0,107730.1635,1.16296369,320.0,0.0,0.0,311.0,107419.1635,0.0,0.0
386,spread_matched,48.86148602,-39274.73522,404.0,58785.49307,1.166907611,190.0,0.0,0.0,394.6285265,58390.86455,0.0,0.0
386,skew_only,38.32603288,-9206.312509,624.0,21482.51526,1.206816547,140.0,0.0,0.0,309.290036,21173.22522,0.0,0.0
386,as,28.36953702,-12107.30362,403.0,26512.89463,1.475636928,100.0,0.0,0.0,391.6424105,26121.25222,0.0,0.0
387,fixed,74.56246131,-220153.2742,584.0,-7505.716821,-0.04407850905,300.0,0.0,0.0,292.0,-7797.716821,0.0,0.0
387,spread_matched,74.75220374,-184279.3882,374.0,-35186.6215,-0.2665741713,270.0,0.0,0.0,365.324428,-35551.94592,0.0,0.0
387,skew_only,45.66800473,-74121.57305,583.0,24315.43763,0.3665618909,140.0,0.0,0.0,288.933446,24026.50419,0.0,0.0
387,as,49.85802803,-107490.4371,372.0,-17431.64406,-0.2337036315,170.0,0.0,0.0,361.8212567,-17793.46532,0.0,0.0
388,fixed,96.82775974,-48560.41745,569.0,-7487.082139,-0.1254545156,250.0,0.0,0.0,284.5,-7771.582139,0.0,0.0
388,spread_matched,50.7461437,-68068.7771,350.0,-37492.91828,-0.7920170751,180.0,0.0,0.0,341.8811492,-37834.79943,0.0,0.0
388,skew_only,63.95825964,-50959.66499,569.0,31864.21637,0.5262893183,180.0,0.0,0.0,282.083942,31582.13243,0.0,0.0
388,as,50.63010073,-46549.14444,349.0,16390.18994,0.3469801252,120.0,0.0,0.0,339.2486025,16050.94134,0.0,0.0
389,fixed,102.3193369,-12782.70859,582.0,16417.62924,1.085480415,400.0,0.0,0.0,291.0,16126.62924,0.0,0.0
389,spread_matched,47.38282253,-6542.517162,356.0,10705.42368,1.128470592,240.0,0.0,0.0,347.7419689,10357.68172,0.0,0.0
389,skew_only,43.21876758,-2876.781742,576.0,5179.937981,1.072327638,190.0,0.0,0.0,285.477602,4894.460379,0.0,0.0
389,as,34.48024534,-3850.907171,357.0,6117.35882,1.241933114,110.0,0.0,0.0,346.9503761,5770.408444,0.0,0.0
390,fixed,62.37443374,-72085.39226,573.0,-7099.832669,-0.1093974423,290.0,0.0,0.0,286.5,-7386.332669,0.0,0.0
390,spread_matched,47.95409838,-13937.39108,368.0,29151.34234,1.341693873,100.0,0.0,0.0,359.4636083,28791.87873,0.0,0.0
390,skew_only,56.28628209,-12624.55936,586.0,17671.33255,0.6688880512,150.0,0.0,0.0,290.3491,17380.98345,0.0,0.0
390,as,47.12502264,-13937.70251,371.0,25294.64126,1.090148965,120.0,0.0,0.0,360.5074052,24934.13386,0.0,0.0
391,fixed,77.87290619,-4356.473134,555.0,2779.457165,0.9196024874,170.0,0.0,0.0,277.5,2501.957165,0.0,0.0
391,spread_matched,47.3818528,-4580.47075,364.0,5121.869721,1.256409768,200.0,0.0,0.0,355.5563952,4766.313326,0.0,0.0
391,skew_only,67.96010447,-3690.784444,559.0,2884.120324,1.195110403,170.0,0.0,0.0,277.233664,2606.88666,0.0,0.0
391,as,48.65939169,-2894.354111,365.0,2938.665392,1.248215701,130.0,0.0,0.0,354.8973536,2583.768039,0.0,0.0
392,fixed,34.86903829,-3662.82824,591.0,349.9474942,0.09027760052,120.0,0.0,0.0,295.5,54.4474942,0.0,0.0
392,spread_matched,34.12006887,-3337.408076,375.0,-1347.714481,-0.5938028437,110.0,0.0,0.0,366.3012313,-1714.015712,0.0,0.0
392,skew_only,38.02713451,-4787.352669,588.0,-2213.744668,-0.8378458946,110.0,0.0,0.0,291.20185,-2504.946518,0.0,0.0
392,as,28.17820711,-2116.600315,375.0,-71.05330829,-0.03452067348,80.0,0.0,0.0,364.3172411,-435.3705494,0.0,0.0
393,fixed,65.174632,-4483.226823,580.0,712.8022344,0.1502963771,190.0,0.0,0.0,290.0,422.8022344,0.0,0.0
393,spread_matched,65.85768407,-5597.295147,349.0,-1598.764943,-0.4528557266,160.0,0.0,0.0,340.9043459,-1939.669289,0.0,0.0
393,skew_only,56.7896413,-3928.995515,586.0,3578.428928,0.7805514153,160.0,0.0,0.0,290.383924,3288.045004,0.0,0.0
393,as,62.0686054,-4398.259873,350.0,1164.080225,0.3496571223,160.0,0.0,0.0,340.5182352,823.5619899,0.0,0.0
394,fixed,60.80532279,-55505.05514,589.0,18926.42983,0.4518826672,300.0,0.0,0.0,294.5,18631.92983,0.0,0.0
394,spread_matched,42.25861776,-37483.1014,369.0,11676.65688,0.4041908081,190.0,0.0,0.0,360.4404116,11316.21646,0.0,0.0
394,skew_only,54.39071976,-15272.37987,589.0,1032.716028,0.09159657946,150.0,0.0,0.0,291.895964,740.8200644,0.0,0.0
394,as,51.95598041,-14399.29849,365.0,-4600.134855,-0.4915475546,140.0,0.0,0.0,354.7969962,-4954.931851,0.0,0.0
395,fixed,50.41628622,-46488.92827,536.0,-21334.70502,-0.6264579049,220.0,0.0,0.0,268.0,-21602.70502,0.0,0.0
395,spread_matched,30.38524932,-52457.18815,348.0,-34263.10231,-1.011705847,180.0,0.0,0.0,339.9275426,-34603.02985,0.0,0.0
395,skew_only,32.33446898,-23948.42578,537.0,-10373.15749,-0.5941412987,150.0,0.0,0.0,265.995112,-10639.1526,0.0,0.0
395,as,32.57720774,-27480.63633,353.0,-16907.98759,-1.143741875,110.0,0.0,0.0,343.0489718,-17251.03656,0.0,0.0
396,fixed,153.0112103,-947079.5212,588.0,-783050.6236,-1.59055344,600.0,0.0,0.0,294.0,-783344.6236,0.0,0.0
396,spread_matched,123.5915169,-675117.9456,365.0,-562453.3856,-1.590256619,430.0,0.0,0.0,356.5331984,-562809.9188,0.0,0.0
396,skew_only,71.41483835,-382765.0564,587.0,-291076.5421,-1.373442132,310.0,0.0,0.0,291.51961,-291368.0617,0.0,0.0
396,as,65.06916301,-352690.6093,366.0,-285824.6707,-1.532015264,260.0,0.0,0.0,356.480279,-286181.151,0.0,0.0
397,fixed,66.25681428,-46303.58035,598.0,-19599.68164,-0.5253534459,290.0,0.0,0.0,299.0,-19898.68164,0.0,0.0
397,spread_matched,59.65648344,-68799.71662,394.0,-34145.13268,-0.6846955758,280.0,0.0,0.0,384.8604937,-34529.99317,0.0,0.0
397,skew_only,67.20073362,-21244.33966,598.0,-3848.597004,-0.2085725247,230.0,0.0,0.0,296.462322,-4145.059326,0.0,0.0
397,as,57.2373304,-27157.09862,391.0,-10685.56784,-0.5319636164,160.0,0.0,0.0,380.1623237,-11065.73017,0.0,0.0
398,fixed,101.0559943,-39041.64706,618.0,17386.1276,0.5910229464,250.0,0.0,0.0,309.0,17077.1276,0.0,0.0
398,spread_matched,129.776379,-70506.73261,373.0,31861.51442,0.5641869926,330.0,0.0,0.0,364.3476247,31497.16679,0.0,0.0
398,skew_only,52.2133661,-15076.88824,618.0,8694.345365,0.6709011539,130.0,0.0,0.0,306.245606,8388.099759,0.0,0.0
398,as,64.14973851,-17425.28478,383.0,17703.6191,0.9419429579,160.0,0.0,0.0,372.7137412,17330.90536,0.0,0.0
399,fixed,42.51765332,-6349.763298,579.0,3879.20582,0.5048838736,210.0,0.0,0.0,289.5,3589.70582,0.0,0.0
399,spread_matched,87.97439209,-13319.04792,360.0,18481.61152,1.185533649,330.0,0.0,0.0,351.649182,18129.96234,0.0,0.0
399,skew_only,36.74499116,-4935.034558,578.0,-791.8712754,-0.163551494,140.0,0.0,0.0,286.227028,-1078.098303,0.0,0.0
399,as,25.72062906,-4744.248231,359.0,3684.554597,0.5804697901,140.0,0.0,0.0,349.0189084,3335.535688,0.0,0.0
400,fixed,91.00399876,-13458.32175,583.0,6488.605044,0.4200512132,260.0,0.0,0.0,291.5,6197.105044,0.0,0.0
400,spread_matched,66.83471684,-44998.6214,362.0,5403.183792,0.182383826,250.0,0.0,0.0,353.6027886,5049.581003,0.0,0.0
400,skew_only,68.34582975,-33109.17635,580.0,-13131.35399,-0.6016309831,170.0,0.0,0.0,287.546362,-13418.90036,0.0,0.0
400,as,41.26466982,-16468.03344,362.0,-720.4068028,-0.06305446403,150.0,0.0,0.0,352.0275319,-1072.434335,0.0,0.0
401,fixed,77.29407371,-636668.3877,573.0,-351708.9931,-0.6194067408,370.0,0.0,0.0,286.5,-351995.4931,0.0,0.0
401,spread_matched,59.99221482,-449691.4545,359.0,-291435.166,-0.7426902755,260.0,0.0,0.0,350.6723787,-291785.8384,0.0,0.0
401,skew_only,39.39081973,-57269.0585,576.0,47860.71275,0.5080133671,150.0,0.0,0.0,285.50189,47575.21086,0.0,0.0
401,as,28.02260786,-103563.5296,356.0,-13266.1081,-0.1323986914,130.0,0.0,0.0,346.1635638,-13612.27167,0.0,0.0
402,fixed,88.7444931,-23763.36606,608.0,-15979.73247,-0.8254585029,290.0,0.0,0.0,304.0,-16283.73247,0.0,0.0
402,spread_matched,39.94724076,-13738.04479,387.0,4885.749264,0.3775692025,160.0,0.0,0.0,378.0228707,4507.726393,0.0,0.0
402,skew_only,41.63407182,-4789.680796,608.0,1944.293587,0.3703405393,130.0,0.0,0.0,301.053958,1643.239629,0.0,0.0
402,as,38.22585675,-9194.371359,389.0,5506.800469,0.6451723709,120.0,0.0,0.0,378.0696876,5128.730782,0.0,0.0
403,fixed,40.84552318,-27137.67758,597.0,-1327.924052,-0.0521330409,160.0,0.0,0.0,298.5,-1626.424052,0.0,0.0
403,spread_matched,74.67196662,-95235.02033,372.0,-36754.91262,-0.377459648,190.0,0.0,0.0,363.3708214,-37118.28344,0.0,0.0
403,skew_only,36.38151144,-21509.56532,606.0,24327.65113,0.8267896091,120.0,0.0,0.0,300.100756,24027.55037,0.0,0.0
403,as,40.30755977,-49480.68117,376.0,-8314.727458,-0.219752833,110.0,0.0,0.0,365.4292285,-8680.156687,0.0,0.0
404,fixed,151.6373888,-32638.58583,583.0,-337.4391659,-0.009475659808,360.0,0.0,0.0,291.5,-628.9391659,0.0,0.0
404,spread_matched,96.57741574,-25970.16246,358.0,-871.4737448,-0.03444873758,250.0,0.0,0.0,349.6955755,-1221.16932,0.0,0.0
404,skew_only,65.82292907,-18876.14957,590.0,-8310.831986,-0.4881216389,210.0,0.0,0.0,292.782544,-8603.61453,0.0,0.0
404,as,72.61556582,-22962.88892,357.0,-3108.519352,-0.1354935325,220.0,0.0,0.0,347.8980454,-3456.417397,0.0,0.0
405,fixed,67.37492115,-4685.776944,567.0,799.7450195,0.2130519504,200.0,0.0,0.0,283.5,516.2450195,0.0,0.0
405,spread_matched,50.96645073,-1932.65993,339.0,2870.227913,0.8924261693,150.0,0.0,0.0,331.1363131,2539.0916,0.0,0.0
405,skew_only,47.0539741,-4722.416843,569.0,-220.7689363,-0.06717880247,130.0,0.0,0.0,281.856868,-502.6258043,0.0,0.0
405,as,25.57795752,-1481.894256,347.0,2248.381137,1.097938143,80.0,0.0,0.0,337.1161496,1911.264988,0.0,0.0
406,fixed,118.6035663,-59112.18434,525.0,-39554.65621,-1.001779293,290.0,0.0,0.0,262.5,-39817.15621,0.0,0.0
406,spread_matched,90.47770817,-57766.57509,333.0,-31611.26866,-0.8594031259,250.0,0.0,0.0,325.2754934,-31936.54416,0.0,0.0
406,skew_only,95.18758303,-45060.30917,515.0,-25119.41942,-0.8584155846,190.0,0.0,0.0,255.923974,-25375.34339,0.0,0.0
406,as,84.3247672,-32908.35435,332.0,-29309.18104,-1.52565369,160.0,0.0,0.0,323.2088243,-29632.38986,0.0,0.0
407,fixed,102.4160987,-21406.1008,562.0,-14190.14565,-0.7603693148,520.0,0.0,0.0,281.0,-14471.14565,0.0,0.0
407,spread_matched,66.56503512,-13499.46489,368.0,-9858.188702,-0.8637749498,330.0,0.0,0.0,359.4636083,-10217.65231,0.0,0.0
407,skew_only,77.13593173,-9064.404629,547.0,-4812.28727,-1.087483315,160.0,0.0,0.0,271.4836,-5083.77087,0.0,0.0
407,as,73.22693466,-7977.786839,372.0,-5625.188323,-1.135470508,170.0,0.0,0.0,362.0560837,-5987.244407,0.0,0.0
408,fixed,138.5652625,-261403.1962,599.0,167123.5199,0.8536787925,560.0,0.0,0.0,299.5,166824.0199,0.0,0.0
408,spread_matched,58.07399828,-89264.99698,381.0,50709.20975,0.78483808,220.0,0.0,0.0,372.162051,50337.0477,0.0,0.0
408,skew_only,66.0944105,-60433.85651,601.0,55350.04646,1.012282356,230.0,0.0,0.0,298.57215,55051.47431,0.0,0.0
408,as,33.17539998,-36378.35015,381.0,22399.60208,0.811056165,120.0,0.0,0.0,370.3962168,22029.20587,0.0,0.0
409,fixed,52.69382674,-4065.843902,539.0,10184.97053,1.840737146,190.0,0.0,0.0,269.5,9915.470535,0.0,0.0
409,spread_matched,48.09473551,-2879.165075,327.0,4788.290284,1.569913988,110.0,0.0,0.0,319.4146737,4468.87561,0.0,0.0
409,skew_only,49.05307966,-2139.444169,543.0,3937.068963,1.36504135,120.0,0.0,0.0,269.068258,3668.000705,0.0,0.0
409,as,51.08183235,-2519.276859,331.0,3571.294526,1.305993942,130.0,0.0,0.0,321.8351246,3249.459401,0.0,0.0
410,fixed,73.05919818,-14394.86459,598.0,-13392.15779,-2.648972767,330.0,0.0,0.0,299.0,-13691.15779,0.0,0.0
410,spread_matched,64.03584621,-10682.82849,367.0,-9805.109085,-2.315016647,200.0,0.0,0.0,358.486805,-10163.59589,0.0,0.0
410,skew_only,50.69788002,-7023.326662,604.0,-6057.601597,-2.196263705,160.0,0.0,0.0,299.316988,-6356.918585,0.0,0.0
410,as,70.7987794,-6052.095866,362.0,-4946.947752,-2.010002779,210.0,0.0,0.0,352.2634676,-5299.21122,0.0,0.0
411,fixed,82.81158155,-57577.73051,555.0,-9896.231552,-0.2634549164,330.0,0.0,0.0,277.5,-10173.73155,0.0,0.0
411,spread_matched,46.27180471,-16004.55031,348.0,-11469.75751,-0.9193730507,120.0,0.0,0.0,339.9275426,-11809.68505,0.0,0.0
411,skew_only,34.42637216,-12309.4592,557.0,-2238.881366,-0.1784696572,160.0,0.0,0.0,276.05071,-2514.932076,0.0,0.0
411,as,40.55650033,-14018.57431,351.0,-9930.441195,-0.8606793841,100.0,0.0,0.0,341.1522666,-10271.59346,0.0,0.0
412,fixed,67.88157953,-4590.82852,576.0,8201.236119,1.207479287,270.0,0.0,0.0,288.0,7913.236119,0.0,0.0
412,spread_matched,53.75065782,-2073.318438,341.0,4279.690945,1.241934126,210.0,0.0,0.0,333.0899196,3946.601025,0.0,0.0
412,skew_only,48.03986177,-1438.808607,565.0,2967.07206,1.091861852,130.0,0.0,0.0,279.972,2687.10006,0.0,0.0
412,as,36.05031323,-1618.38089,345.0,3122.561908,1.449106341,110.0,0.0,0.0,335.3181482,2787.24376,0.0,0.0
413,fixed,86.87587262,-114870.4077,575.0,31813.52444,0.1902108169,280.0,0.0,0.0,287.5,31526.02444,0.0,0.0
413,spread_matched,59.10690653,-135722.7873,343.0,-30359.71129,-0.4110069317,150.0,0.0,0.0,335.0435262,-30694.75482,0.0,0.0
413,skew_only,55.21617653,-64545.28978,570.0,-12125.6733,-0.1742553013,150.0,0.0,0.0,282.615162,-12408.28847,0.0,0.0
413,as,53.84429848,-125403.1017,341.0,-28772.56807,-0.4077561287,140.0,0.0,0.0,331.5153249,-29104.0834,0.0,0.0
414,fixed,67.84161095,-13903.39191,566.0,15685.05093,0.6153493689,270.0,0.0,0.0,283.0,15402.05093,0.0,0.0
414,spread_matched,46.74310378,-9209.032129,342.0,11393.58024,0.8385659131,150.0,0.0,0.0,334.0667229,11059.51351,0.0,0.0
414,skew_only,60.61776238,-8985.189969,561.0,3744.306491,0.269776907,170.0,0.0,0.0,278.074538,3466.231953,0.0,0.0
414,as,45.59232478,-5019.047476,348.0,1601.905257,0.1968919464,150.0,0.0,0.0,338.2647885,1263.640469,0.0,0.0
415,fixed,81.57296081,-66514.50213,549.0,24686.33177,0.2835374317,380.0,0.0,0.0,274.5,24411.83177,0.0,0.0
415,spread_matched,73.57203915,-47781.96991,352.0,1967.173094,0.04358471249,210.0,0.0,0.0,343.8347558,1623.338338,0.0,0.0
415,skew_only,74.07630606,-26320.72402,555.0,-930.6722163,-0.02738708045,180.0,0.0,0.0,275.320628,-1205.992844,0.0,0.0
415,as,74.55733551,-30878.36589,349.0,-3695.176304,-0.1150025236,180.0,0.0,0.0,339.574349,-4034.750653,0.0,0.0
416,fixed,52.81383819,-11302.36452,581.0,-2638.884368,-0.5162929459,130.0,0.0,0.0,290.5,-2929.384368,0.0,0.0
416,spread_matched,58.87218677,-14605.69341,361.0,-6958.181676,-1.229524637,150.0,0.0,0.0,352.6259853,-7310.807661,0.0,0.0
416,skew_only,49.08782334,-6770.771441,581.0,596.3268397,0.1426074789,130.0,0.0,0.0,287.827048,308.4997917,0.0,0.0
416,as,55.99405753,-9436.38308,362.0,-4918.662365,-1.091067088,170.0,0.0,0.0,351.8947517,-5270.557117,0.0,0.0
417,fixed,109.1061134,-32841.87258,589.0,2219.269705,0.09475457573,320.0,0.0,0.0,294.5,1924.769705,0.0,0.0
417,spread_matched,101.1268003,-25101.0017,364.0,8305.207113,0.3538535048,340.0,0.0,0.0,355.5563952,7949.650718,0.0,0.0
417,skew_only,58.72162865,-15165.17393,594.0,1248.993284,0.1224955312,160.0,0.0,0.0,294.474548,954.5187362,0.0,0.0
417,as,77.71025389,-13426.75256,364.0,9000.592011,0.6068215938,240.0,0.0,0.0,354.4969617,8646.09505,0.0,0.0
418,fixed,85.2072288,-13448.36099,570.0,12079.59126,0.730911281,240.0,0.0,0.0,285.0,11794.59126,0.0,0.0
418,spread_matched,33.5451934,-9434.00585,356.0,-4993.026403,-0.5962454314,140.0,0.0,0.0,347.7419689,-5340.768372,0.0,0.0
418,skew_only,61.05551211,-11794.25262,566.0,3771.44298,0.2728095088,200.0,0.0,0.0,280.805232,3490.637748,0.0,0.0
418,as,32.97309637,-4756.913805,353.0,-2136.27197,-0.38373259,90.0,0.0,0.0,343.036272,-2479.308242,0.0,0.0
419,fixed,86.72534741,-13629.23346,626.0,-5414.368258,-0.5235453548,210.0,0.0,0.0,313.0,-5727.368258,0.0,0.0
419,spread_matched,56.4725601,-28187.26258,403.0,-18557.20771,-1.126267165,280.0,0.0,0.0,393.6517232,-18950.85943,0.0,0.0
419,skew_only,79.73406075,-9384.992399,626.0,-1412.836762,-0.1751348795,190.0,0.0,0.0,310.438508,-1723.27527,0.0,0.0
419,as,56.19343448,-12091.76968,401.0,-5799.334355,-0.7193866724,140.0,0.0,0.0,389.8066857,-6189.14104,0.0,0.0
420,fixed,82.42574462,-115825.2568,590.0,-49553.04488,-0.5119799857,350.0,0.0,0.0,295.0,-49848.04488,0.0,0.0
420,spread_matched,73.36059563,-108153.309,385.0,-31806.46538,-0.3429490259,330.0,0.0,0.0,376.0692641,-32182.53464,0.0,0.0
420,skew_only,61.93369841,-16927.34733,590.0,12826.38124,0.4370491357,150.0,0.0,0.0,292.46734,12533.9139,0.0,0.0
420,as,64.7685213,-41787.94042,385.0,4780.035279,0.1035463035,230.0,0.0,0.0,374.5510344,4405.484245,0.0,0.0
421,fixed,66.43989295,-19545.5219,594.0,-1902.359307,-0.1507200609,290.0,0.0,0.0,297.0,-2199.359307,0.0,0.0
421,spread_matched,52.96390241,-24571.96573,358.0,240.0378686,0.01402289058,240.0,0.0,0.0,349.6955755,-109.6577069,0.0,0.0
421,skew_only,48.51545608,-6508.889724,590.0,4666.79749,0.8462195689,160.0,0.0,0.0,292.247602,4374.549888,0.0,0.0
421,as,33.7148499,-5037.128365,354.0,8488.350486,1.647311982,100.0,0.0,0.0,343.9938543,8144.356631,0.0,0.0
422,fixed,85.68289423,-5209.574199,570.0,4982.968651,0.6402087657,220.0,0.0,0.0,285.0,4697.968651,0.0,0.0
422,spread_matched,64.1580966,-10548.44187,344.0,-390.771444,-0.04508358002,210.0,0.0,0.0,336.0203295,-726.7917734,0.0,0.0
422,skew_only,70.19243115,-9018.891271,573.0,3709.566296,0.4431574451,170.0,0.0,0.0,284.293084,3425.273212,0.0,0.0
422,as,58.16733791,-9649.009728,341.0,-126.1181114,-0.01556180127,200.0,0.0,0.0,331.7928053,-457.9109168,0.0,0.0
423,fixed,144.5047113,-249694.9072,542.0,-194636.2536,-1.125655102,350.0,0.0,0.0,271.0,-194907.2536,0.0,0.0
423,spread_matched,73.02406096,-101248.4132,321.0,-72796.89603,-0.9004865011,210.0,0.0,0.0,313.553854,-73110.44989,0.0,0.0
423,skew_only,67.3699698,-80514.73597,535.0,-70015.53036,-1.034743423,220.0,0.0,0.0,265.561408,-70281.09177,0.0,0.0
423,as,45.94414435,-37697.63225,321.0,-9660.395337,-0.2632322628,130.0,0.0,0.0,312.0359854,-9972.431322,0.0,0.0
424,fixed,53.2772518,-34967.98448,560.0,8654.381917,0.2621018945,200.0,0.0,0.0,280.0,8374.381917,0.0,0.0
424,spread_matched,35.00684275,-12090.93947,356.0,-1905.348024,-0.1973348536,110.0,0.0,0.0,347.7419689,-2253.089993,0.0,0.0
424,skew_only,39.23627851,-13863.15747,561.0,-4833.347676,-0.3948804243,110.0,0.0,0.0,277.791016,-5111.138692,0.0,0.0
424,as,33.6933584,-11688.83412,353.0,-2470.664012,-0.3148384731,100.0,0.0,0.0,342.9620304,-2813.626042,0.0,0.0
425,fixed,70.36212706,-166666.814,599.0,34234.0037,0.3215417245,300.0,0.0,0.0,299.5,33934.5037,0.0,0.0
425,spread_matched,92.35521143,-206812.7356,373.0,32332.86193,0.243917542,300.0,0.0,0.0,364.3476247,31968.51431,0.0,0.0
425,skew_only,32.35756208,-8972.409133,599.0,20663.80225,1.824305355,110.0,0.0,0.0,296.66417,20367.13808,0.0,0.0
425,as,41.55849563,-62494.89598,384.0,32445.6642,0.6821364537,160.0,0.0,0.0,373.5565377,32072.10766,0.0,0.0
426,fixed,88.26606922,-43043.71767,604.0,19400.20729,0.4970231789,340.0,0.0,0.0,302.0,19098.20729,0.0,0.0
426,spread_matched,94.92513764,-49563.63433,364.0,17810.83208,0.342670565,390.0,0.0,0.0,355.5563952,17455.27569,0.0,0.0
426,skew_only,78.43552063,-31789.67987,604.0,16801.66953,0.5894443364,270.0,0.0,0.0,299.729652,16501.93988,0.0,0.0
426,as,57.01895298,-26852.70768,365.0,17107.04659,0.6097884588,240.0,0.0,0.0,355.2103699,16751.83622,0.0,0.0
427,fixed,102.3049293,-9967.912601,568.0,-1842.356619,-0.1251394076,310.0,0.0,0.0,284.0,-2126.356619,0.0,0.0
427,spread_matched,66.49570957,-18672.95187,327.0,-9160.397331,-0.4855862493,290.0,0.0,0.0,319.4146737,-9479.812005,0.0,0.0
427,skew_only,33.91299454,-5592.747726,566.0,4151.212391,0.684256627,140.0,0.0,0.0,280.406804,3870.805587,0.0,0.0
427,as,29.96947245,-9398.931642,331.0,-1849.066273,-0.230484424,130.0,0.0,0.0,321.8756775,-2170.94195,0.0,0.0
428,fixed,64.12776697,-103554.7833,572.0,-17202.66218,-0.2050158152,300.0,0.0,0.0,286.0,-17488.66218,0.0,0.0
428,spread_matched,62.42545554,-130440.8229,352.0,9892.140577,0.08321881151,330.0,0.0,0.0,343.8347558,9548.305822,0.0,0.0
428,skew_only,57.15885925,-69224.62797,566.0,-51371.65142,-1.210272554,180.0,0.0,0.0,280.564708,-51652.21613,0.0,0.0
428,as,52.68799347,-26634.15564,354.0,-10216.57483,-0.3438335574,190.0,0.0,0.0,344.3169863,-10560.89181,0.0,0.0
429,fixed,100.7089022,-5227.878717,536.0,-2066.502868,-0.6511037743,300.0,0.0,0.0,268.0,-2334.502868,0.0,0.0
429,spread_matched,65.5403419,-2022.421891,338.0,3045.972009,1.813679724,130.0,0.0,0.0,330.1595098,2715.812499,0.0,0.0
429,skew_only,71.61865788,-3315.28855,542.0,1218.061988,0.5968810629,200.0,0.0,0.0,269.094108,948.9678801,0.0,0.0
429,as,64.68826759,-2022.653475,336.0,1540.188737,1.110423076,190.0,0.0,0.0,326.8833162,1213.305421,0.0,0.0
430,fixed,77.04328637,-9052.733452,578.0,15993.62089,1.455511428,200.0,0.0,0.0,289.0,15704.62089,0.0,0.0
430,spread_matched,61.7726518,-21008.39289,347.0,25249.91159,0.9694650902,240.0,0.0,0.0,338.9507393,24910.96085,0.0,0.0
430,skew_only,49.394549,-8440.30897,584.0,9598.673478,1.135628515,150.0,0.0,0.0,289.309,9309.364478,0.0,0.0
430,as,51.41481225,-19107.28921,341.0,202.4851082,0.01265098033,130.0,0.0,0.0,331.5953993,-129.1102911,0.0,0.0
431,fixed,107.7517387,-49076.48909,583.0,-34525.34343,-1.242728369,440.0,0.0,0.0,291.5,-34816.84343,0.0,0.0
431,spread_matched,58.85632981,-22151.46599,362.0,-12269.27006,-0.9182269091,200.0,0.0,0.0,353.6027886,-12622.87285,0.0,0.0
431,skew_only,66.81644647,-17356.4033,583.0,-13767.60167,-1.456197842,150.0,0.0,0.0,289.087848,-14056.68952,0.0,0.0
431,as,61.52633874,-13413.0994,367.0,-5159.544933,-0.4944009992,140.0,0.0,0.0,356.9142873,-5516.45922,0.0,0.0
432,fixed,71.45810179,-265857.2487,641.0,-84551.78722,-0.5144159975,240.0,0.0,0.0,320.5,-84872.28722,0.0,0.0
432,spread_matched,70.30823098,-197216.5763,401.0,11023.38387,0.07251781682,180.0,0.0,0.0,391.6981166,10631.68575,0.0,0.0
432,skew_only,44.743005,-126093.7951,640.0,-81241.21328,-1.398368027,160.0,0.0,0.0,317.110408,-81558.32369,0.0,0.0
432,as,46.10447718,-116969.2045,401.0,20020.32427,0.2310218611,140.0,0.0,0.0,389.8753128,19630.44896,0.0,0.0
433,fixed,108.8380762,-31374.25617,612.0,16218.71455,0.4897535966,250.0,0.0,0.0,306.0,15912.71455,0.0,0.0
433,spread_matched,120.5857004,-115825.5855,390.0,24140.53113,0.2617085301,350.0,0.0,0.0,380.9532805,23759.57785,0.0,0.0
433,skew_only,70.56721366,-15362.47786,616.0,24155.48626,1.253397192,200.0,0.0,0.0,305.486036,23850.00023,0.0,0.0
433,as,52.28481982,-24588.18127,385.0,21052.83142,0.7632174328,200.0,0.0,0.0,374.6427287,20678.1887,0.0,0.0
434,fixed,50.2211015,-22383.57274,569.0,-16295.73129,-0.979069472,210.0,0.0,0.0,284.5,-16580.23129,0.0,0.0
434,spread_matched,52.40065645,-28477.56915,339.0,-18898.21382,-0.9712499279,270.0,0.0,0.0,331.1363131,-19229.35013,0.0,0.0
434,skew_only,39.34383244,-10825.37271,577.0,-5673.357521,-0.7639764648,130.0,0.0,0.0,285.837548,-5959.195069,0.0,0.0
434,as,46.12295384,-4479.91294,340.0,3878.600681,0.8600369383,100.0,0.0,0.0,330.4362639,3548.164417,0.0,0.0
435,fixed,80.30909188,-7888.868056,578.0,467.2897393,0.05979416675,260.0,0.0,0.0,289.0,178.2897393,0.0,0.0
435,spread_matched,42.73480099,-8688.706585,355.0,2083.99664,0.3412148931,150.0,0.0,0.0,346.7651656,1737.231474,0.0,0.0
435,skew_only,60.58313619,-5083.904515,570.0,121.4275675,0.02313716136,170.0,0.0,0.0,282.64207,-161.2145025,0.0,0.0
435,as,31.38475922,-4093.556226,356.0,1410.170793,0.4348887843,100.0,0.0,0.0,345.8765512,1064.294242,0.0,0.0
436,fixed,89.77313538,-37017.40005,567.0,-4538.781513,-0.1531459879,220.0,0.0,0.0,283.5,-4822.281513,0.0,0.0
436,spread_matched,62.93627504,-32942.81616,357.0,3102.946657,0.1274690678,180.0,0.0,0.0,348.7187722,2754.227884,0.0,0.0
436,skew_only,70.2283132,-23553.19919,570.0,-16176.90289,-0.9201387673,150.0,0.0,0.0,282.780114,-16459.683,0.0,0.0
436,as,66.61209523,-17035.98644,355.0,-5404.438089,-0.3682233737,130.0,0.0,0.0,345.3096433,-5749.747732,0.0,0.0
437,fixed,115.4294713,-20772.84109,541.0,-16879.97518,-1.638443606,440.0,0.0,0.0,270.5,-17150.47518,0.0,0.0
437,spread_matched,97.59742568,-15595.63755,343.0,-12784.19174,-1.621816012,340.0,0.0,0.0,335.0435262,-13119.23527,0.0,0.0
437,skew_only,99.44394602,-7983.580673,546.0,-3836.116821,-0.8190274968,190.0,0.0,0.0,271.200484,-4107.317305,0.0,0.0
437,as,93.22774847,-9195.055739,342.0,-5893.991689,-1.162463325,180.0,0.0,0.0,333.0256199,-6227.017309,0.0,0.0
438,fixed,93.73174369,-25211.35267,580.0,8002.189179,0.2555203971,360.0,0.0,0.0,290.0,7712.189179,0.0,0.0
438,spread_matched,83.32254331,-22070.54671,372.0,12397.38123,0.4442430966,300.0,0.0,0.0,363.3708214,12034.01041,0.0,0.0
438,skew_only,42.02771675,-11151.16963,585.0,-2227.674991,-0.2103839669,150.0,0.0,0.0,289.832772,-2517.507763,0.0,0.0
438,as,40.61415709,-13811.53168,375.0,2563.665878,0.2019210967,150.0,0.0,0.0,364.6432281,2199.02265,0.0,0.0
439,fixed,51.46698033,-21169.65908,588.0,-2026.69581,-0.1157451114,130.0,0.0,0.0,294.0,-2320.69581,0.0,0.0
439,spread_matched,40.07610998,-19966.39392,376.0,-1930.343668,-0.1152589525,150.0,0.0,0.0,367.2780346,-2297.621702,0.0,0.0
439,skew_only,43.13720788,-13467.05196,591.0,3030.705792,0.2214550449,120.0,0.0,0.0,292.630728,2738.075064,0.0,0.0
439,as,31.95592964,-15735.77234,374.0,-4389.103385,-0.3848013384,110.0,0.0,0.0,363.3686315,-4752.472016,0.0,0.0
440,fixed,77.85222791,-3546.426237,592.0,16681.47571,2.326592709,270.0,0.0,0.0,296.0,16385.47571,0.0,0.0
440,spread_matched,110.259911,-5255.409624,374.0,20653.88673,2.219808956,380.0,0.0,0.0,365.324428,20288.5623,0.0,0.0
440,skew_only,76.64642274,-2965.895893,592.0,9920.198742,1.956782902,210.0,0.0,0.0,293.63657,9626.562172,0.0,0.0
440,as,79.55335254,-3170.116353,377.0,10694.80647,1.882372687,230.0,0.0,0.0,367.312794,10327.49368,0.0,0.0
441,fixed,51.81704241,-4981.542041,510.0,3987.176911,0.5507246314,220.0,0.0,0.0,255.0,3732.176911,0.0,0.0
441,spread_matched,53.48365835,-8468.997429,309.0,16433.62606,0.9351249353,260.0,0.0,0.0,301.8322146,16131.79385,0.0,0.0
441,skew_only,45.12651154,-7505.65596,513.0,-4455.397384,-0.8186732003,150.0,0.0,0.0,254.138844,-4709.536228,0.0,0.0
441,as,50.15245987,-3613.377041,312.0,-577.7173556,-0.1393384651,160.0,0.0,0.0,303.2886335,-881.0059891,0.0,0.0
442,fixed,64.8771971,-24862.11618,559.0,-18808.42485,-1.696370742,210.0,0.0,0.0,279.5,-19087.92485,0.0,0.0
442,spread_matched,66.11737971,-32914.49182,344.0,-19199.84321,-1.023641591,250.0,0.0,0.0,336.0203295,-19535.86354,0.0,0.0
442,skew_only,49.52716261,-14935.72623,560.0,-9335.092398,-1.124890007,160.0,0.0,0.0,277.443106,-9612.535504,0.0,0.0
442,as,30.34786277,-15904.8401,344.0,-8316.925422,-0.8434161183,130.0,0.0,0.0,334.4438014,-8651.369224,0.0,0.0
443,fixed,144.1409684,-104292.7162,557.0,-4968.01692,-0.0422955954,420.0,0.0,0.0,278.5,-5246.51692,0.0,0.0
443,spread_matched,162.4910734,-122973.0163,354.0,-9865.178174,-0.07830620536,450.0,0.0,0.0,345.7883623,-10210.96654,0.0,0.0
443,skew_only,98.33911531,-71475.62946,559.0,-4650.182184,-0.06037955357,300.0,0.0,0.0,278.26042,-4928.442604,0.0,0.0
443,as,103.1216451,-104119.0812,352.0,-10760.93623,-0.1274491114,310.0,0.0,0.0,343.8171669,-11104.7534,0.0,0.0
444,fixed,40.53686509,-7442.769093,593.0,-5149.802238,-1.416302264,150.0,0.0,0.0,296.5,-5446.302238,0.0,0.0
444,spread_matched,57.74225204,-13805.04112,373.0,-8320.715981,-0.8881272763,250.0,0.0,0.0,364.3476247,-8685.063606,0.0,0.0
444,skew_only,34.5612002,-5271.85741,593.0,-4098.650862,-1.430704404,100.0,0.0,0.0,293.614754,-4392.265616,0.0,0.0
444,as,35.13437633,-6851.940126,377.0,-4694.120601,-1.336512892,110.0,0.0,0.0,366.2981426,-5060.418744,0.0,0.0
445,fixed,109.6411892,-193857.8943,569.0,-50486.46999,-0.3735405376,290.0,0.0,0.0,284.5,-50770.96999,0.0,0.0
445,spread_matched,59.33865754,-61277.10804,330.0,727.8881173,0.01234823142,150.0,0.0,0.0,322.3450835,405.5430338,0.0,0.0
445,skew_only,47.38462721,-83350.11564,565.0,-18901.0704,-0.3066163578,150.0,0.0,0.0,280.0486,-19181.119,0.0,0.0
445,as,34.59941913,-24361.4236,333.0,6616.35018,0.2028052255,100.0,0.0,0.0,323.5969376,6292.753242,0.0,0.0
446,fixed,76.42694077,-338340.2465,527.0,-191676.923,-0.7016530737,290.0,0.0,0.0,263.5,-191940.423,0.0,0.0
446,spread_matched,49.24773258,-219753.7415,312.0,-152302.8353,-1.12984526,180.0,0.0,0.0,304.7626244,-152607.5979,0.0,0.0
446,skew_only,63.00744463,-191223.8881,533.0,52208.38282,0.3412399823,170.0,0.0,0.0,264.271548,51944.11127,0.0,0.0
446,as,48.64705663,-135006.9044,312.0,-15865.00889,-0.145065153,120.0,0.0,0.0,303.3044255,-16168.31332,0.0,0.0
447,fixed,36.98079453,-2535.508427,586.0,2147.336753,1.075036889,100.0,0.0,0.0,293.0,1854.336753,0.0,0.0
447,spread_matched,29.63256167,-1391.924819,390.0,-376.8127672,-0.1908509395,90.0,0.0,0.0,380.9532805,-757.7660478,0.0,0.0
447,skew_only,33.90393427,-2376.835881,587.0,2410.172827,1.214914479,90.0,0.0,0.0,290.713184,2119.459643,0.0,0.0
447,as,30.02281424,-2650.797184,391.0,-1439.240084,-0.7011561992,90.0,0.0,0.0,379.9654561,-1819.20554,0.0,0.0
448,fixed,204.5931192,-7201.421587,577.0,-6297.202184,-1.689400268,680.0,0.0,0.0,288.5,-6585.702184,0.0,0.0
448,spread_matched,132.7973686,-6484.103636,355.0,-5747.530344,-1.780665001,500.0,0.0,0.0,346.7651656,-6094.29551,0.0,0.0
448,skew_only,73.30834026,-3515.262195,574.0,-2950.122863,-1.581398056,280.0,0.0,0.0,286.0418,-3236.164663,0.0,0.0
448,as,61.21277772,-3234.018179,366.0,-2698.566917,-1.520763796,250.0,0.0,0.0,356.8930899,-3055.460007,0.0,0.0
449,fixed,70.72517922,-12033.1411,576.0,22681.69238,1.931902845,170.0,0.0,0.0,288.0,22393.69238,0.0,0.0
449,spread_matched,64.96284203,-11330.6172,352.0,-5898.117057,-0.5958191591,190.0,0.0,0.0,343.8347558,-6241.951813,0.0,0.0
449,skew_only,59.2051114,-11133.06982,575.0,21849.54091,2.105468904,160.0,0.0,0.0,285.053198,21564.48771,0.0,0.0
449,as,53.65680347,-5916.860559,356.0,10.52206803,0.001461019575,160.0,0.0,0.0,346.2023076,-335.6802396,0.0,0.0
450,fixed,104.3744799,-19802.60174,546.0,-3877.462528,-0.3423307861,290.0,0.0,0.0,273.0,-4150.462528,0.0,0.0
450,spread_matched,54.5492669,-11858.75902,331.0,-10655.853,-1.705499538,160.0,0.0,0.0,323.3218868,-10979.17488,0.0,0.0
450,skew_only,59.28116833,-17518.89467,545.0,-6330.786596,-0.6779280374,180.0,0.0,0.0,270.37265,-6601.159246,0.0,0.0
450,as,54.95321643,-10627.38024,336.0,-8604.775226,-1.893205435,190.0,0.0,0.0,326.7574188,-8931.532645,0.0,0.0
451,fixed,117.7422707,-14716.64382,598.0,-996.7192357,-0.05075616427,390.0,0.0,0.0,299.0,-1295.719236,0.0,0.0
451,spread_matched,122.3694875,-16392.16021,355.0,6205.511302,0.2769979552,420.0,0.0,0.0,346.7651656,5858.746137,0.0,0.0
451,skew_only,42.30905676,-7149.707933,600.0,6264.694877,0.8248814849,150.0,0.0,0.0,297.33004,5967.364837,0.0,0.0
451,as,44.87523148,-6175.652018,353.0,9655.354179,1.231662842,180.0,0.0,0.0,343.4524728,9311.901706,0.0,0.0
452,fixed,61.28253055,-22619.4424,560.0,-5617.781805,-0.2590472302,280.0,0.0,0.0,280.0,-5897.781805,0.0,0.0
452,spread_matched,63.85292322,-28310.30766,336.0,-9728.047833,-0.3886051349,300.0,0.0,0.0,328.2059032,-10056.25374,0.0,0.0
452,skew_only,42.26189163,-5393.878701,568.0,6622.835389,0.7490462158,130.0,0.0,0.0,281.389648,6341.445741,0.0,0.0
452,as,42.0237527,-5841.759376,336.0,4305.647677,0.4358646106,130.0,0.0,0.0,326.6778949,3978.969782,0.0,0.0
453,fixed,124.0207582,-6280.96935,555.0,-2500.21737,-0.8584500305,340.0,0.0,0.0,277.5,-2777.71737,0.0,0.0
453,spread_matched,51.42466442,-3632.889445,327.0,16.48662198,0.007858742631,150.0,0.0,0.0,319.4146737,-302.9280517,0.0,0.0
453,skew_only,50.58120559,-3865.883764,553.0,-1377.950677,-0.7203276171,150.0,0.0,0.0,274.196568,-1652.147245,0.0,0.0
453,as,45.64407711,-1966.175771,321.0,129.5950232,0.0820535033,120.0,0.0,0.0,311.9935179,-182.3984946,0.0,0.0
454,fixed,139.2447082,-22100.95908,580.0,11304.50239,0.4607858265,320.0,0.0,0.0,290.0,11014.50239,0.0,0.0
454,spread_matched,87.75740479,-13245.35652,359.0,-1208.704813,-0.08677366128,180.0,0.0,0.0,350.6723787,-1559.377192,0.0,0.0
454,skew_only,78.21545749,-16059.56525,590.0,8870.347197,0.5274035322,230.0,0.0,0.0,292.957722,8577.389475,0.0,0.0
454,as,79.14652093,-14258.7784,358.0,-699.9174878,-0.04857133231,190.0,0.0,0.0,348.4730541,-1048.390542,0.0,0.0
455,fixed,71.15986779,-3066.320113,609.0,3541.762614,0.7948104539,190.0,0.0,0.0,304.5,3237.262614,0.0,0.0
455,spread_matched,28.16307822,-1716.654248,373.0,-541.6028812,-0.3242834275,70.0,0.0,0.0,364.3476247,-905.9505059,0.0,0.0
455,skew_only,65.40951992,-1689.145683,609.0,1379.543481,0.4766946763,190.0,0.0,0.0,301.927432,1077.616049,0.0,0.0
455,as,28.95547617,-2096.16907,374.0,-1215.405587,-0.7100232347,80.0,0.0,0.0,363.3111444,-1578.716731,0.0,0.0
456,fixed,89.74082277,-22693.72819,558.0,-3760.854232,-0.1564677921,380.0,0.0,0.0,279.0,-4039.854232,0.0,0.0
456,spread_matched,48.93733625,-9879.129806,333.0,360.4101755,0.03287306181,190.0,0.0,0.0,325.2754934,35.13468217,0.0,0.0
456,skew_only,83.60028535,-15277.16526,562.0,-3431.843607,-0.3106248296,200.0,0.0,0.0,278.886172,-3710.729779,0.0,0.0
456,as,45.17708605,-8803.22116,333.0,422.1165938,0.06739386019,130.0,0.0,0.0,323.7684974,98.34809644,0.0,0.0
457,fixed,40.43569631,-10550.05544,533.0,4785.187128,0.3924447827,200.0,0.0,0.0,266.5,4518.687128,0.0,0.0
457,spread_matched,43.78358541,-16231.12389,333.0,-11068.5185,-1.111833036,120.0,0.0,0.0,325.2754934,-11393.794,0.0,0.0
457,skew_only,38.32287959,-7875.877234,539.0,-3458.836856,-0.4917882716,120.0,0.0,0.0,266.972866,-3725.809722,0.0,0.0
457,as,42.79543386,-13281.81497,330.0,-7168.360812,-0.7999026748,110.0,0.0,0.0,320.692983,-7489.053795,0.0,0.0
458,fixed,114.9214261,-16957.76308,594.0,44705.0759,1.511042878,360.0,0.0,0.0,297.0,44408.0759,0.0,0.0
458,spread_matched,83.54184446,-23539.94195,360.0,24490.23883,0.8832079865,250.0,0.0,0.0,351.649182,24138.58965,0.0,0.0
458,skew_only,45.77407646,-16396.63039,593.0,10371.33683,0.6174234847,150.0,0.0,0.0,293.87267,10077.46416,0.0,0.0
458,as,44.45685999,-14307.62054,355.0,3618.442959,0.2170722734,130.0,0.0,0.0,345.142978,3273.299981,0.0,0.0
459,fixed,91.34086925,-69380.93415,583.0,2901.249172,0.03634927401,260.0,0.0,0.0,291.5,2609.749172,0.0,0.0
459,spread_matched,58.51776042,-118603.9712,384.0,-19712.25023,-0.1726594382,340.0,0.0,0.0,375.0924608,-20087.34269,0.0,0.0
459,skew_only,100.8509803,-25898.21193,592.0,21040.00896,0.598640901,270.0,0.0,0.0,294.02091,20745.98805,0.0,0.0
459,as,58.77187487,-39632.79393,380.0,-8446.384117,-0.2019425396,190.0,0.0,0.0,369.5978799,-8815.981996,0.0,0.0
460,fixed,53.13585302,-9776.517222,631.0,38030.8584,2.17494873,160.0,0.0,0.0,315.5,37715.3584,0.0,0.0
460,spread_matched,68.00758692,-47309.5785,397.0,36381.25378,0.813670385,270.0,0.0,0.0,387.7909035,35993.46288,0.0,0.0
460,skew_only,47.22368871,-4682.286893,629.0,26611.12381,2.4678417,130.0,0.0,0.0,311.53986,26299.58395,0.0,0.0
460,as,31.75209215,-5666.611642,404.0,20089.66047,1.805395665,120.0,0.0,0.0,392.5860795,19697.07439,0.0,0.0
461,fixed,146.9031651,-6783.174972,592.0,75.15316286,0.009445505041,480.0,0.0,0.0,296.0,-220.8468371,0.0,0.0
461,spread_matched,95.57123927,-4521.177179,364.0,494.9302441,0.08881170601,310.0,0.0,0.0,355.5563952,139.373849,0.0,0.0
461,skew_only,64.74133486,-2769.38305,599.0,-274.4862354,-0.1318871352,200.0,0.0,0.0,297.154902,-571.6411374,0.0,0.0
461,as,61.66061819,-2611.925659,357.0,760.8983732,0.3042455611,190.0,0.0,0.0,347.6332554,413.2651178,0.0,0.0
462,fixed,54.28605566,-3070.037979,581.0,-790.4686365,-0.2385403185,200.0,0.0,0.0,290.5,-1080.968637,0.0,0.0
462,spread_matched,114.0590965,-5066.883454,341.0,3566.383522,0.6581652953,360.0,0.0,0.0,333.0899196,3233.293602,0.0,0.0
462,skew_only,46.9074938,-3291.215854,580.0,-1147.370564,-0.4032391255,140.0,0.0,0.0,287.23325,-1434.603814,0.0,0.0
462,as,51.87131304,-2571.389088,340.0,962.3867671,0.3550473783,170.0,0.0,0.0,330.7740184,631.6127487,0.0,0.0
463,fixed,46.90935914,-2062.95826,564.0,2186.902403,0.9222996262,120.0,0.0,0.0,282.0,1904.902403,0.0,0.0
463,spread_matched,38.74383872,-7109.837183,351.0,-6115.552841,-1.390230996,160.0,0.0,0.0,342.8579525,-6458.410794,0.0,0.0
463,skew_only,36.89508889,-1509.398619,570.0,336.7395036,0.2022366274,130.0,0.0,0.0,282.297288,54.44221556,0.0,0.0
463,as,28.16836479,-4069.152086,354.0,-1538.309442,-0.7860024987,70.0,0.0,0.0,343.963861,-1882.273303,0.0,0.0
464,fixed,224.5898284,-15922.81694,579.0,-5834.893314,-0.465868381,620.0,0.0,0.0,289.5,-6124.393314,0.0,0.0
464,spread_matched,100.8348928,-19625.43837,364.0,-14954.33291,-1.683351041,210.0,0.0,0.0,355.5563952,-15309.88931,0.0,0.0
464,skew_only,129.1990379,-11814.11761,592.0,-3193.23383,-0.325006585,390.0,0.0,0.0,295.843458,-3489.077288,0.0,0.0
464,as,83.92021449,-13718.11138,371.0,-8806.842464,-1.198650536,230.0,0.0,0.0,361.0907167,-9167.93318,0.0,0.0
465,fixed,82.59657036,-32364.62988,599.0,32700.49038,0.8517101091,260.0,0.0,0.0,299.5,32400.99038,0.0,0.0
465,spread_matched,94.28879255,-37221.04063,392.0,34423.21521,0.8289086183,280.0,0.0,0.0,382.9068871,34040.30833,0.0,0.0
465,skew_only,65.78037081,-24207.02609,595.0,30169.76417,0.974904145,220.0,0.0,0.0,295.102524,29874.66165,0.0,0.0
465,as,74.06702035,-33337.50464,393.0,33382.43207,0.9075002899,250.0,0.0,0.0,382.5810892,32999.85098,0.0,0.0
466,fixed,87.20147017,-15988.84596,527.0,980.3063318,0.07785873498,240.0,0.0,0.0,263.5,716.8063318,0.0,0.0
466,spread_matched,37.468373,-2648.061905,338.0,6585.723212,1.618584684,100.0,0.0,0.0,330.1595098,6255.563703,0.0,0.0
466,skew_only,81.86913399,-2347.067329,537.0,7052.123092,1.388988376,190.0,0.0,0.0,266.557062,6785.56603,0.0,0.0
466,as,40.62098964,-1694.259554,335.0,7056.33547,2.080747614,100.0,0.0,0.0,325.595617,6730.739853,0.0,0.0
467,fixed,67.32060064,-6619.640905,564.0,1025.69489,0.1252322639,190.0,0.0,0.0,282.0,743.6948899,0.0,0.0
467,spread_matched,36.30374036,-3399.383423,366.0,1801.230196,0.3468046339,120.0,0.0,0.0,357.5100017,1443.720194,0.0,0.0
467,skew_only,56.16074729,-4404.446194,572.0,691.9504449,0.1088961283,160.0,0.0,0.0,283.43319,408.5172549,0.0,0.0
467,as,38.14450827,-3246.662246,367.0,-29.46849052,-0.00740644164,110.0,0.0,0.0,356.6124183,-386.0809088,0.0,0.0
468,fixed,81.25030535,-32808.83593,566.0,-1335.007381,-0.05066525079,320.0,0.0,0.0,283.0,-1618.007381,0.0,0.0
468,spread_matched,53.75825257,-5532.51497,349.0,8936.064854,1.15410307,170.0,0.0,0.0,340.9043459,8595.160508,0.0,0.0
468,skew_only,40.9906194,-6798.298683,573.0,1222.938792,0.2367950504,140.0,0.0,0.0,283.892604,939.0461883,0.0,0.0
468,as,49.31706901,-5723.002088,350.0,4211.638911,0.6642143909,140.0,0.0,0.0,340.2715018,3871.367409,0.0,0.0
469,fixed,49.23714273,-2793.827943,589.0,4860.800416,1.429110506,150.0,0.0,0.0,294.5,4566.300416,0.0,0.0
469,spread_matched,47.46762901,-2287.282763,363.0,138.952661,0.09275165499,160.0,0.0,0.0,354.5795919,-215.6269309,0.0,0.0
469,skew_only,46.54266361,-2793.962505,588.0,3028.239558,1.251281032,160.0,0.0,0.0,291.24772,2736.991838,0.0,0.0
469,as,37.79198295,-2014.319537,367.0,253.7167217,0.184789635,130.0,0.0,0.0,356.6401861,-102.9234645,0.0,0.0
470,fixed,78.21343199,-20518.71541,543.0,10188.27572,0.512127574,270.0,0.0,0.0,271.5,9916.775724,0.0,0.0
470,spread_matched,45.78432997,-21134.7486,326.0,6776.951201,0.4135157502,190.0,0.0,0.0,318.4378704,6458.51333,0.0,0.0
470,skew_only,59.7583132,-17865.3321,553.0,1069.151648,0.06920118258,170.0,0.0,0.0,274.113666,795.0379824,0.0,0.0
470,as,37.64703526,-12594.44068,326.0,-1341.352653,-0.1405091396,110.0,0.0,0.0,316.7801336,-1658.132787,0.0,0.0
471,fixed,95.03641197,-5757.033775,591.0,3883.723646,0.4616491815,330.0,0.0,0.0,295.5,3588.223646,0.0,0.0
471,spread_matched,78.37138814,-5663.307638,372.0,-549.745756,-0.1167212585,210.0,0.0,0.0,363.3708214,-913.1165774,0.0,0.0
471,skew_only,77.3143063,-4637.641062,590.0,-1099.399615,-0.215061984,250.0,0.0,0.0,292.88147,-1392.281085,0.0,0.0
471,as,68.12182144,-5242.164917,373.0,-989.2372098,-0.2525106456,180.0,0.0,0.0,362.8950261,-1352.132236,0.0,0.0
472,fixed,119.8594667,-31874.53793,554.0,-23839.12994,-1.285977961,410.0,0.0,0.0,277.0,-24116.12994,0.0,0.0
472,spread_matched,102.3265287,-30767.35775,349.0,-19317.8951,-1.069674959,320.0,0.0,0.0,340.9043459,-19658.79945,0.0,0.0
472,skew_only,70.20294806,-17197.84797,566.0,-7842.053455,-0.6412918115,230.0,0.0,0.0,280.993914,-8123.047369,0.0,0.0
472,as,58.27343263,-17130.95277,353.0,-8955.966182,-0.8073623125,180.0,0.0,0.0,343.5938947,-9299.560076,0.0,0.0
473,fixed,115.169822,-26806.90101,541.0,-22129.16506,-1.185751765,430.0,0.0,0.0,270.5,-22399.66506,0.0,0.0
473,spread_matched,55.40605653,-18947.39043,357.0,-15777.16117,-1.338331665,190.0,0.0,0.0,348.7187722,-16125.87995,0.0,0.0
473,skew_only,48.22142925,-9887.535811,541.0,-8398.186788,-1.072774784,190.0,0.0,0.0,268.406934,-8666.593722,0.0,0.0
473,as,37.74576087,-10034.82157,360.0,-8496.964537,-1.197395251,120.0,0.0,0.0,349.9664832,-8846.93102,0.0,0.0
474,fixed,123.8596738,-20051.3197,596.0,-2958.740822,-0.2683625766,350.0,0.0,0.0,298.0,-3256.740822,0.0,0.0
474,spread_matched,93.69071109,-5183.515069,386.0,696.261723,0.1300487063,190.0,0.0,0.0,377.0460674,319.2156556,0.0,0.0
474,skew_only,111.3761217,-7080.500341,593.0,1531.35142,0.2553201795,230.0,0.0,0.0,294.85792,1236.4935,0.0,0.0
474,as,80.97709958,-5189.21809,380.0,522.3615078,0.1053923347,190.0,0.0,0.0,369.8390371,152.5224707,0.0,0.0
475,fixed,82.64685777,-12560.85245,590.0,6175.621111,0.5598848615,270.0,0.0,0.0,295.0,5880.621111,0.0,0.0
475,spread_matched,55.87265856,-5963.599188,382.0,-681.156071,-0.131898618,170.0,0.0,0.0,373.1388543,-1054.294925,0.0,0.0
475,skew_only,51.02998506,-10825.04346,586.0,-85.50405493,-0.01255247469,160.0,0.0,0.0,290.497194,-376.0012489,0.0,0.0
475,as,47.20777876,-7186.365746,383.0,-1233.441764,-0.2767710377,110.0,0.0,0.0,372.3063238,-1605.748088,0.0,0.0
476,fixed,84.95929753,-9688.930281,544.0,-8849.100382,-1.357758194,210.0,0.0,0.0,272.0,-9121.100382,0.0,0.0
476,spread_matched,76.27894483,-8743.912935,345.0,-5196.805219,-0.9952404236,160.0,0.0,0.0,336.9971328,-5533.802352,0.0,0.0
476,skew_only,77.58378037,-5698.53288,550.0,-3767.311273,-0.7660680863,180.0,0.0,0.0,272.841034,-4040.152307,0.0,0.0
476,as,52.46351104,-6522.147465,350.0,-3773.188588,-0.8964922861,140.0,0.0,0.0,340.2276905,-4113.416278,0.0,0.0
477,fixed,64.05319938,-336213.9432,559.0,386180.3576,1.053546923,250.0,0.0,0.0,279.5,385900.8576,0.0,0.0
477,spread_matched,48.21190491,-209431.4635,360.0,121572.125,0.6063150924,190.0,0.0,0.0,351.649182,121220.4758,0.0,0.0
477,skew_only,54.74383939,-141230.7436,568.0,101948.5612,0.5963997922,130.0,0.0,0.0,281.559868,101667.0014,0.0,0.0
477,as,51.63575656,-208946.224,354.0,-113925.9655,-0.7291182729,150.0,0.0,0.0,344.1570937,-114270.1226,0.0,0.0
478,fixed,67.80766971,-27580.85005,578.0,34410.56813,0.8741564487,190.0,0.0,0.0,289.0,34121.56813,0.0,0.0
478,spread_matched,60.63412818,-45022.79137,345.0,37813.13329,0.7320436719,280.0,0.0,0.0,336.9971328,37476.13615,0.0,0.0
478,skew_only,53.40230623,-12575.97503,573.0,31696.01433,1.867776122,130.0,0.0,0.0,283.964176,31412.05016,0.0,0.0
478,as,46.26425795,-15277.88576,353.0,29385.43807,1.322464346,180.0,0.0,0.0,343.169127,29042.26894,0.0,0.0
479,fixed,62.00398952,-10778.9571,581.0,7500.480259,0.4983272026,250.0,0.0,0.0,290.5,7209.980259,0.0,0.0
479,spread_matched,70.67348467,-7143.341955,359.0,4915.933743,0.4652200362,240.0,0.0,0.0,350.6723787,4565.261364,0.0,0.0
479,skew_only,60.87948213,-7607.027025,580.0,-2603.815646,-0.3736198376,180.0,0.0,0.0,287.47261,-2891.288256,0.0,0.0
479,as,52.70100355,-5796.838728,355.0,-408.9516472,-0.06123802166,140.0,0.0,0.0,345.2692523,-754.2208995,0.0,0.0
480,fixed,101.3533292,-7775.26681,604.0,-4959.893938,-1.074828504,350.0,0.0,0.0,302.0,-5261.893938,0.0,0.0
480,spread_matched,108.6372873,-7812.230672,387.0,-1810.526198,-0.3560384556,350.0,0.0,0.0,378.0228707,-2188.549069,0.0,0.0
480,skew_only,40.93993199,-2914.376055,596.0,-2298.341494,-1.259481929,110.0,0.0,0.0,295.067568,-2593.409062,0.0,0.0
480,as,45.08475463,-4402.303,389.0,-999.8252347,-0.3454704696,180.0,0.0,0.0,378.8138566,-1378.639091,0.0,0.0
481,fixed,101.0458263,-14088.73226,573.0,929.0033851,0.07521866076,320.0,0.0,0.0,286.5,642.5033851,0.0,0.0
481,spread_matched,63.22439111,-39587.97589,369.0,-15057.74295,-0.7330881437,170.0,0.0,0.0,360.4404116,-15418.18336,0.0,0.0
481,skew_only,57.60781016,-12266.77212,575.0,-155.1011112,-0.01528546843,180.0,0.0,0.0,285.14752,-440.2486312,0.0,0.0
481,as,60.4298912,-16927.98629,367.0,-1620.283384,-0.1611588413,150.0,0.0,0.0,356.8691475,-1977.152532,0.0,0.0
482,fixed,57.1251674,-6788.862988,560.0,1847.491927,0.229434372,140.0,0.0,0.0,280.0,1567.491927,0.0,0.0
482,spread_matched,55.4583986,-8173.367116,352.0,-2744.287809,-0.4032869534,130.0,0.0,0.0,343.8347558,-3088.122565,0.0,0.0
482,skew_only,49.40610318,-6758.914925,563.0,-2433.275625,-0.3557796106,120.0,0.0,0.0,279.006042,-2712.281667,0.0,0.0
482,as,51.55981784,-7112.929593,355.0,-3083.36184,-0.5179214568,130.0,0.0,0.0,345.1254138,-3428.487253,0.0,0.0
483,fixed,95.1350232,-42886.02865,608.0,-14675.71313,-0.7881743259,280.0,0.0,0.0,304.0,-14979.71313,0.0,0.0
483,spread_matched,66.96090483,-27624.72481,377.0,-6222.734124,-0.4732572837,190.0,0.0,0.0,368.2548378,-6590.988962,0.0,0.0
483,skew_only,94.5421704,-39424.33404,618.0,-4144.501816,-0.2050176781,320.0,0.0,0.0,307.138326,-4451.640142,0.0,0.0
483,as,69.36862893,-31561.33503,383.0,-6823.343245,-0.4697719619,190.0,0.0,0.0,372.5748596,-7195.918104,0.0,0.0
484,fixed,80.89244709,-89110.1752,544.0,-41334.76447,-0.7478757471,270.0,0.0,0.0,272.0,-41606.76447,0.0,0.0
484,spread_matched,30.00125862,-11342.06944,330.0,2903.417648,0.2677685013,110.0,0.0,0.0,322.3450835,2581.072565,0.0,0.0
484,skew_only,69.96623236,-17256.02548,539.0,10361.43893,0.476250989,180.0,0.0,0.0,267.295212,10094.14372,0.0,0.0
484,as,30.96939386,-8975.612872,333.0,-4011.617982,-0.5776420734,100.0,0.0,0.0,323.5185638,-4335.136546,0.0,0.0
485,fixed,52.23105275,-19650.55077,597.0,10062.0693,0.6360523244,160.0,0.0,0.0,298.5,9763.569305,0.0,0.0
485,spread_matched,79.37970002,-15914.98906,382.0,24153.81872,1.330088298,260.0,0.0,0.0,373.1388543,23780.67987,0.0,0.0
485,skew_only,51.46785435,-5668.498007,598.0,16165.77593,1.968598932,100.0,0.0,0.0,296.306984,15869.46894,0.0,0.0
485,as,43.97686192,-7254.388306,385.0,13279.27652,1.613726753,130.0,0.0,0.0,374.3017567,12904.97477,0.0,0.0
486,fixed,95.51093524,-29580.0836,594.0,17910.17386,0.4700650306,440.0,0.0,0.0,297.0,17613.17386,0.0,0.0
486,spread_matched,41.09602208,-20289.23727,348.0,10484.84627,0.3569228634,230.0,0.0,0.0,339.9275426,10144.91872,0.0,0.0
486,skew_only,38.27051125,-11072.27306,595.0,11503.90152,0.6133225569,190.0,0.0,0.0,295.135084,11208.76644,0.0,0.0
486,as,32.98259996,-13640.64234,351.0,-292.5831673,-0.01820003346,120.0,0.0,0.0,341.2247183,-633.8078856,0.0,0.0
487,fixed,59.90981368,-10863.37707,591.0,1495.052406,0.1356321467,190.0,0.0,0.0,295.5,1199.552406,0.0,0.0
487,spread_matched,72.72328221,-9680.515649,372.0,-2890.39304,-0.3431573654,160.0,0.0,0.0,363.3708214,-3253.763861,0.0,0.0
487,skew_only,63.60752254,-7323.498852,593.0,-3180.452091,-0.5577599227,180.0,0.0,0.0,293.955582,-3474.407673,0.0,0.0
487,as,51.60652067,-7608.980478,375.0,-1230.688444,-0.1897355507,130.0,0.0,0.0,364.5665285,-1595.254972,0.0,0.0
488,fixed,93.28374244,-3087.840769,570.0,9506.131676,1.929849495,300.0,0.0,0.0,285.0,9221.131676,0.0,0.0
488,spread_matched,66.47156938,-1197.381162,363.0,7292.345488,2.832495411,140.0,0.0,0.0,354.5795919,6937.765896,0.0,0.0
488,skew_only,79.24581866,-2459.939896,575.0,8598.591757,2.203879209,220.0,0.0,0.0,285.343192,8313.248565,0.0,0.0
488,as,65.24583339,-1576.144811,358.0,6797.249019,2.584983932,140.0,0.0,0.0,348.193916,6449.055104,0.0,0.0
489,fixed,80.00716565,-3719.59624,557.0,10153.04866,1.491764472,360.0,0.0,0.0,278.5,9874.548664,0.0,0.0
489,spread_matched,47.82156082,-3874.833215,334.0,10350.53061,1.61076753,270.0,0.0,0.0,326.2522967,10024.27832,0.0,0.0
489,skew_only,74.45954015,-1324.173322,563.0,3397.379599,1.290424393,150.0,0.0,0.0,279.203304,3118.176295,0.0,0.0
489,as,41.00339844,-1883.016537,335.0,5510.310045,1.572709023,150.0,0.0,0.0,325.5788019,5184.731243,0.0,0.0
490,fixed,152.4346582,-66537.21904,598.0,29325.37619,0.578294842,470.0,0.0,0.0,299.0,29026.37619,0.0,0.0
490,spread_matched,65.68866903,-20665.70389,375.0,16498.95555,0.792106763,240.0,0.0,0.0,366.3012313,16132.65432,0.0,0.0
490,skew_only,61.16005127,-16330.10789,594.0,8856.779562,0.5822513427,220.0,0.0,0.0,294.610496,8562.169066,0.0,0.0
490,as,50.43409909,-12431.55895,369.0,8034.090171,0.713723366,160.0,0.0,0.0,358.6871315,7675.40304,0.0,0.0
491,fixed,119.8489804,-2664.163894,588.0,1746.935308,0.7453286835,320.0,0.0,0.0,294.0,1452.935308,0.0,0.0
491,spread_matched,51.90718544,-2172.781053,383.0,761.6599583,0.4056265177,180.0,0.0,0.0,374.1156575,387.5443008,0.0,0.0
491,skew_only,107.1282698,-2080.441591,586.0,366.9288291,0.2045200124,340.0,0.0,0.0,291.640328,75.28850109,0.0,0.0
491,as,39.55258328,-1487.494862,382.0,-436.2021827,-0.4374617006,90.0,0.0,0.0,371.2154271,-807.4176097,0.0,0.0
492,fixed,92.35203959,-5722.342382,596.0,4285.469159,0.7872845973,220.0,0.0,0.0,298.0,3987.469159,0.0,0.0
492,spread_matched,93.52590895,-2660.714546,366.0,-941.9259842,-0.3582055336,220.0,0.0,0.0,357.5100017,-1299.435986,0.0,0.0
492,skew_only,79.56263686,-3340.526046,597.0,3371.2579,0.8965939215,210.0,0.0,0.0,296.231246,3075.026654,0.0,0.0
492,as,68.38583859,-2281.399299,364.0,379.4846735,0.1503703892,210.0,0.0,0.0,354.2667243,25.21794928,0.0,0.0
493,fixed,76.06895235,-22770.68,560.0,20683.6373,0.6903386625,230.0,0.0,0.0,280.0,20403.6373,0.0,0.0
493,spread_matched,75.44894698,-15246.43985,347.0,8524.066932,0.4105718958,250.0,0.0,0.0,338.9507393,8185.116193,0.0,0.0
493,skew_only,75.98058551,-11658.17165,558.0,28512.99159,1.216754481,230.0,0.0,0.0,276.79368,28236.19791,0.0,0.0
493,as,72.73510558,-13205.24885,347.0,7388.521362,0.4016495467,230.0,0.0,0.0,337.8024567,7050.718906,0.0,0.0
494,fixed,126.9756054,-21287.22018,587.0,70597.68872,1.573694923,310.0,0.0,0.0,293.5,70304.18872,0.0,0.0
494,spread_matched,93.64850025,-14403.78169,371.0,60497.8701,2.020326273,280.0,0.0,0.0,362.3940181,60135.47608,0.0,0.0
494,skew_only,110.0026006,-17806.17172,587.0,65656.06153,1.807371329,350.0,0.0,0.0,291.978758,65364.08277,0.0,0.0
494,as,89.80586618,-12496.76326,376.0,58866.10565,2.089997779,310.0,0.0,0.0,366.1505954,58499.95506,0.0,0.0
495,fixed,93.0274005,-132851.9482,595.0,-18237.06037,-0.2568307859,360.0,0.0,0.0,297.5,-18534.56037,0.0,0.0
495,spread_matched,79.57760165,-110689.0314,349.0,-15722.32403,-0.2579101643,280.0,0.0,0.0,340.9043459,-16063.22838,0.0,0.0
495,skew_only,74.63980898,-23432.29388,598.0,-13042.41521,-0.7409987651,220.0,0.0,0.0,296.630524,-13339.04574,0.0,0.0
495,as,54.49373504,-18833.17549,357.0,-8974.548045,-0.5862631475,140.0,0.0,0.0,347.0639635,-9321.612009,0.0,0.0
496,fixed,91.9208593,-2897.668339,633.0,8729.05677,1.239423923,290.0,0.0,0.0,316.5,8412.55677,0.0,0.0
496,spread_matched,102.5763519,-3487.366723,365.0,8330.642166,1.309497754,300.0,0.0,0.0,356.5331984,7974.108967,0.0,0.0
496,skew_only,65.01418787,-3028.178661,623.0,3282.212946,0.6193971892,180.0,0.0,0.0,308.945562,2973.267384,0.0,0.0
496,as,54.11539965,-1980.048198,370.0,4773.347189,1.039690589,180.0,0.0,0.0,359.9518298,4413.395359,0.0,0.0
497,fixed,145.8719085,-102393.3562,549.0,410306.3056,2.405861683,420.0,0.0,0.0,274.5,410031.8056,0.0,0.0
497,spread_matched,130.3447641,-69350.47476,345.0,346422.8937,2.436090344,380.0,0.0,0.0,336.9971328,346085.8966,0.0,0.0
497,skew_only,84.13213126,-55940.34799,555.0,194028.8217,2.401634904,210.0,0.0,0.0,275.824132,193752.9976,0.0,0.0
497,as,91.94733058,-54090.01624,342.0,258341.9666,2.450493648,290.0,0.0,0.0,333.5437251,258008.4228,0.0,0.0
498,fixed,84.14441628,-76168.96384,588.0,-2870.209817,-0.05610033372,410.0,0.0,0.0,294.0,-3164.209817,0.0,0.0
498,spread_matched,67.90542927,-42197.19477,375.0,19993.11186,0.6193093937,290.0,0.0,0.0,366.3012313,19626.81063,0.0,0.0
498,skew_only,62.24531879,-13315.91826,586.0,8755.532853,0.6123592208,230.0,0.0,0.0,290.486734,8465.046119,0.0,0.0
498,as,66.83963851,-9107.811532,376.0,24947.21627,1.362722445,200.0,0.0,0.0,365.6951838,24581.52109,0.0,0.0
499,fixed,56.07213982,-41382.84258,550.0,-15190.10548,-0.5169052469,240.0,0.0,0.0,275.0,-15465.10548,0.0,0.0
499,spread_matched,56.77980873,-46372.34996,353.0,-12862.23875,-0.4010700929,270.0,0.0,0.0,344.811559,-13207.05031,0.0,0.0
499,skew_only,59.05926717,-20459.86252,553.0,-5406.095311,-0.3861332084,150.0,0.0,0.0,274.125588,-5680.220899,0.0,0.0
499,as,72.81084249,-23153.08707,356.0,-1010.202441,-0.06434655913,160.0,0.0,0.0,346.3578805,-1356.560322,0.0,0.0
