seed,arm,inventory_sigma,max_drawdown,fills,final_pnl,t_stat,max_abs_inventory,quote_crossings
0,fixed,29.23038905,-12608.96838,537.0,-6525.134248,-0.835742941,100.0,0.0
0,spread_matched,31.12742431,-11878.09045,341.0,-6303.786795,-0.7916186055,100.0,0.0
0,skew_only,31.08354508,-11873.30087,571.0,-5783.302105,-0.7859416429,100.0,0.0
0,as,31.60314662,-11057.17649,359.0,-7304.675173,-0.9771048695,100.0,0.0
1,fixed,49.6400398,-3362.154204,562.0,449.6174355,0.1224876215,100.0,0.0
1,spread_matched,54.38691533,-3366.70571,344.0,3021.650366,0.8346751015,100.0,0.0
1,skew_only,48.65881831,-3112.325407,566.0,889.2867128,0.2608856914,100.0,0.0
1,as,50.66804436,-2609.710618,346.0,3679.780837,1.102706613,100.0,0.0
2,fixed,49.14968643,-51009.56361,573.0,-40975.63133,-1.001275193,100.0,0.0
2,spread_matched,47.2464104,-57193.16776,357.0,-37767.34861,-0.9880760355,100.0,0.0
2,skew_only,49.70639231,-50163.32126,572.0,-35913.10159,-0.7829685255,100.0,0.0
2,as,38.49184432,-53370.09748,366.0,-40551.14596,-1.193243061,90.0,0.0
3,fixed,55.4774354,-25032.02674,531.0,-5665.791055,-0.2882718181,100.0,0.0
3,spread_matched,46.07835534,-30493.83584,362.0,-16129.94996,-0.7248691436,100.0,0.0
3,skew_only,48.08779633,-19530.72325,547.0,2739.531374,0.1611521649,100.0,0.0
3,as,39.1072359,-18342.44639,373.0,-3608.186167,-0.2433484918,100.0,0.0
4,fixed,47.2382885,-130598.2931,556.0,-102451.1371,-1.362315359,100.0,0.0
4,spread_matched,49.20284545,-149711.3071,354.0,-89060.02124,-0.9945744606,100.0,0.0
4,skew_only,45.81592871,-137448.7047,560.0,-113610.1229,-1.493823957,100.0,0.0
4,as,46.15237328,-137279.335,352.0,-103414.1669,-1.289497354,100.0,0.0
5,fixed,61.85206063,-133654.6735,559.0,23602.29664,0.157766772,100.0,0.0
5,spread_matched,56.88781232,-178515.7376,355.0,-43688.56794,-0.3968677927,100.0,0.0
5,skew_only,57.57524446,-132290.0093,567.0,9077.344533,0.0655667936,100.0,0.0
5,as,51.88,-175109.8382,354.0,-41131.03218,-0.3782649697,100.0,0.0
6,fixed,55.59758447,-22155.50456,571.0,11897.58372,0.3740847051,100.0,0.0
6,spread_matched,41.7501222,-20150.04283,361.0,14534.17851,0.5487035338,100.0,0.0
6,skew_only,38.94702185,-14200.43705,592.0,31735.57196,1.273052929,100.0,0.0
6,as,36.17809491,-20150.35641,357.0,25781.10694,0.9050414362,100.0,0.0
7,fixed,42.59723329,-1407.244652,554.0,-1017.81134,-0.8319563899,100.0,0.0
7,spread_matched,37.01936093,-3071.626388,352.0,-2703.186531,-2.033513196,100.0,0.0
7,skew_only,41.73771647,-1253.092524,560.0,-613.8643433,-0.575423976,100.0,0.0
7,as,39.05286463,-2866.422735,358.0,-2426.990898,-1.952340365,100.0,0.0
8,fixed,67.44521851,-5046.857762,532.0,5343.581287,0.8832427187,100.0,0.0
8,spread_matched,53.03797129,-6949.891615,342.0,0.3240619918,6.332416155e-05,100.0,0.0
8,skew_only,62.79020362,-4898.987733,564.0,3279.43548,0.6038177727,100.0,0.0
8,as,52.78071462,-6330.888007,352.0,156.6702901,0.03140837516,100.0,0.0
9,fixed,60.92036375,-12077.52175,613.0,11975.35472,0.7441541704,100.0,0.0
9,spread_matched,35.84569094,-8971.377741,372.0,14816.66603,1.135352179,100.0,0.0
9,skew_only,52.51537341,-11729.44948,631.0,9432.236513,0.6571045654,100.0,0.0
9,as,37.63236946,-8971.372969,380.0,12342.79423,1.062216259,100.0,0.0
10,fixed,55.71893194,-1906.368898,567.0,549.5393006,0.4709813294,100.0,0.0
10,spread_matched,40.93912279,-446.6837084,371.0,1822.201452,2.419693168,100.0,0.0
10,skew_only,50.67651834,-1514.730538,586.0,547.2997987,0.553842615,100.0,0.0
10,as,45.00302496,-391.0469066,377.0,1193.690611,2.095216915,100.0,0.0
11,fixed,40.68622489,-38549.08284,524.0,-17307.59875,-0.3419803706,100.0,0.0
11,spread_matched,25.72436347,-85598.5581,308.0,-66786.94242,-1.038529935,100.0,0.0
11,skew_only,37.61251088,-40104.71401,540.0,-21818.50755,-0.4385265705,100.0,0.0
11,as,28.51403016,-49678.31223,328.0,-42029.18937,-1.009684011,100.0,0.0
12,fixed,47.5374669,-27724.64864,537.0,-18811.46948,-0.8673438854,100.0,0.0
12,spread_matched,45.78390415,-26726.73811,336.0,-6121.050691,-0.2319862706,100.0,0.0
12,skew_only,46.75061881,-26036.88322,547.0,-17013.27755,-0.8229042051,100.0,0.0
12,as,45.54891243,-24601.40847,340.0,-5139.988017,-0.1981360385,100.0,0.0
13,fixed,56.91747556,-50618.81303,555.0,5361.475271,0.1089698541,100.0,0.0
13,spread_matched,48.24206578,-20175.18558,361.0,29881.18034,0.9598165636,100.0,0.0
13,skew_only,53.34654132,-50597.7286,575.0,11274.28264,0.2445416543,100.0,0.0
13,as,40.12706837,-27738.598,362.0,10208.23475,0.3712808304,90.0,0.0
14,fixed,52.56281956,-28153.83912,524.0,4480.730983,0.1725853815,100.0,0.0
14,spread_matched,32.77454079,-43091.86239,321.0,-7089.909115,-0.2372070567,100.0,0.0
14,skew_only,46.80277188,-21671.50566,547.0,8277.159905,0.3564814004,100.0,0.0
14,as,29.961322,-38765.7732,336.0,-8788.771408,-0.374164526,100.0,0.0
15,fixed,57.32822752,-37541.1818,570.0,-17610.30308,-0.9038633215,100.0,0.0
15,spread_matched,49.79174546,-21944.00108,347.0,-80.07765612,-0.004721408003,100.0,0.0
15,skew_only,48.59110519,-27593.67578,576.0,-11674.00783,-0.749010945,100.0,0.0
15,as,44.65298842,-11912.82129,353.0,6705.570945,0.4469455314,100.0,0.0
16,fixed,46.85912398,-2113.198556,524.0,6379.325795,1.975673338,100.0,0.0
16,spread_matched,37.90979914,-2645.720003,334.0,5700.860981,1.465526164,100.0,0.0
16,skew_only,43.8107453,-1892.382946,526.0,5351.400713,1.993007231,100.0,0.0
16,as,42.55967236,-2224.674576,336.0,4789.472491,1.410343869,100.0,0.0
17,fixed,40.59214208,-118773.9974,542.0,-22935.23686,-0.3942898931,100.0,0.0
17,spread_matched,49.32724991,-31883.49762,344.0,49504.32651,1.592393004,100.0,0.0
17,skew_only,36.89058849,-100826.8609,564.0,-40100.23034,-1.02375872,100.0,0.0
17,as,47.14181871,-40290.36884,344.0,33276.14264,1.00953681,100.0,0.0
18,fixed,54.53004485,-3288.520329,556.0,3432.321211,0.825757438,100.0,0.0
18,spread_matched,43.35722519,-3587.241487,367.0,-49.84826359,-0.01546512936,100.0,0.0
18,skew_only,49.65785496,-3900.034365,584.0,1745.338216,0.5599151413,100.0,0.0
18,as,40.1534014,-3188.847521,371.0,-423.7947512,-0.1614356449,90.0,0.0
19,fixed,51.27410808,-5317.841333,548.0,7532.063591,1.342118059,100.0,0.0
19,spread_matched,41.93593762,-5527.517004,325.0,5682.552184,1.025145804,100.0,0.0
19,skew_only,49.53127077,-3689.42904,562.0,8266.261053,1.747228475,100.0,0.0
19,as,37.73494063,-4551.961989,347.0,5473.393113,1.114953075,100.0,0.0
20,fixed,53.6599824,-3814.149931,524.0,-2407.797923,-1.406269948,100.0,0.0
20,spread_matched,51.30454669,-4304.391279,338.0,-3292.840707,-1.844350794,100.0,0.0
20,skew_only,48.48578146,-3400.169358,542.0,-1993.804906,-1.278907394,100.0,0.0
20,as,50.1201308,-4573.817676,358.0,-3562.348714,-1.992705266,100.0,0.0
21,fixed,56.0989957,-19607.05138,543.0,24432.48965,1.345585935,100.0,0.0
21,spread_matched,44.69840891,-30892.80836,365.0,2777.54659,0.1461591194,100.0,0.0
21,skew_only,47.37644181,-22080.90398,549.0,1601.083588,0.09605068179,100.0,0.0
21,as,35.91548073,-9995.307563,363.0,10054.66115,0.957159827,100.0,0.0
22,fixed,62.59625228,-8634.543635,571.0,4525.112804,0.4188723506,100.0,0.0
22,spread_matched,33.88072064,-5919.573436,375.0,4030.724243,0.4333877898,100.0,0.0
22,skew_only,54.37684007,-5919.880789,577.0,6223.934447,0.663923079,100.0,0.0
22,as,34.9171795,-5086.942561,375.0,5034.800918,0.6365634484,100.0,0.0
23,fixed,54.006287,-8977.59937,566.0,-3417.676266,-0.3822264931,100.0,0.0
23,spread_matched,54.92462471,-5453.767443,358.0,4593.802234,0.4481149152,100.0,0.0
23,skew_only,48.76834117,-14648.76333,568.0,-9877.503055,-1.001155652,100.0,0.0
23,as,50.36376712,-10032.42661,364.0,262.2160947,0.02382836058,100.0,0.0
24,fixed,57.99301778,-45074.55333,557.0,-9830.882553,-0.3166120977,100.0,0.0
24,spread_matched,51.70237998,-44753.98784,359.0,-8692.070533,-0.2866030818,100.0,0.0
24,skew_only,56.01565652,-42620.00987,573.0,-5004.386622,-0.1624690446,100.0,0.0
24,as,51.09660684,-48027.08019,361.0,-3721.076418,-0.1252235247,100.0,0.0
25,fixed,54.67395153,-71545.2011,559.0,-16756.98541,-0.3643954888,100.0,0.0
25,spread_matched,53.06683318,-65751.90589,353.0,-35165.86749,-0.784038985,100.0,0.0
25,skew_only,53.34971081,-63615.0002,577.0,-10909.51011,-0.2524455848,100.0,0.0
25,as,51.61164175,-62172.89531,365.0,-25106.38117,-0.5845691972,100.0,0.0
26,fixed,56.06225022,-70224.601,583.0,-34381.72008,-0.7135340965,100.0,0.0
26,spread_matched,41.02412548,-68506.97996,382.0,-57201.30781,-1.528878251,100.0,0.0
26,skew_only,45.93444502,-62520.28496,609.0,-28079.68559,-0.668348017,100.0,0.0
26,as,36.33399064,-53412.46648,390.0,-42819.09552,-1.349358001,100.0,0.0
27,fixed,41.89653561,-71152.52074,506.0,7905.913316,0.123321097,100.0,0.0
27,spread_matched,45.14002034,-77450.24147,333.0,2489.075725,0.04359776112,100.0,0.0
27,skew_only,42.44115248,-65280.24185,522.0,-8826.051974,-0.1467786807,100.0,0.0
27,as,41.29842491,-56669.43053,335.0,-2134.753637,-0.04379319346,100.0,0.0
28,fixed,53.53638225,-66696.78912,575.0,-45729.15973,-1.185045106,100.0,0.0
28,spread_matched,57.67694153,-69347.40002,337.0,-29193.89602,-0.5720096045,100.0,0.0
28,skew_only,49.93066997,-71716.36037,586.0,-57822.43972,-1.668611157,100.0,0.0
28,as,50.8046919,-69157.06822,343.0,-36676.8016,-0.7226569551,100.0,0.0
29,fixed,73.97407269,-12932.77609,522.0,-5377.869715,-0.7522757798,100.0,0.0
29,spread_matched,70.96758099,-11413.26184,326.0,-4865.228687,-0.7312334185,100.0,0.0
29,skew_only,64.53939509,-9240.966806,538.0,-4236.502277,-0.7653962812,100.0,0.0
29,as,58.97688222,-6636.503362,344.0,-3103.584169,-0.6838539216,100.0,0.0
30,fixed,34.79578962,-20597.30404,508.0,-4441.418,-0.2322139026,100.0,0.0
30,spread_matched,38.7174354,-20376.10494,315.0,1232.75578,0.05827252944,100.0,0.0
30,skew_only,39.99351946,-17197.94157,536.0,-4515.981491,-0.2605654594,100.0,0.0
30,as,42.10479265,-18776.26286,325.0,-3052.953536,-0.1628525088,100.0,0.0
31,fixed,49.05750809,-20567.10001,523.0,-19794.2944,-1.488825866,100.0,0.0
31,spread_matched,32.95222669,-20887.92031,300.0,-16526.62237,-0.9748330065,100.0,0.0
31,skew_only,47.04470062,-18818.99911,543.0,-17981.04379,-1.714737541,100.0,0.0
31,as,31.45301243,-18918.44229,319.0,-14583.05121,-1.021442919,100.0,0.0
32,fixed,53.85918217,-12050.41681,573.0,7634.029235,0.8482244138,100.0,0.0
32,spread_matched,37.61933512,-9753.191631,343.0,13974.59375,1.279896313,100.0,0.0
32,skew_only,45.96080783,-5410.432528,589.0,10493.24306,1.323470445,100.0,0.0
32,as,39.64553296,-5641.438722,357.0,10783.85149,1.325593155,100.0,0.0
33,fixed,42.24987658,-41541.84795,511.0,135170.1644,1.853156024,100.0,0.0
33,spread_matched,53.72360813,-164682.7017,311.0,-29229.32549,-0.3186047002,100.0,0.0
33,skew_only,40.10663006,-41566.74338,522.0,90839.39023,1.371275191,100.0,0.0
33,as,50.33943599,-164682.7513,313.0,-36131.05162,-0.42684894,100.0,0.0
34,fixed,52.21549958,-2426.431699,504.0,289.5177715,0.166030111,100.0,0.0
34,spread_matched,44.53426901,-1825.069938,305.0,-0.03820093921,-3.681571602e-05,100.0,0.0
34,skew_only,48.58711759,-2805.290946,512.0,614.7331681,0.3228377532,100.0,0.0
34,as,42.17727535,-1685.100249,313.0,0.8364017148,0.0008118515637,100.0,0.0
35,fixed,65.38369139,-35988.88486,550.0,-19548.87622,-0.7861811182,100.0,0.0
35,spread_matched,58.69429952,-33941.78463,358.0,-1447.988325,-0.05817651433,100.0,0.0
35,skew_only,53.78042795,-34755.09707,574.0,-14726.80938,-0.6510115587,100.0,0.0
35,as,47.4539777,-26348.60221,366.0,-7368.207425,-0.3980185414,100.0,0.0
36,fixed,41.74858454,-1668.636128,562.0,2775.147131,1.347837921,100.0,0.0
36,spread_matched,34.40378117,-4212.094012,350.0,3689.9442,0.7810514003,100.0,0.0
36,skew_only,39.57772864,-981.889821,566.0,2468.298015,1.392315351,100.0,0.0
36,as,37.66862413,-3047.337947,358.0,601.075197,0.1889313708,100.0,0.0
37,fixed,45.05383401,-1102.368983,595.0,282.5441935,0.2874889018,100.0,0.0
37,spread_matched,41.72708424,-1217.347036,358.0,2572.800542,1.916830153,100.0,0.0
37,skew_only,43.73956972,-1110.610177,599.0,51.66171631,0.05906080595,100.0,0.0
37,as,35.39444836,-1217.670454,363.0,2305.814912,1.878934469,100.0,0.0
38,fixed,45.52684114,-9836.289266,583.0,1712.990845,0.2470504763,100.0,0.0
38,spread_matched,42.27104901,-8225.372943,365.0,3635.17213,0.5458467477,100.0,0.0
38,skew_only,50.86008537,-10411.71995,586.0,3150.383072,0.3982268778,100.0,0.0
38,as,41.19041592,-9362.637201,365.0,3847.239871,0.6479510695,100.0,0.0
39,fixed,37.6761327,-15669.38274,547.0,371.6657646,0.02926201665,100.0,0.0
39,spread_matched,33.06373699,-15569.09429,348.0,-8720.6752,-0.801046667,100.0,0.0
39,skew_only,29.80768342,-13134.98004,546.0,-11155.7965,-1.114739373,100.0,0.0
39,as,33.91023997,-14973.71767,346.0,-10797.28293,-1.085092008,100.0,0.0
40,fixed,46.78087643,-5599.131521,552.0,250.7059528,0.04567006169,100.0,0.0
40,spread_matched,48.00393191,-4690.146379,323.0,608.4218616,0.1208433752,100.0,0.0
40,skew_only,37.61847832,-3545.238953,562.0,894.3174319,0.199691681,100.0,0.0
40,as,36.77543914,-4690.134934,329.0,469.5342787,0.09932657519,100.0,0.0
41,fixed,31.10771936,-5002.643942,562.0,-2977.737762,-0.6062105478,100.0,0.0
41,spread_matched,37.02571841,-7569.130474,362.0,-3941.789891,-0.8328647997,100.0,0.0
41,skew_only,33.60641711,-3874.267007,582.0,-1390.564382,-0.3757542319,100.0,0.0
41,as,32.27785272,-5855.57323,364.0,-2787.97763,-0.6588229222,100.0,0.0
42,fixed,47.2652843,-7633.781997,546.0,-4955.658507,-1.290866636,100.0,0.0
42,spread_matched,53.87240554,-5604.954492,320.0,-2567.877431,-0.8245929526,100.0,0.0
42,skew_only,40.37874565,-6117.183502,550.0,-3482.675305,-1.020767647,100.0,0.0
42,as,38.70762566,-2737.354644,322.0,-530.6324335,-0.2523245921,100.0,0.0
43,fixed,45.53299986,-6120.677172,528.0,4510.722596,0.8551517818,100.0,0.0
43,spread_matched,38.3261076,-3903.804237,330.0,5864.185403,1.000107229,100.0,0.0
43,skew_only,35.99289797,-5008.909409,542.0,4764.817257,1.005399365,100.0,0.0
43,as,32.91259867,-2503.453759,338.0,6240.609732,1.283486473,100.0,0.0
44,fixed,53.12019163,-17425.00396,558.0,1459.090426,0.07380274234,100.0,0.0
44,spread_matched,48.1051144,-14502.83326,340.0,3253.556263,0.1774654437,100.0,0.0
44,skew_only,51.44500822,-17055.86894,569.0,4667.146352,0.2439499992,100.0,0.0
44,as,43.06782669,-14991.80413,339.0,5228.001369,0.3200709262,100.0,0.0
45,fixed,57.16053491,-34570.90797,499.0,-12818.5145,-0.7492090396,100.0,0.0
45,spread_matched,60.40622153,-41436.64439,295.0,-12788.97034,-0.6522793739,100.0,0.0
45,skew_only,51.46079703,-27827.39392,531.0,-12927.01896,-0.9208066862,100.0,0.0
45,as,54.77811972,-40115.58106,305.0,-11629.92513,-0.6103593463,100.0,0.0
46,fixed,62.633113,-37444.05059,533.0,-11606.37116,-0.3139346197,100.0,0.0
46,spread_matched,39.60917045,-39775.73388,335.0,-18853.04145,-0.5953268873,100.0,0.0
46,skew_only,54.55314758,-38877.54085,547.0,-11767.18786,-0.3254980402,100.0,0.0
46,as,33.33352485,-19823.94678,338.0,-9052.594226,-0.4153618173,100.0,0.0
47,fixed,37.15450066,-5676.63747,575.0,1391.317247,0.2711151157,100.0,0.0
47,spread_matched,33.30936661,-4542.729424,343.0,2516.797306,0.5259079782,100.0,0.0
47,skew_only,38.47169285,-4411.638951,594.0,-312.1795729,-0.07717494356,100.0,0.0
47,as,35.9941393,-3719.81329,354.0,1676.711855,0.4601007062,100.0,0.0
48,fixed,36.06170246,-4954.906977,559.0,278.5379735,0.0582184915,100.0,0.0
48,spread_matched,32.91098807,-4622.050644,326.0,2677.479076,0.4427129962,100.0,0.0
48,skew_only,34.90304995,-4974.633206,560.0,1507.630607,0.292078814,100.0,0.0
48,as,31.76294808,-3243.136067,336.0,2316.701781,0.4636148581,100.0,0.0
49,fixed,52.22328001,-41253.15913,566.0,-11303.13274,-0.4281307303,100.0,0.0
49,spread_matched,52.78736893,-32428.58679,386.0,-27884.8311,-1.199427748,100.0,0.0
49,skew_only,47.70530871,-41337.86557,564.0,-7713.318754,-0.3016228613,100.0,0.0
49,as,42.07548406,-27559.08777,394.0,-22631.55145,-1.111712561,100.0,0.0
50,fixed,50.93372532,-11944.25262,587.0,-2108.158963,-0.2110250852,100.0,0.0
50,spread_matched,36.84221273,-6118.989886,359.0,-864.2048989,-0.1829436777,100.0,0.0
50,skew_only,42.12333087,-11348.08986,593.0,-4636.826937,-0.7150994476,100.0,0.0
50,as,34.55041279,-6099.12874,358.0,-1495.496527,-0.3722476143,100.0,0.0
51,fixed,54.81711265,-65731.75615,527.0,-28400.10215,-0.8128150183,100.0,0.0
51,spread_matched,35.91390426,-23872.50202,341.0,-11009.67115,-0.6479769778,100.0,0.0
51,skew_only,44.57777732,-53224.6893,542.0,-29621.48866,-1.062691236,100.0,0.0
51,as,37.86449651,-31777.95811,343.0,-24063.31866,-1.626606131,90.0,0.0
52,fixed,51.25359772,-16307.46234,571.0,-5712.915504,-0.5559972695,100.0,0.0
52,spread_matched,42.14789124,-16154.82206,371.0,-4956.191055,-0.4811728687,100.0,0.0
52,skew_only,48.70601728,-13702.79721,589.0,-7096.927627,-0.8059723901,100.0,0.0
52,as,41.54778762,-11535.95242,380.0,-7703.086763,-0.9608644215,100.0,0.0
53,fixed,61.39461211,-10156.50753,519.0,28.6728392,0.00276567745,100.0,0.0
53,spread_matched,56.43465995,-10100.69741,311.0,-2.358471646,-0.0002452056194,100.0,0.0
53,skew_only,56.11389446,-12398.43491,539.0,-2374.702011,-0.2348282916,100.0,0.0
53,as,54.14873937,-10217.44324,323.0,-2303.182908,-0.2532040379,100.0,0.0
54,fixed,53.16093903,-2846.866638,585.0,2559.140409,0.9235968101,100.0,0.0
54,spread_matched,35.16720631,-1908.025534,381.0,2281.512644,1.177877963,100.0,0.0
54,skew_only,48.2376185,-2528.753852,582.0,1425.681268,0.5875590843,100.0,0.0
54,as,29.89618511,-1908.025534,381.0,2411.089113,1.27687259,80.0,0.0
55,fixed,60.01019339,-20365.71582,520.0,-16624.97781,-1.671544486,100.0,0.0
55,spread_matched,50.03274192,-19855.51865,357.0,-13261.34621,-1.380251901,100.0,0.0
55,skew_only,58.3685261,-20347.71168,536.0,-17599.56542,-1.644547937,100.0,0.0
55,as,50.45751084,-19668.20036,359.0,-13325.45717,-1.402791224,100.0,0.0
56,fixed,47.31036579,-65016.06321,533.0,-53592.3751,-2.201953088,100.0,0.0
56,spread_matched,54.90608851,-72754.36349,335.0,-29924.58054,-0.878036853,100.0,0.0
56,skew_only,44.54389717,-65168.71545,547.0,-60894.82872,-2.76114201,100.0,0.0
56,as,46.86064259,-41677.08529,353.0,-17997.27818,-0.8865982287,100.0,0.0
57,fixed,58.60596215,-75660.97128,555.0,-40034.46632,-0.8858948266,100.0,0.0
57,spread_matched,52.59189671,-57103.17954,350.0,-23298.39642,-0.754342085,100.0,0.0
57,skew_only,52.62513771,-70520.87305,565.0,-37349.59558,-0.8776711123,100.0,0.0
57,as,47.44711919,-55964.81156,353.0,-22336.80392,-0.7615422246,100.0,0.0
58,fixed,48.42609337,-79848.7948,551.0,-64249.32276,-1.053208132,100.0,0.0
58,spread_matched,28.76166609,-96170.52054,360.0,-55868.09996,-0.8530394534,100.0,0.0
58,skew_only,45.1305785,-69949.17731,573.0,-55290.61651,-0.9355364815,100.0,0.0
58,as,30.97888307,-69832.53329,363.0,-37437.1018,-0.6703925464,100.0,0.0
59,fixed,56.20297355,-4919.900425,549.0,5123.526448,0.7766098669,100.0,0.0
59,spread_matched,43.84509272,-5202.188905,333.0,1449.786756,0.2401589695,100.0,0.0
59,skew_only,48.0235369,-3385.638289,559.0,4270.083163,0.8711329278,100.0,0.0
59,as,35.52835662,-6151.882961,336.0,-4.86731553,-0.00096382401,100.0,0.0
60,fixed,52.44110586,-6785.895193,561.0,2313.569136,0.3326461517,100.0,0.0
60,spread_matched,30.83080886,-6337.018843,344.0,-3703.723652,-1.017451311,100.0,0.0
60,skew_only,45.02785555,-6595.790986,559.0,-2311.181346,-0.4353308659,100.0,0.0
60,as,25.73586571,-4552.471958,350.0,-548.7604205,-0.1875038625,100.0,0.0
61,fixed,69.10803698,-83276.86649,544.0,-49205.20404,-0.9476666672,100.0,0.0
61,spread_matched,45.48031381,-45695.92506,331.0,-18241.93369,-0.6588358496,100.0,0.0
61,skew_only,59.83861576,-84295.09229,564.0,-55593.82243,-1.120446764,100.0,0.0
61,as,40.95993407,-50192.81557,346.0,-25983.99989,-0.9149258356,100.0,0.0
62,fixed,44.0827442,-9143.656819,500.0,-4976.772639,-0.708651211,100.0,0.0
62,spread_matched,37.38186079,-8964.82416,325.0,-6589.726725,-1.034509366,100.0,0.0
62,skew_only,43.62405931,-5987.681729,524.0,-2793.610719,-0.535894532,100.0,0.0
62,as,39.97428393,-7478.90453,336.0,-4481.053097,-0.8343101898,100.0,0.0
63,fixed,58.57597047,-1741.286936,532.0,1598.25571,0.577150711,100.0,0.0
63,spread_matched,42.66658158,-3639.249789,363.0,-593.5648161,-0.2239843163,100.0,0.0
63,skew_only,55.67383583,-1536.338836,542.0,-262.9117055,-0.1311345927,100.0,0.0
63,as,43.52093928,-2834.425321,358.0,-465.4440168,-0.1803841463,100.0,0.0
64,fixed,48.64033125,-7125.869171,591.0,-6059.122324,-0.8877208644,100.0,0.0
64,spread_matched,32.54644183,-11823.59523,350.0,-7115.347935,-0.8757206262,100.0,0.0
64,skew_only,42.37015071,-6201.076128,598.0,-2406.682399,-0.4500774959,100.0,0.0
64,as,34.25026889,-9255.069577,361.0,-2729.701853,-0.4681362373,90.0,0.0
65,fixed,63.38832965,-15012.51512,543.0,-5866.694241,-0.4119226828,100.0,0.0
65,spread_matched,53.89221984,-18584.54539,330.0,-4426.007295,-0.2991161287,100.0,0.0
65,skew_only,58.9850066,-13014.88278,553.0,-1538.99752,-0.1150097657,100.0,0.0
65,as,58.38428103,-16926.70249,339.0,-6151.638951,-0.4495902067,100.0,0.0
66,fixed,56.47829456,-8285.716508,573.0,1397.51711,0.1482475208,100.0,0.0
66,spread_matched,34.30767423,-9384.221585,360.0,-1306.281061,-0.1417205299,100.0,0.0
66,skew_only,49.53969394,-8642.619043,583.0,1623.588378,0.1730155117,100.0,0.0
66,as,31.44073522,-7315.634337,369.0,-492.5240924,-0.07559554214,100.0,0.0
67,fixed,44.42008086,-7450.952843,582.0,-789.5868878,-0.1406526249,100.0,0.0
67,spread_matched,31.40813702,-3376.840117,358.0,3302.358325,0.7197573334,100.0,0.0
67,skew_only,41.52476678,-6253.278701,580.0,1464.523104,0.2854718089,100.0,0.0
67,as,33.50198555,-3376.632794,362.0,2064.516748,0.5566078657,100.0,0.0
68,fixed,47.92512289,-13555.48947,504.0,-7748.479002,-0.7015536507,100.0,0.0
68,spread_matched,26.53409804,-15536.46542,310.0,-9128.551619,-0.7876383308,100.0,0.0
68,skew_only,45.08599672,-12188.47394,528.0,-7320.950924,-0.8138408205,100.0,0.0
68,as,29.95728633,-13125.88955,332.0,-6383.049012,-0.6742184171,100.0,0.0
69,fixed,54.8519181,-3623.360511,585.0,-162.4884636,-0.05418867267,100.0,0.0
69,spread_matched,47.20020457,-1794.310294,375.0,2973.764868,1.116189216,100.0,0.0
69,skew_only,54.65695153,-3037.77829,589.0,714.4893977,0.2370541889,100.0,0.0
69,as,45.20706312,-1951.578407,383.0,2108.271592,0.8875121635,100.0,0.0
70,fixed,48.56005729,-20660.63676,578.0,24049.76794,0.8149462171,100.0,0.0
70,spread_matched,35.28228449,-14100.795,355.0,6963.732064,0.3544588089,100.0,0.0
70,skew_only,40.59857633,-18732.20553,592.0,13284.54259,0.5457130373,100.0,0.0
70,as,35.19715898,-11378.42942,357.0,10367.02349,0.6718819114,100.0,0.0
71,fixed,50.76959443,-6280.588834,569.0,1225.954998,0.241405499,100.0,0.0
71,spread_matched,48.30975351,-6098.097763,316.0,-1719.352844,-0.3374264891,100.0,0.0
71,skew_only,48.10388175,-6498.419992,569.0,-473.2729927,-0.1062629329,100.0,0.0
71,as,45.39982351,-4798.205932,322.0,-1265.654678,-0.2776643344,100.0,0.0
72,fixed,39.77817995,-7329.281515,588.0,7239.950452,0.7119375351,100.0,0.0
72,spread_matched,45.47995598,-15113.54217,368.0,-6115.800974,-0.5193407227,100.0,0.0
72,skew_only,37.35472934,-14401.77717,600.0,2102.87669,0.1876550667,90.0,0.0
72,as,36.24436451,-13600.74806,371.0,-5676.79764,-0.5320338716,90.0,0.0
73,fixed,50.95998939,-88934.64896,593.0,69035.67155,0.7502814611,100.0,0.0
73,spread_matched,28.60286692,-96397.41769,360.0,63136.02884,0.6616979562,100.0,0.0
73,skew_only,49.03814842,-80196.91533,603.0,76782.98953,0.8605007859,100.0,0.0
73,as,30.89676098,-82378.43501,382.0,65387.56138,0.799991181,100.0,0.0
74,fixed,61.93372687,-62810.01752,518.0,-56919.94272,-1.77356276,100.0,0.0
74,spread_matched,64.20113687,-89562.7594,316.0,-87006.98769,-1.98622097,100.0,0.0
74,skew_only,44.90332188,-47756.31207,532.0,-38770.98137,-1.620767341,100.0,0.0
74,as,60.98268901,-89350.88442,316.0,-87692.77243,-2.392668612,100.0,0.0
75,fixed,45.86353842,-8720.904,582.0,1864.84538,0.2322422131,100.0,0.0
75,spread_matched,53.43808077,-8059.037041,360.0,5405.015371,0.5365803163,100.0,0.0
75,skew_only,44.46198448,-4421.037448,590.0,5868.427861,0.8236779778,100.0,0.0
75,as,51.248607,-7313.044066,366.0,5146.111824,0.5601668584,100.0,0.0
76,fixed,26.4324225,-9612.924036,559.0,-6225.069608,-1.08354475,100.0,0.0
76,spread_matched,26.91038415,-14157.1614,344.0,-9401.320817,-1.352851315,100.0,0.0
76,skew_only,29.02808983,-6536.843311,583.0,-3207.210691,-0.6526016195,100.0,0.0
76,as,26.84289029,-13177.52376,361.0,-8971.931664,-1.469274765,100.0,0.0
77,fixed,55.16052415,-11116.04963,545.0,-4579.273482,-0.4909523115,100.0,0.0
77,spread_matched,38.39622313,-7276.549723,340.0,891.3288581,0.1109098812,100.0,0.0
77,skew_only,48.31896347,-8741.566901,559.0,-3846.0458,-0.4851660594,100.0,0.0
77,as,40.26050169,-5776.254414,346.0,640.7414128,0.08872412445,100.0,0.0
78,fixed,49.83561377,-13631.25327,590.0,5440.650012,0.4693133802,100.0,0.0
78,spread_matched,24.2410262,-10308.57363,372.0,9599.134271,0.7784934065,100.0,0.0
78,skew_only,42.78652815,-11109.41242,602.0,4090.270553,0.413164593,100.0,0.0
78,as,27.05691039,-6715.011356,377.0,3616.915366,0.4595900843,100.0,0.0
79,fixed,32.95288509,-1908.376139,513.0,5463.998765,1.693758956,100.0,0.0
79,spread_matched,27.1867416,-1377.959612,321.0,2731.736862,1.365125555,100.0,0.0
79,skew_only,37.15784057,-1756.61218,541.0,4515.493799,1.690055848,100.0,0.0
79,as,31.29069152,-2856.499415,336.0,-440.2497904,-0.3285163177,100.0,0.0
80,fixed,66.59550003,-29469.33092,509.0,-852.685283,-0.03080623028,100.0,0.0
80,spread_matched,62.93371077,-30219.43641,306.0,3174.350972,0.1145484665,100.0,0.0
80,skew_only,57.58586353,-24071.27548,537.0,-1567.878054,-0.06752282657,100.0,0.0
80,as,60.01184782,-26584.54929,322.0,2224.204975,0.08427417137,100.0,0.0
81,fixed,52.90618224,-2362.121908,524.0,1344.0919,0.3941429932,100.0,0.0
81,spread_matched,34.77805923,-3053.609912,340.0,834.4767495,0.2878910096,100.0,0.0
81,skew_only,49.55286595,-2661.07826,528.0,1708.255824,0.5491018281,100.0,0.0
81,as,29.62409661,-2076.324142,346.0,1715.889593,0.7112540384,100.0,0.0
82,fixed,48.12388596,-10778.4756,578.0,33571.79636,2.504014742,100.0,0.0
82,spread_matched,51.29942728,-22775.15331,351.0,21515.58559,1.490796244,100.0,0.0
82,skew_only,46.84427085,-8640.737513,575.0,30579.13031,2.31097474,100.0,0.0
82,as,47.95370633,-20293.71383,357.0,23559.75887,1.664921298,100.0,0.0
83,fixed,55.56598419,-18027.24781,558.0,-8056.937729,-0.4739958633,100.0,0.0
83,spread_matched,63.81573696,-16999.67351,329.0,-7685.866775,-0.424287291,100.0,0.0
83,skew_only,53.0948652,-19611.94973,581.0,-7760.179556,-0.5029101969,100.0,0.0
83,as,53.60875375,-16843.45135,329.0,-7537.802177,-0.5042243779,100.0,0.0
84,fixed,47.60221422,-41672.85629,563.0,31421.62356,0.8321153704,100.0,0.0
84,spread_matched,44.76053619,-72427.38573,355.0,-10624.93343,-0.2289626589,100.0,0.0
84,skew_only,42.27344793,-37810.83788,577.0,20157.88351,0.6897558338,100.0,0.0
84,as,47.38519178,-71802.14257,367.0,-12303.62611,-0.2986863988,100.0,0.0
85,fixed,43.36383257,-426648.8291,535.0,294354.2117,0.8648264266,100.0,0.0
85,spread_matched,24.69636327,-473265.9097,312.0,-83738.33853,-0.211029457,100.0,0.0
85,skew_only,43.69977482,-401241.3375,547.0,270188.9222,0.828193523,100.0,0.0
85,as,28.41027075,-411530.6127,322.0,38455.44519,0.1022672498,100.0,0.0
86,fixed,59.90617824,-37362.41801,596.0,-22997.59373,-0.6536445274,100.0,0.0
86,spread_matched,55.59185587,-26627.36958,364.0,-822.5229099,-0.02908525704,100.0,0.0
86,skew_only,53.67782588,-52891.50037,606.0,-35075.69999,-0.9561505971,100.0,0.0
86,as,51.85187517,-22726.2086,369.0,2137.554616,0.08191596471,100.0,0.0
87,fixed,60.04475984,-21993.92899,562.0,14963.89514,0.744118568,100.0,0.0
87,spread_matched,57.94277928,-18923.44834,380.0,12081.80755,0.6889855791,100.0,0.0
87,skew_only,55.68611159,-17210.32092,582.0,14480.10226,0.8536002982,100.0,0.0
87,as,52.35977539,-16817.70345,382.0,11624.27147,0.6985593986,100.0,0.0
88,fixed,41.83793188,-5851.670202,589.0,-1552.762629,-0.3838829859,100.0,0.0
88,spread_matched,40.64267112,-5703.958856,367.0,-83.31973182,-0.01510626525,100.0,0.0
88,skew_only,39.14039334,-5122.382045,585.0,-1412.189326,-0.4307481948,100.0,0.0
88,as,44.49560418,-4885.765112,370.0,-1.208034506,-0.0002028873867,100.0,0.0
89,fixed,67.07098352,-14376.67966,527.0,-7900.354685,-0.7577887456,100.0,0.0
89,spread_matched,66.19907189,-16032.98556,306.0,-10319.09279,-0.9389623067,100.0,0.0
89,skew_only,60.87948317,-12209.03747,549.0,-6944.807161,-0.7922563923,100.0,0.0
89,as,62.2949685,-13979.29256,326.0,-9263.257909,-0.9813873903,100.0,0.0
90,fixed,37.76572254,-7578.059177,575.0,-5976.362917,-1.57590017,100.0,0.0
90,spread_matched,32.95002883,-1720.504743,355.0,1906.319523,1.340661738,100.0,0.0
90,skew_only,39.23493341,-6027.815352,582.0,-2953.915166,-0.9652881872,100.0,0.0
90,as,33.148641,-2107.712974,356.0,1724.544487,1.146586284,90.0,0.0
91,fixed,61.55607914,-19917.78928,569.0,37422.94961,1.519268391,100.0,0.0
91,spread_matched,47.93454887,-14412.29747,363.0,15697.67746,0.667739195,100.0,0.0
91,skew_only,56.86467015,-16773.52356,587.0,25650.79911,1.153459238,100.0,0.0
91,as,47.44467245,-14412.59593,366.0,19398.93775,0.9572158032,100.0,0.0
92,fixed,59.56550404,-59074.99387,549.0,35127.64958,0.6655738309,100.0,0.0
92,spread_matched,48.41110326,-59166.97,323.0,20770.05078,0.3689400722,100.0,0.0
92,skew_only,55.07476169,-57679.39362,555.0,47163.4636,0.8989305259,100.0,0.0
92,as,48.54349798,-58567.50415,329.0,24372.93179,0.4433155074,100.0,0.0
93,fixed,54.27829178,-12688.18723,621.0,-7744.143959,-1.463186574,100.0,0.0
93,spread_matched,45.37052241,-8872.560296,379.0,-7050.279,-1.946749834,100.0,0.0
93,skew_only,48.8534093,-10607.08942,629.0,-6517.932401,-1.445296965,100.0,0.0
93,as,34.92521941,-5544.513931,384.0,-3932.687696,-1.494825922,80.0,0.0
94,fixed,64.56585364,-13143.52109,517.0,6807.30585,0.4193834737,100.0,0.0
94,spread_matched,60.90720483,-16265.22625,313.0,1835.263556,0.1091679403,100.0,0.0
94,skew_only,53.75198973,-13436.71209,532.0,764.2703375,0.05838968879,100.0,0.0
94,as,52.49881823,-9595.181435,321.0,-2977.965376,-0.2471107432,100.0,0.0
95,fixed,35.86067081,-76733.36672,561.0,18123.47639,0.3407437155,100.0,0.0
95,spread_matched,29.06086673,-124265.8156,316.0,-3850.411905,-0.04470682327,100.0,0.0
95,skew_only,36.67935201,-76348.17243,594.0,-15298.32425,-0.3150098842,100.0,0.0
95,as,36.47180389,-109246.7537,326.0,-27195.81332,-0.3779087509,100.0,0.0
96,fixed,60.17170495,-4608.848386,529.0,-2721.919846,-0.9869306708,100.0,0.0
96,spread_matched,35.92906322,-1667.613053,335.0,49.48316177,0.02814308574,100.0,0.0
96,skew_only,49.63024996,-3316.673554,545.0,-1429.335414,-0.6340932,100.0,0.0
96,as,32.17995921,-1228.034965,343.0,492.6736287,0.3352238739,100.0,0.0
97,fixed,62.83208212,-94851.311,582.0,33497.49956,0.3355819994,100.0,0.0
97,spread_matched,63.8822226,-153256.0823,344.0,30990.53149,0.2729843081,100.0,0.0
97,skew_only,57.57759438,-75892.7682,604.0,50853.41093,0.5718203454,100.0,0.0
97,as,57.77563839,-155960.7662,351.0,24319.55927,0.217323784,100.0,0.0
98,fixed,63.17854497,-280051.2184,555.0,-170318.6531,-0.7706512428,100.0,0.0
98,spread_matched,59.81659167,-243891.6825,335.0,-66845.42973,-0.3232241211,100.0,0.0
98,skew_only,59.65006702,-327614.0502,567.0,-238618.2025,-1.213676278,100.0,0.0
98,as,56.01096593,-220284.2221,343.0,-125081.921,-0.7043226593,100.0,0.0
99,fixed,45.16455149,-15760.01154,592.0,18024.00961,1.093742706,100.0,0.0
99,spread_matched,25.99365892,-17368.93635,358.0,15083.96903,0.7816962246,100.0,0.0
99,skew_only,46.91669331,-12241.7292,594.0,8753.987082,0.5700070213,100.0,0.0
99,as,33.48810462,-14870.28622,369.0,5485.174632,0.3866546218,100.0,0.0
100,fixed,46.9347726,-137376.0815,583.0,-8150.011184,-0.06724472781,100.0,0.0
100,spread_matched,35.12112912,-529766.8353,346.0,-468395.1272,-2.284888214,100.0,0.0
100,skew_only,42.68099895,-137376.0913,585.0,-5096.914862,-0.04215266428,100.0,0.0
100,as,39.78737236,-519760.3955,350.0,-459354.1361,-2.266467568,100.0,0.0
101,fixed,56.67667002,-2527.201558,543.0,2513.001257,1.010179923,100.0,0.0
101,spread_matched,50.65500962,-2108.397127,330.0,1483.909082,0.657260576,100.0,0.0
101,skew_only,50.92852402,-2543.552302,558.0,1764.750734,0.7579817796,100.0,0.0
101,as,45.48974034,-2268.917946,340.0,1092.042255,0.5453566418,100.0,0.0
102,fixed,61.83768682,-4885.942034,560.0,-2972.632321,-1.156215139,100.0,0.0
102,spread_matched,66.17850224,-5631.626975,329.0,-3843.364165,-1.440639584,100.0,0.0
102,skew_only,48.01036884,-4550.543813,580.0,-2391.387234,-1.134809084,100.0,0.0
102,as,61.83397085,-5328.220228,350.0,-3799.459442,-1.520054686,100.0,0.0
103,fixed,50.87748575,-19362.61309,604.0,-15841.95842,-1.538033782,100.0,0.0
103,spread_matched,42.7988684,-9690.033736,366.0,-384.6713118,-0.0451959297,100.0,0.0
103,skew_only,43.6916907,-13275.45595,613.0,-11280.53043,-1.378405511,100.0,0.0
103,as,37.52317449,-8995.323902,370.0,914.0691787,0.1205215869,100.0,0.0
104,fixed,61.57122458,-6999.550039,534.0,-4957.058351,-0.9367020706,100.0,0.0
104,spread_matched,55.58403871,-4979.512171,351.0,-1711.281487,-0.3797129481,100.0,0.0
104,skew_only,42.89281483,-2888.694157,560.0,-193.4071888,-0.06901455973,100.0,0.0
104,as,37.98078081,-2174.493676,365.0,266.9721587,0.08820800593,100.0,0.0
105,fixed,42.23593777,-23832.54229,576.0,15947.19917,1.007595931,100.0,0.0
105,spread_matched,37.03993292,-7056.996043,352.0,4265.859873,0.5003297049,100.0,0.0
105,skew_only,35.3255966,-14860.85855,591.0,11367.22704,0.9373679516,100.0,0.0
105,as,30.34904618,-7057.074891,356.0,2553.264744,0.3376084555,80.0,0.0
106,fixed,34.1364285,-51434.16016,557.0,-43100.0074,-1.049393271,100.0,0.0
106,spread_matched,44.64540178,-51437.13979,356.0,-4648.040231,-0.1165251956,100.0,0.0
106,skew_only,32.06130751,-50050.10854,567.0,-39695.70954,-1.030925951,100.0,0.0
106,as,41.15028786,-50010.73657,356.0,-22028.15777,-0.5283708039,100.0,0.0
107,fixed,49.70336567,-10010.28174,586.0,-848.3767713,-0.1306680199,100.0,0.0
107,spread_matched,40.12100496,-7137.107524,378.0,1107.890467,0.204337406,100.0,0.0
107,skew_only,44.66249433,-6894.215919,602.0,-582.6054404,-0.1088096809,100.0,0.0
107,as,36.15508538,-6768.543262,386.0,-1277.480536,-0.2791081917,100.0,0.0
108,fixed,51.19671614,-12945.56826,561.0,-9886.349166,-1.069044515,100.0,0.0
108,spread_matched,47.45925575,-8747.192746,357.0,818.4213586,0.1375794509,100.0,0.0
108,skew_only,38.77875687,-10619.72014,583.0,-7231.75295,-1.052018336,100.0,0.0
108,as,42.2569447,-7909.948384,363.0,551.6883642,0.09682299932,100.0,0.0
109,fixed,54.61236256,-12469.49239,538.0,-6183.011486,-0.7379616418,100.0,0.0
109,spread_matched,45.79780252,-6437.903415,357.0,1685.373674,0.2492844815,100.0,0.0
109,skew_only,50.33745896,-12636.57953,548.0,-7329.052121,-0.9476555983,100.0,0.0
109,as,44.70757241,-6091.288631,365.0,-92.28820354,-0.01383545397,100.0,0.0
110,fixed,54.33462961,-1561.480562,549.0,1820.126341,0.9066621935,100.0,0.0
110,spread_matched,54.73333138,-1824.030381,346.0,1226.68798,0.7060343146,100.0,0.0
110,skew_only,43.46497988,-1575.074284,565.0,633.0127861,0.470670996,100.0,0.0
110,as,44.9684867,-1416.669305,362.0,399.7808664,0.2914578731,100.0,0.0
111,fixed,41.15713066,-22394.51176,569.0,-4042.864334,-0.2556231129,100.0,0.0
111,spread_matched,30.48121125,-19814.11093,341.0,-1303.612056,-0.09655000604,100.0,0.0
111,skew_only,32.4982632,-11261.66701,592.0,5218.994933,0.5286371968,100.0,0.0
111,as,35.14731818,-14321.37823,354.0,1368.668031,0.1277032884,100.0,0.0
112,fixed,44.43189304,-13463.24737,520.0,-7454.612191,-0.6492877088,100.0,0.0
112,spread_matched,41.93557677,-9486.778857,318.0,-3816.000013,-0.3828330381,100.0,0.0
112,skew_only,44.09633472,-14418.85097,534.0,-9603.523024,-0.9319835717,100.0,0.0
112,as,43.95529711,-9650.245224,330.0,-5976.198343,-0.7067086745,100.0,0.0
113,fixed,65.52699376,-73140.22207,558.0,-37171.77601,-0.6246775986,100.0,0.0
113,spread_matched,49.39790761,-58224.4713,374.0,-25318.67327,-0.4848955517,100.0,0.0
113,skew_only,48.32095726,-46130.32356,580.0,-171.6804172,-0.0034616745,100.0,0.0
113,as,47.88333479,-50365.71217,369.0,-3487.813912,-0.0695652201,100.0,0.0
114,fixed,56.18431588,-33119.14727,518.0,1631.101065,0.06223929374,100.0,0.0
114,spread_matched,65.97505376,-35486.60264,324.0,-9589.439671,-0.3518775601,100.0,0.0
114,skew_only,46.98251197,-32218.75266,536.0,-2972.102733,-0.1191827591,100.0,0.0
114,as,54.97061862,-34378.77167,336.0,-11754.03954,-0.4700834848,100.0,0.0
115,fixed,57.01526024,-4717.783631,563.0,-2239.282419,-0.6555975153,100.0,0.0
115,spread_matched,37.74465281,-3603.563483,369.0,-2790.30702,-0.9124841871,100.0,0.0
115,skew_only,49.05750874,-3773.798283,577.0,-1485.990269,-0.4960470887,100.0,0.0
115,as,36.62413958,-4013.047139,372.0,-2941.32756,-0.9634971313,100.0,0.0
116,fixed,54.28558165,-1494.346164,545.0,631.9857724,0.3817496754,100.0,0.0
116,spread_matched,39.94012939,-1444.972037,354.0,3031.147964,2.332055229,100.0,0.0
116,skew_only,50.17523277,-1370.343929,553.0,-153.9718702,-0.1004645431,100.0,0.0
116,as,42.10364336,-1327.558636,359.0,2524.88806,2.183102918,100.0,0.0
117,fixed,44.89398552,-2335.711062,523.0,6393.73766,1.416567419,100.0,0.0
117,spread_matched,42.61792908,-11802.75836,303.0,-5075.997145,-0.5960018211,100.0,0.0
117,skew_only,43.15158727,-2600.7173,531.0,5957.351212,1.428019268,100.0,0.0
117,as,38.16428685,-5140.041894,309.0,-981.0446334,-0.2062865007,100.0,0.0
118,fixed,53.67823946,-54177.33991,554.0,-6819.46048,-0.1926788032,100.0,0.0
118,spread_matched,47.48820334,-45193.09036,335.0,-20015.13058,-0.5820463375,100.0,0.0
118,skew_only,44.89427223,-28643.84199,566.0,13868.36519,0.5684406308,100.0,0.0
118,as,38.48319654,-32782.59569,339.0,-4958.849347,-0.2004740721,90.0,0.0
119,fixed,63.63046276,-18600.51224,491.0,605.1373516,0.04107821515,100.0,0.0
119,spread_matched,71.07073799,-21846.54621,334.0,1756.637715,0.088182969,100.0,0.0
119,skew_only,58.08648723,-14665.4208,515.0,-270.6077108,-0.02154963476,100.0,0.0
119,as,62.8221716,-19477.28339,343.0,-3869.141936,-0.2493870742,100.0,0.0
120,fixed,48.2690376,-5802.231479,542.0,-5353.992469,-1.512062542,100.0,0.0
120,spread_matched,32.89787835,-5529.880597,325.0,-4626.087464,-1.198076589,100.0,0.0
120,skew_only,38.76793809,-4619.937997,562.0,-4373.966411,-1.535955688,100.0,0.0
120,as,41.57567746,-4359.886926,344.0,-3533.749759,-1.193816384,100.0,0.0
121,fixed,53.49504112,-5828.576512,589.0,905.2292196,0.1410986315,100.0,0.0
121,spread_matched,46.78283407,-3993.283336,357.0,3782.30519,0.6757801772,100.0,0.0
121,skew_only,47.3396806,-5828.614068,599.0,-109.3589535,-0.01793534551,100.0,0.0
121,as,51.59437318,-4437.587007,353.0,5064.78674,0.8313054667,100.0,0.0
122,fixed,52.80749946,-71236.42112,577.0,17792.11154,0.3748047314,100.0,0.0
122,spread_matched,59.82777118,-86141.15299,341.0,-12327.76861,-0.2589274489,100.0,0.0
122,skew_only,51.10501884,-66815.2632,581.0,33019.42431,0.7178580826,100.0,0.0
122,as,54.61067111,-76201.0598,350.0,-12323.83791,-0.295625627,100.0,0.0
123,fixed,29.16080376,-13027.05978,489.0,3397.64357,0.1828330835,100.0,0.0
123,spread_matched,30.04706759,-12766.66466,313.0,4548.573061,0.2671646408,100.0,0.0
123,skew_only,29.38962749,-9970.575714,525.0,6131.52132,0.4244113206,100.0,0.0
123,as,30.20422196,-10113.02276,326.0,7036.007849,0.5350582577,100.0,0.0
124,fixed,65.31536285,-98289.45405,578.0,5295.041937,0.05596455469,100.0,0.0
124,spread_matched,36.6362747,-75378.12583,344.0,84702.05088,0.8466514399,100.0,0.0
124,skew_only,54.37497627,-82714.3008,600.0,-14099.94693,-0.1713751745,100.0,0.0
124,as,34.4057762,-58599.26961,354.0,50499.5271,0.6163095476,100.0,0.0
125,fixed,46.63145538,-2196.699175,576.0,2521.935256,1.394629692,100.0,0.0
125,spread_matched,37.7341182,-2574.275759,353.0,36.57425842,0.0214708895,100.0,0.0
125,skew_only,39.81359567,-1581.818514,581.0,1694.474893,1.16527556,100.0,0.0
125,as,34.12300044,-1687.384446,355.0,647.4769576,0.4730299474,100.0,0.0
126,fixed,39.73207143,-3174.217069,591.0,5925.361775,1.197285884,100.0,0.0
126,spread_matched,54.39103558,-5126.229034,375.0,3990.957848,0.8558951013,100.0,0.0
126,skew_only,33.53389376,-2857.814033,599.0,2891.291848,0.9123044119,100.0,0.0
126,as,47.70399862,-4774.916615,379.0,1904.289841,0.4975730249,100.0,0.0
127,fixed,54.1699809,-13458.08073,589.0,-10442.08245,-1.280326778,100.0,0.0
127,spread_matched,39.31896392,-14471.09254,349.0,-12560.21272,-1.767947146,100.0,0.0
127,skew_only,43.86285188,-9433.820044,591.0,-6604.602734,-0.9561663223,100.0,0.0
127,as,34.32285046,-8087.432897,359.0,-6692.257984,-1.37142579,100.0,0.0
128,fixed,42.63181155,-14955.20011,562.0,5751.954203,0.4328799562,100.0,0.0
128,spread_matched,35.36639534,-5445.061871,340.0,9900.137891,1.421152017,100.0,0.0
128,skew_only,42.12740171,-14756.8777,570.0,5217.517241,0.4091254862,100.0,0.0
128,as,35.6906441,-4648.653694,348.0,10673.37847,1.545275142,100.0,0.0
129,fixed,60.96387127,-22023.18656,526.0,-5592.009395,-0.3527824412,100.0,0.0
129,spread_matched,60.9787067,-19604.27296,324.0,-8537.455959,-0.5334560764,100.0,0.0
129,skew_only,52.50807081,-13096.65392,540.0,-4345.879845,-0.363543741,100.0,0.0
129,as,50.98950401,-12195.19104,326.0,-6995.751453,-0.6326338764,100.0,0.0
130,fixed,57.8154425,-6126.093063,523.0,1304.78018,0.1741120102,100.0,0.0
130,spread_matched,49.50044419,-3877.971216,340.0,-234.3588527,-0.04426102894,100.0,0.0
130,skew_only,50.02492595,-4459.90959,529.0,718.0651722,0.1152214149,100.0,0.0
130,as,45.80768804,-4855.315791,340.0,-1642.785088,-0.3182744932,100.0,0.0
131,fixed,52.15630469,-12462.96949,539.0,7249.154163,0.4661360707,100.0,0.0
131,spread_matched,49.69455454,-9186.924838,331.0,149.5837405,0.01069687275,100.0,0.0
131,skew_only,45.25519952,-9686.709268,547.0,10797.82357,0.7895663009,100.0,0.0
131,as,46.65558192,-9677.513314,337.0,4519.654699,0.3281624346,100.0,0.0
132,fixed,50.48966206,-61220.25852,525.0,223969.0693,2.218362373,100.0,0.0
132,spread_matched,42.63624016,-88975.2939,333.0,113324.9316,1.039250657,100.0,0.0
132,skew_only,48.29498525,-60351.9994,539.0,221354.4364,2.450464432,100.0,0.0
132,as,42.72222811,-72089.96566,349.0,111028.8971,1.215128496,100.0,0.0
133,fixed,53.70249505,-7581.792871,581.0,5466.971081,0.7257613243,100.0,0.0
133,spread_matched,46.40149204,-7854.090529,376.0,3305.063725,0.455730547,100.0,0.0
133,skew_only,46.37351589,-5214.840499,588.0,5652.125666,0.8573523425,100.0,0.0
133,as,47.11726137,-6016.525037,382.0,3753.613377,0.5681480538,100.0,0.0
134,fixed,55.04656915,-226033.1571,578.0,221266.9885,0.8990066556,100.0,0.0
134,spread_matched,52.49236972,-226108.034,368.0,222494.2059,0.8946605838,100.0,0.0
134,skew_only,50.85885111,-211392.0295,596.0,205636.0371,0.9761426683,100.0,0.0
134,as,48.04296373,-226108.0466,368.0,198252.8895,0.8036730923,100.0,0.0
135,fixed,45.18008411,-8906.653625,576.0,-801.1004994,-0.1449472447,100.0,0.0
135,spread_matched,52.24606319,-5737.336209,349.0,-3847.197731,-1.157286859,100.0,0.0
135,skew_only,43.52665591,-6344.329791,588.0,-2623.852993,-0.6366240064,100.0,0.0
135,as,45.02683865,-4056.896254,351.0,-2017.579245,-0.6722374598,100.0,0.0
136,fixed,56.39197169,-7295.901717,559.0,9419.405986,0.7378488018,100.0,0.0
136,spread_matched,38.89557609,-9324.630458,363.0,2487.473972,0.2056867235,100.0,0.0
136,skew_only,51.57828682,-7079.561086,569.0,2325.78229,0.2133661447,100.0,0.0
136,as,43.34053427,-7746.338815,365.0,3375.203059,0.3256197141,100.0,0.0
137,fixed,51.25177826,-4771.224876,538.0,-2477.912947,-0.7114009634,100.0,0.0
137,spread_matched,47.21498809,-3075.911995,355.0,-1653.900736,-0.6505862448,100.0,0.0
137,skew_only,45.01090267,-3474.572417,547.0,-993.0798604,-0.3480236274,100.0,0.0
137,as,37.85068875,-2625.52872,356.0,-1462.515485,-0.6126940572,100.0,0.0
138,fixed,42.00019656,-45281.32977,526.0,-22949.8416,-0.830984017,100.0,0.0
138,spread_matched,38.43571797,-28182.21889,347.0,-16365.07183,-0.8597593907,100.0,0.0
138,skew_only,40.62455355,-39158.8924,542.0,-18792.54162,-0.7065190112,100.0,0.0
138,as,38.79478913,-25957.32503,348.0,-12370.60544,-0.6360673968,90.0,0.0
139,fixed,34.8522238,-14278.89213,580.0,-12310.91863,-1.635791181,100.0,0.0
139,spread_matched,35.26020028,-6866.560383,338.0,-4496.606203,-0.8778183187,100.0,0.0
139,skew_only,30.40222411,-10417.406,577.0,-6543.375581,-0.9225824762,100.0,0.0
139,as,27.79597149,-10775.81527,345.0,-5888.978739,-0.798879138,100.0,0.0
140,fixed,39.26211343,-3940.764448,569.0,637.8132532,0.1750254031,100.0,0.0
140,spread_matched,33.69097433,-5374.170116,359.0,5710.412231,1.088902063,100.0,0.0
140,skew_only,43.1769659,-3769.543579,577.0,203.3038965,0.0629414581,100.0,0.0
140,as,40.60813848,-4687.569869,373.0,3354.622507,0.7924458526,100.0,0.0
141,fixed,47.8733174,-4095.190813,565.0,5282.217475,1.283677788,100.0,0.0
141,spread_matched,33.40864463,-1875.493338,332.0,4483.635377,1.915755068,100.0,0.0
141,skew_only,45.93077835,-2907.494438,567.0,2734.483341,0.9712594485,100.0,0.0
141,as,30.95584389,-1424.640728,346.0,3578.348954,1.827687142,100.0,0.0
142,fixed,36.72462367,-6917.725678,584.0,-3577.348337,-0.727895335,100.0,0.0
142,spread_matched,31.27108618,-5105.576468,354.0,-1481.093974,-0.3074032193,100.0,0.0
142,skew_only,33.02535487,-6036.08742,588.0,-3595.364122,-0.8184547529,100.0,0.0
142,as,32.3674744,-4078.507037,354.0,-1443.859202,-0.3448815829,100.0,0.0
143,fixed,31.55835596,-85253.91535,574.0,-42498.24923,-1.218775743,100.0,0.0
143,spread_matched,37.13120903,-87789.13345,342.0,-31716.67222,-0.8468271014,100.0,0.0
143,skew_only,42.58159507,-79908.1855,594.0,-73623.26473,-2.668409723,100.0,0.0
143,as,35.90802718,-76186.57921,360.0,-53588.13732,-1.988143285,100.0,0.0
144,fixed,35.37616586,-6441.301328,536.0,-4634.309451,-1.316407072,100.0,0.0
144,spread_matched,26.5978035,-5878.133287,333.0,-5140.012431,-1.794679397,100.0,0.0
144,skew_only,32.95036267,-4186.394013,571.0,-2644.344155,-1.145073543,100.0,0.0
144,as,27.37682166,-5036.099682,343.0,-4242.693971,-1.551924879,100.0,0.0
145,fixed,55.7775344,-9808.452908,551.0,11908.28523,0.8464164857,100.0,0.0
145,spread_matched,39.80338473,-9933.088568,347.0,10742.81159,0.7299506674,100.0,0.0
145,skew_only,50.69349745,-8796.103533,575.0,3420.49262,0.2980637227,100.0,0.0
145,as,39.7427999,-5315.021555,367.0,11402.58708,1.037784708,100.0,0.0
146,fixed,51.89718334,-22205.59442,556.0,-2783.769336,-0.1697847941,100.0,0.0
146,spread_matched,36.1915873,-27373.77995,333.0,-3510.8897,-0.1651585672,100.0,0.0
146,skew_only,51.77822128,-19060.20594,568.0,1220.057363,0.07958001513,100.0,0.0
146,as,38.15311673,-27374.02778,345.0,-3425.916627,-0.1684083806,100.0,0.0
147,fixed,38.35205861,-7019.452976,552.0,-4095.388839,-1.206335284,100.0,0.0
147,spread_matched,48.81503043,-3429.292759,344.0,2327.34046,0.4626453037,100.0,0.0
147,skew_only,40.59034751,-6554.868658,568.0,-4578.99886,-1.342858811,100.0,0.0
147,as,37.41214241,-4024.021845,344.0,-816.1344794,-0.2382598699,100.0,0.0
148,fixed,63.63212007,-22395.33786,576.0,-13360.95783,-1.022299073,100.0,0.0
148,spread_matched,54.89168089,-17476.00845,375.0,-5969.616513,-0.4907084566,100.0,0.0
148,skew_only,55.37953571,-14626.32479,599.0,-6843.923193,-0.6267978983,100.0,0.0
148,as,50.95287995,-16133.5922,380.0,-8553.20943,-0.7798931535,100.0,0.0
149,fixed,47.35704568,-21272.4232,526.0,-14731.19797,-1.097341143,100.0,0.0
149,spread_matched,29.3175067,-12812.98422,330.0,-6742.37351,-0.8877963735,100.0,0.0
149,skew_only,47.01721519,-17874.58445,540.0,-12582.27231,-1.215098941,100.0,0.0
149,as,31.94845146,-10155.39154,328.0,-4084.992878,-0.6399815652,100.0,0.0
150,fixed,49.27518304,-4743.928626,548.0,-1194.409197,-0.2454875702,100.0,0.0
150,spread_matched,37.22401327,-3464.461846,339.0,-561.6647675,-0.1234136375,100.0,0.0
150,skew_only,46.40641282,-3472.333095,558.0,-261.6061182,-0.0594547687,100.0,0.0
150,as,39.28251718,-3237.768166,351.0,-1088.774545,-0.2853323824,100.0,0.0
151,fixed,46.31644061,-5076.849171,554.0,6937.28885,1.214404054,100.0,0.0
151,spread_matched,36.2417356,-5925.320973,332.0,6397.923343,1.100058759,100.0,0.0
151,skew_only,44.30446655,-5385.56829,560.0,5733.457616,1.037785122,100.0,0.0
151,as,33.82097915,-4679.58707,345.0,5596.228211,1.325147516,90.0,0.0
152,fixed,43.30816458,-14813.61068,532.0,18736.92753,1.309552938,100.0,0.0
152,spread_matched,31.21491688,-15945.46829,339.0,10689.74556,0.6802970472,100.0,0.0
152,skew_only,40.71839245,-11479.25642,551.0,16647.29476,1.421973538,100.0,0.0
152,as,34.74629903,-12741.83152,360.0,9986.741412,0.7525767307,100.0,0.0
153,fixed,46.55594102,-4157.306188,524.0,666.2760999,0.2011026006,100.0,0.0
153,spread_matched,29.81584304,-14527.7264,320.0,-4815.443125,-0.5492066032,100.0,0.0
153,skew_only,41.55292028,-3804.766477,534.0,474.0452582,0.1532204494,100.0,0.0
153,as,29.72028095,-8511.144957,336.0,-268.091413,-0.03835789748,100.0,0.0
154,fixed,50.17753537,-6716.328412,596.0,-2526.387657,-0.5201362046,100.0,0.0
154,spread_matched,34.38450778,-4752.704659,374.0,-4266.047201,-1.953680696,100.0,0.0
154,skew_only,44.08514025,-4167.333063,600.0,-1673.717698,-0.5023376304,100.0,0.0
154,as,32.97199727,-4354.005949,377.0,-4001.536324,-1.741679775,80.0,0.0
155,fixed,52.90591573,-4992.303589,523.0,-1859.656385,-0.4458625417,100.0,0.0
155,spread_matched,41.28959645,-2780.642754,319.0,-1027.921358,-0.3180731606,100.0,0.0
155,skew_only,42.9446039,-3921.003852,531.0,-1605.661116,-0.5200903353,100.0,0.0
155,as,42.06961773,-2727.0202,324.0,-1183.766441,-0.404173607,100.0,0.0
156,fixed,59.10489519,-14438.76183,571.0,10.1847206,0.0007898722988,100.0,0.0
156,spread_matched,51.94774081,-9579.30751,349.0,-8088.062481,-0.9384595941,100.0,0.0
156,skew_only,54.18442986,-12012.9739,569.0,-781.7282261,-0.07125162329,100.0,0.0
156,as,49.48291179,-10150.03318,351.0,-8391.764072,-1.058984404,100.0,0.0
157,fixed,59.07217347,-16395.05345,585.0,-12994.11597,-1.154022665,100.0,0.0
157,spread_matched,50.32822245,-12938.63789,362.0,6561.825568,0.4352182047,100.0,0.0
157,skew_only,56.15651797,-14808.50316,591.0,-12190.65128,-1.146671391,100.0,0.0
157,as,44.1079639,-13114.35595,375.0,3723.484214,0.2735881684,100.0,0.0
158,fixed,55.15197095,-12132.16511,602.0,1744.695986,0.1952626061,100.0,0.0
158,spread_matched,43.69060087,-12469.32769,367.0,1602.705872,0.1800507681,100.0,0.0
158,skew_only,51.54133214,-12040.95473,620.0,2512.105652,0.288331845,100.0,0.0
158,as,43.24002746,-11596.27803,371.0,4042.202496,0.4773415468,100.0,0.0
159,fixed,41.18499046,-4077.95418,519.0,4153.132777,0.6830071333,100.0,0.0
159,spread_matched,52.45699095,-4677.409009,350.0,-474.1388809,-0.09321587978,100.0,0.0
159,skew_only,39.13878685,-3167.170236,534.0,4315.627964,0.795120323,100.0,0.0
159,as,45.9330565,-3572.694075,353.0,1052.347957,0.2399190907,100.0,0.0
160,fixed,47.14563775,-19887.50196,564.0,-13372.35873,-0.9133174904,100.0,0.0
160,spread_matched,35.80193681,-13020.28992,342.0,-6835.264105,-0.6881914284,90.0,0.0
160,skew_only,43.1937513,-26345.35963,562.0,-19714.70048,-1.321031053,100.0,0.0
160,as,35.07521923,-14146.52254,344.0,-8803.72373,-0.9144157199,90.0,0.0
161,fixed,53.80833838,-1614.262304,555.0,6033.780744,1.884086788,100.0,0.0
161,spread_matched,47.71233885,-1501.416128,345.0,3980.683833,1.365786844,100.0,0.0
161,skew_only,50.48120046,-1550.398041,572.0,5059.303453,1.852915236,100.0,0.0
161,as,43.43882061,-1325.767976,351.0,3449.656896,1.371343773,90.0,0.0
162,fixed,51.03439224,-13592.79989,579.0,5723.35967,0.4008041732,100.0,0.0
162,spread_matched,46.78169723,-10527.93163,352.0,17736.18415,1.18217587,100.0,0.0
162,skew_only,44.57007063,-12036.68835,593.0,2988.329196,0.2291685479,100.0,0.0
162,as,40.42928201,-7654.360568,360.0,11357.6561,0.887568129,100.0,0.0
163,fixed,49.59674824,-9710.333318,545.0,-3699.98822,-0.6094794572,100.0,0.0
163,spread_matched,56.63192029,-10215.32335,324.0,-6031.940139,-0.81596687,100.0,0.0
163,skew_only,47.89190327,-7748.379114,559.0,-2582.214727,-0.4360719736,100.0,0.0
163,as,49.56432423,-9534.649466,330.0,-5877.58916,-0.8778191,100.0,0.0
164,fixed,57.31670241,-13476.47143,571.0,3397.476275,0.2175869861,100.0,0.0
164,spread_matched,55.73055176,-19479.12268,359.0,-1411.642636,-0.0809930901,100.0,0.0
164,skew_only,53.07738366,-10496.64597,573.0,5721.857677,0.3989938177,100.0,0.0
164,as,57.45841696,-18992.24945,353.0,-1446.081709,-0.08659178686,100.0,0.0
165,fixed,66.12479229,-6790.239665,528.0,27721.79356,2.067773057,100.0,0.0
165,spread_matched,58.38963713,-6627.069227,318.0,27000.48019,2.259475928,100.0,0.0
165,skew_only,63.8458486,-6401.123907,548.0,28203.88262,2.213819898,100.0,0.0
165,as,57.30872142,-5937.098364,330.0,30987.41411,2.652320334,100.0,0.0
166,fixed,59.35224474,-19449.48393,541.0,-14981.5516,-1.156933836,100.0,0.0
166,spread_matched,54.90417943,-18376.96386,350.0,-16541.40652,-1.55072795,100.0,0.0
166,skew_only,53.12915147,-22010.18398,553.0,-19007.97923,-1.670216148,100.0,0.0
166,as,53.13398159,-17183.56644,349.0,-15838.355,-1.621374473,100.0,0.0
167,fixed,46.06828631,-22261.81172,562.0,1801.345976,0.1111706899,100.0,0.0
167,spread_matched,37.41100239,-18110.34571,334.0,17310.50801,1.011392054,100.0,0.0
167,skew_only,44.47708511,-21272.84199,576.0,3595.015376,0.2488479046,100.0,0.0
167,as,37.42927833,-21902.12503,342.0,8308.38452,0.5166888365,100.0,0.0
168,fixed,49.44415856,-20043.41359,584.0,5798.112661,0.2143774806,100.0,0.0
168,spread_matched,54.61523656,-35901.70949,372.0,-23046.71533,-1.185949764,100.0,0.0
168,skew_only,48.89141682,-17610.75083,594.0,4619.200824,0.1792214777,100.0,0.0
168,as,50.22311974,-32218.51772,380.0,-18759.60171,-1.061929026,100.0,0.0
169,fixed,43.57135388,-5392.451993,562.0,581.554097,0.08829676188,100.0,0.0
169,spread_matched,42.42240498,-5991.431007,353.0,61.89152367,0.008916703023,100.0,0.0
169,skew_only,38.68354274,-3373.213182,560.0,503.7416999,0.09641653068,100.0,0.0
169,as,47.16241418,-3752.626509,355.0,81.06945608,0.01378461875,100.0,0.0
170,fixed,53.13495964,-15572.72553,530.0,60367.18891,1.816686507,100.0,0.0
170,spread_matched,41.08700228,-17441.41891,348.0,37108.37524,1.376561273,100.0,0.0
170,skew_only,49.12338001,-14534.95291,538.0,52519.58412,1.621753626,100.0,0.0
170,as,39.89014463,-23778.63344,350.0,63977.66886,1.652193588,100.0,0.0
171,fixed,52.35790767,-52074.12565,532.0,-25488.54632,-0.5439067342,100.0,0.0
171,spread_matched,54.75010426,-48605.5472,332.0,-14028.92133,-0.2783495154,100.0,0.0
171,skew_only,44.03390058,-55337.53697,558.0,-28348.96826,-0.6930341949,100.0,0.0
171,as,52.08997668,-48035.15901,349.0,-18306.05775,-0.3744685365,100.0,0.0
172,fixed,57.14455299,-15209.16862,501.0,187.3490387,0.01702336726,100.0,0.0
172,spread_matched,56.40743177,-15303.12088,317.0,-5602.507241,-0.5023438014,100.0,0.0
172,skew_only,47.06816759,-12317.14101,522.0,-2004.965114,-0.2422113548,100.0,0.0
172,as,52.1980608,-12574.35181,329.0,-4036.585955,-0.4440187912,100.0,0.0
173,fixed,37.49478812,-7859.008948,554.0,2684.383885,0.2895401922,100.0,0.0
173,spread_matched,35.48065376,-5884.502494,343.0,1700.457348,0.2283785251,90.0,0.0
173,skew_only,39.9623837,-6838.623047,572.0,-287.924791,-0.03994072273,100.0,0.0
173,as,38.03217748,-5220.327238,341.0,-389.3512354,-0.07038324239,100.0,0.0
174,fixed,63.03951757,-3566.048379,550.0,-2259.909232,-1.242224527,100.0,0.0
174,spread_matched,65.54473587,-3424.820234,338.0,-2731.730994,-1.354757461,100.0,0.0
174,skew_only,59.37776047,-3098.19541,570.0,-2225.638096,-1.300237224,100.0,0.0
174,as,61.6191898,-3311.675421,352.0,-2604.941717,-1.418430351,100.0,0.0
175,fixed,27.74331197,-30697.67903,534.0,-13644.11505,-0.7382358149,100.0,0.0
175,spread_matched,29.40312745,-24450.60359,364.0,-11015.63847,-0.6881732046,100.0,0.0
175,skew_only,37.12370235,-24965.75107,558.0,-17520.83198,-1.40257136,100.0,0.0
175,as,36.61849975,-23567.93743,368.0,-16914.35057,-1.519377535,100.0,0.0
176,fixed,55.80879851,-8840.659831,581.0,-6007.613098,-1.56333122,100.0,0.0
176,spread_matched,52.57108981,-9233.203764,359.0,-4997.02583,-1.189647942,100.0,0.0
176,skew_only,47.46779013,-5851.944739,597.0,-2739.30365,-0.9291444228,100.0,0.0
176,as,40.54270618,-5654.347282,366.0,-2534.850655,-0.8149573894,100.0,0.0
177,fixed,55.2185016,-14186.45095,585.0,-3998.464343,-0.412931993,100.0,0.0
177,spread_matched,43.37804196,-5965.454397,355.0,3357.599581,0.4083711504,100.0,0.0
177,skew_only,45.47490911,-9540.851444,601.0,-934.8855631,-0.1190024636,100.0,0.0
177,as,36.99185635,-4054.492056,359.0,6582.15114,0.9032992868,100.0,0.0
178,fixed,43.82593018,-12695.2095,554.0,6551.550327,0.4577532108,100.0,0.0
178,spread_matched,40.73401909,-11197.18203,343.0,5905.848156,0.4655504974,100.0,0.0
178,skew_only,43.62385911,-12309.29204,563.0,274.1608113,0.02300461911,100.0,0.0
178,as,40.22925939,-10571.13911,341.0,3157.605596,0.2597619453,100.0,0.0
179,fixed,31.31759352,-16603.23521,530.0,3994.11696,0.3759742824,100.0,0.0
179,spread_matched,42.99665568,-12581.74609,339.0,2966.194648,0.3814548462,100.0,0.0
179,skew_only,32.02284834,-14460.99796,548.0,-282.668554,-0.03309581442,100.0,0.0
179,as,36.49579565,-8970.008676,343.0,753.348699,0.1344582454,100.0,0.0
180,fixed,44.52008615,-7464.024693,559.0,6328.296949,1.072014501,100.0,0.0
180,spread_matched,45.83185546,-9296.667643,349.0,7160.718873,0.9195898478,100.0,0.0
180,skew_only,40.92870088,-6639.775861,563.0,560.5132623,0.1499120549,100.0,0.0
180,as,39.16555854,-7450.869569,371.0,2146.166137,0.3887787769,100.0,0.0
181,fixed,34.31710907,-14753.75046,554.0,-486.7425219,-0.03122423618,100.0,0.0
181,spread_matched,33.66679538,-16340.01192,344.0,-69.04042281,-0.004134949636,100.0,0.0
181,skew_only,35.13675677,-10431.88937,571.0,-1146.029372,-0.0919796956,100.0,0.0
181,as,35.53864286,-12852.75323,364.0,-1277.163781,-0.09033478798,100.0,0.0
182,fixed,55.52186506,-12546.47689,533.0,-4660.500181,-0.7450889634,100.0,0.0
182,spread_matched,49.10343246,-11817.43515,356.0,-7802.705514,-1.360474233,100.0,0.0
182,skew_only,51.08548552,-9867.965615,541.0,-3730.911127,-0.7042035456,100.0,0.0
182,as,46.34683134,-10595.46253,358.0,-6091.3187,-1.247807468,100.0,0.0
183,fixed,61.51060753,-25097.89158,565.0,-12661.7895,-0.6437419724,100.0,0.0
183,spread_matched,44.75683773,-18101.78877,357.0,-10607.31858,-0.93952851,100.0,0.0
183,skew_only,49.11576199,-17638.60316,578.0,-12377.48962,-0.8748424615,100.0,0.0
183,as,37.24591876,-10341.50946,369.0,-5341.726268,-0.6241667091,100.0,0.0
184,fixed,49.06371776,-14616.17577,515.0,-13460.63527,-1.73715096,100.0,0.0
184,spread_matched,49.78169945,-10995.48039,320.0,-7856.402974,-0.8467304257,100.0,0.0
184,skew_only,44.22951475,-12756.63321,525.0,-11669.62651,-1.627263773,100.0,0.0
184,as,48.52550339,-9557.684174,322.0,-5911.400744,-0.6633324313,100.0,0.0
185,fixed,49.01739185,-92739.04533,543.0,-65213.06305,-1.292498341,100.0,0.0
185,spread_matched,42.95010459,-75952.28861,347.0,-46126.91522,-0.9384478956,100.0,0.0
185,skew_only,42.86232733,-69451.02675,545.0,-48095.98308,-1.013944998,100.0,0.0
185,as,43.22313731,-75968.71912,349.0,-47976.44566,-0.9806617854,100.0,0.0
186,fixed,60.77425455,-361798.4119,549.0,-335739.4912,-2.073353345,100.0,0.0
186,spread_matched,40.71424119,-244773.5348,373.0,-137362.3216,-1.040168615,100.0,0.0
186,skew_only,51.37461568,-352220.4918,564.0,-273067.6345,-1.80642337,100.0,0.0
186,as,40.92044335,-257611.64,377.0,-151139.6029,-1.181396899,100.0,0.0
187,fixed,52.96071657,-26512.4501,519.0,-6788.970664,-0.3198921645,100.0,0.0
187,spread_matched,38.9899984,-37030.74247,325.0,-7360.813459,-0.2440639434,100.0,0.0
187,skew_only,44.90638151,-9014.632005,535.0,5176.280022,0.4091337861,100.0,0.0
187,as,37.93357558,-32288.46809,334.0,-9664.52398,-0.4013449001,100.0,0.0
188,fixed,39.67391965,-2909.000763,586.0,935.906611,0.2550387761,100.0,0.0
188,spread_matched,36.14860593,-2824.224711,377.0,971.8918271,0.3127337265,100.0,0.0
188,skew_only,41.42523284,-2060.239133,594.0,-82.771154,-0.02850386296,100.0,0.0
188,as,35.92247807,-3114.243482,379.0,691.0683733,0.217645293,100.0,0.0
189,fixed,65.92485795,-53019.48024,531.0,28091.17768,0.7090719291,100.0,0.0
189,spread_matched,43.21783891,-42425.23355,345.0,11698.08994,0.3767363717,100.0,0.0
189,skew_only,55.03383392,-45959.32979,555.0,27450.37623,0.7835893978,100.0,0.0
189,as,43.00866475,-33384.77753,349.0,11182.20178,0.4242981222,100.0,0.0
190,fixed,52.9252376,-52734.56414,591.0,-17168.82544,-0.2666512582,100.0,0.0
190,spread_matched,61.24322709,-71585.48455,348.0,-29641.03097,-0.4160351184,100.0,0.0
190,skew_only,50.57382623,-47571.80378,596.0,-8721.199634,-0.1494510973,100.0,0.0
190,as,61.2249949,-82342.93876,362.0,-41211.72671,-0.5859433012,100.0,0.0
191,fixed,59.80995201,-4268.455346,579.0,-3605.348033,-2.581050727,100.0,0.0
191,spread_matched,31.16388601,-3200.546071,378.0,-2788.2272,-2.369425002,100.0,0.0
191,skew_only,43.23549134,-3081.295812,597.0,-2421.852946,-2.340680658,100.0,0.0
191,as,35.12221165,-2937.882806,388.0,-2383.924284,-2.32078756,100.0,0.0
192,fixed,39.07593314,-1979.813723,565.0,9685.640387,2.295824545,100.0,0.0
192,spread_matched,37.36797815,-2746.182666,342.0,7282.044364,1.790486002,100.0,0.0
192,skew_only,45.62350758,-1910.670696,579.0,7960.672345,2.223429283,100.0,0.0
192,as,43.35127846,-2125.65613,358.0,6209.378842,1.831495688,100.0,0.0
193,fixed,60.88827045,-111950.1924,570.0,30557.9311,0.4863146033,100.0,0.0
193,spread_matched,57.01392335,-34723.56396,341.0,81703.86964,1.703897594,100.0,0.0
193,skew_only,50.17099078,-62813.79644,580.0,55593.90831,1.125059227,100.0,0.0
193,as,48.89689953,-28370.83648,349.0,74258.68801,1.721601457,100.0,0.0
194,fixed,70.36232034,-128937.3769,532.0,-57154.03681,-0.708580054,100.0,0.0
194,spread_matched,29.04616457,-60936.06666,342.0,38951.88229,0.6142643261,100.0,0.0
194,skew_only,56.67693244,-96577.95686,554.0,-46568.30862,-0.6544172311,100.0,0.0
194,as,31.76151829,-41561.45163,360.0,39969.99278,0.8030969282,100.0,0.0
195,fixed,54.11993938,-4948.831793,554.0,6025.679353,1.126427941,100.0,0.0
195,spread_matched,35.94873337,-4638.314486,347.0,921.5095997,0.1766212936,100.0,0.0
195,skew_only,49.50847797,-3874.375149,560.0,4772.374517,1.053118127,100.0,0.0
195,as,51.16377225,-4179.099174,355.0,4204.822295,0.9407125212,100.0,0.0
196,fixed,53.44105205,-17232.88487,534.0,1993.197851,0.2053091868,100.0,0.0
196,spread_matched,27.16287523,-21409.71291,336.0,-1013.522127,-0.08631926562,100.0,0.0
196,skew_only,48.84572422,-17805.62291,546.0,1562.395161,0.1658008107,100.0,0.0
196,as,38.23900579,-16035.7544,346.0,3224.369843,0.3318190622,100.0,0.0
197,fixed,62.27214812,-3693.677786,551.0,-557.0267726,-0.1610128868,100.0,0.0
197,spread_matched,44.21314256,-2682.742583,354.0,-264.4305032,-0.0813826419,100.0,0.0
197,skew_only,45.31214803,-3902.05057,563.0,-1411.151582,-0.4918629264,100.0,0.0
197,as,44.73834345,-2152.108163,362.0,-214.1573005,-0.07519502802,100.0,0.0
198,fixed,47.19742807,-2238.396979,541.0,-723.6722993,-0.3633547071,100.0,0.0
198,spread_matched,45.60179206,-2525.664005,348.0,-1552.027094,-0.9078777266,100.0,0.0
198,skew_only,47.20390949,-2091.783519,551.0,646.1023884,0.3423930474,100.0,0.0
198,as,42.57762763,-2088.664801,351.0,-327.7867978,-0.2185941272,100.0,0.0
199,fixed,35.04724513,-33183.89066,529.0,-10403.77758,-0.6535120957,100.0,0.0
199,spread_matched,34.79084982,-48663.88455,324.0,877.7237061,0.03496557535,100.0,0.0
199,skew_only,37.11384599,-24271.77368,539.0,-16234.61655,-1.312854002,100.0,0.0
199,as,31.8039576,-13470.09885,334.0,-2370.25003,-0.2988632098,100.0,0.0
200,fixed,56.15006998,-3814.562309,602.0,-2160.279987,-0.5246277669,100.0,0.0
200,spread_matched,60.99514603,-3921.142005,387.0,-1517.25598,-0.3579924556,100.0,0.0
200,skew_only,52.64305306,-3479.928374,624.0,-1935.070744,-0.5207501472,100.0,0.0
200,as,54.04555527,-3489.735937,395.0,-2129.005598,-0.6120268936,100.0,0.0
201,fixed,66.62581835,-42021.62788,574.0,11053.75182,0.1898873815,100.0,0.0
201,spread_matched,30.30734241,-46377.16407,367.0,-34145.88186,-0.9027427691,100.0,0.0
201,skew_only,57.24925959,-41533.15648,596.0,13513.09612,0.2453452847,100.0,0.0
201,as,30.13240699,-29922.22414,377.0,-18627.3935,-0.7442663482,100.0,0.0
202,fixed,47.25484542,-2261.423355,586.0,1443.427852,0.8613131155,100.0,0.0
202,spread_matched,45.66052996,-2026.666029,364.0,2134.533243,0.9886936271,100.0,0.0
202,skew_only,45.91016915,-2052.192319,590.0,1203.444876,0.8244338361,100.0,0.0
202,as,41.52570952,-1919.58404,367.0,1562.120152,0.7862056383,100.0,0.0
203,fixed,38.74116075,-8545.284635,573.0,-3335.027234,-0.4041026418,100.0,0.0
203,spread_matched,30.32942398,-6347.974298,357.0,-2935.650303,-0.5466524942,100.0,0.0
203,skew_only,36.36008766,-7164.604623,586.0,-2133.502392,-0.3716115652,90.0,0.0
203,as,34.9020063,-4330.226392,356.0,3155.345159,0.8469720375,90.0,0.0
204,fixed,58.1125732,-9293.023809,568.0,5439.378723,0.63820223,100.0,0.0
204,spread_matched,35.81664278,-9599.222344,368.0,1159.529195,0.1167479883,100.0,0.0
204,skew_only,48.03590224,-6237.101019,582.0,2242.679858,0.3548607854,100.0,0.0
204,as,35.69256941,-8239.364774,382.0,1173.539928,0.1273970821,100.0,0.0
205,fixed,55.56173539,-68906.58076,525.0,79331.10521,0.8910942232,100.0,0.0
205,spread_matched,52.1442292,-93752.29065,303.0,42054.40819,0.4333650607,100.0,0.0
205,skew_only,52.93916122,-64601.16336,547.0,61434.07066,0.7112599409,100.0,0.0
205,as,50.65537641,-93752.52581,327.0,39136.67561,0.4056435758,100.0,0.0
206,fixed,41.06184331,-7062.890483,535.0,-511.796676,-0.0809729894,100.0,0.0
206,spread_matched,35.42737789,-8109.914841,328.0,-1142.900365,-0.2043222466,100.0,0.0
206,skew_only,38.37010873,-7168.488951,553.0,595.7895893,0.1119826077,100.0,0.0
206,as,34.88745998,-5528.811343,328.0,-225.5216608,-0.04697006695,100.0,0.0
207,fixed,43.87267704,-11472.3432,531.0,-6061.750133,-0.7355566204,100.0,0.0
207,spread_matched,42.34611817,-5586.916898,316.0,14412.3959,1.337112842,100.0,0.0
207,skew_only,45.15012784,-9871.031357,538.0,-1875.389177,-0.1949169704,100.0,0.0
207,as,36.92981331,-5586.998568,327.0,12219.06468,1.303468077,100.0,0.0
208,fixed,35.12574428,-16522.84889,499.0,-12502.90245,-1.010683599,100.0,0.0
208,spread_matched,34.37579241,-11125.45845,318.0,-6227.842811,-0.7457507851,100.0,0.0
208,skew_only,33.71959519,-12745.35682,521.0,-6295.361477,-0.6642554734,100.0,0.0
208,as,35.17131045,-9310.419905,322.0,-3389.891774,-0.4626513429,100.0,0.0
209,fixed,42.62795279,-99114.76045,564.0,-44993.52233,-0.5928968433,100.0,0.0
209,spread_matched,40.37553615,-29332.84842,352.0,79201.70517,1.975574456,100.0,0.0
209,skew_only,43.00363137,-97631.98181,576.0,-42843.20763,-0.6351745848,100.0,0.0
209,as,34.80441575,-35820.24751,361.0,57838.34637,1.417107514,90.0,0.0
210,fixed,51.76490703,-3929.34197,549.0,-744.4349144,-0.2123168569,100.0,0.0
210,spread_matched,49.52173761,-3598.172454,336.0,5844.565963,1.533165528,100.0,0.0
210,skew_only,44.40286477,-3189.18452,559.0,-721.2971577,-0.2306573938,100.0,0.0
210,as,44.2344784,-3423.546293,340.0,5244.587053,1.530992985,100.0,0.0
211,fixed,29.46237601,-3707.065848,565.0,2488.477211,0.5736433423,100.0,0.0
211,spread_matched,28.68732053,-2681.980404,331.0,3858.936232,0.9422692109,100.0,0.0
211,skew_only,38.41689356,-2918.796586,581.0,122.4775085,0.045916759,100.0,0.0
211,as,30.54367036,-2372.556458,355.0,2575.983386,0.8636515382,100.0,0.0
212,fixed,46.56969185,-18188.38119,572.0,-15376.52661,-0.947649344,100.0,0.0
212,spread_matched,49.66409245,-28298.14741,367.0,-15628.84393,-0.6871378579,100.0,0.0
212,skew_only,37.74146791,-18344.0226,577.0,-1885.523966,-0.1049717672,100.0,0.0
212,as,41.50598048,-26016.34086,378.0,-11686.80027,-0.5275226304,100.0,0.0
213,fixed,56.27539199,-7359.292005,568.0,-332.2287665,-0.05211566171,100.0,0.0
213,spread_matched,38.73562696,-7574.278767,380.0,2554.530886,0.3728820272,100.0,0.0
213,skew_only,49.29303902,-6841.062052,582.0,569.6927519,0.0897847381,100.0,0.0
213,as,43.35221977,-15433.57635,387.0,805.2493785,0.08246991416,100.0,0.0
214,fixed,48.36062488,-13502.12849,555.0,-3307.449769,-0.3677940216,100.0,0.0
214,spread_matched,37.91959598,-11781.14198,361.0,-3075.716315,-0.4568965149,100.0,0.0
214,skew_only,43.47458458,-11591.36517,561.0,-2130.548775,-0.2418748958,100.0,0.0
214,as,37.64362783,-11917.43099,362.0,-1260.387521,-0.1673545375,100.0,0.0
215,fixed,48.86595703,-10123.68832,552.0,-685.7457252,-0.08584758539,100.0,0.0
215,spread_matched,44.41182797,-17865.59889,337.0,-3778.424452,-0.2722584834,100.0,0.0
215,skew_only,43.86514105,-12997.8058,560.0,-1815.767225,-0.2071757204,100.0,0.0
215,as,39.02236687,-14563.1241,339.0,-285.2739919,-0.02159835471,100.0,0.0
216,fixed,57.56025587,-12362.14384,527.0,-6284.258761,-0.7925029648,100.0,0.0
216,spread_matched,27.66394361,-11046.0906,311.0,-10260.41388,-2.133059571,100.0,0.0
216,skew_only,47.34428539,-9045.916916,539.0,-5522.444012,-1.064381818,100.0,0.0
216,as,26.38955807,-8201.151652,319.0,-7415.388683,-2.024219726,100.0,0.0
217,fixed,68.1482673,-15893.5584,506.0,-8836.517579,-0.9986779164,100.0,0.0
217,spread_matched,58.43334404,-18591.59536,328.0,-10695.35607,-1.222955126,100.0,0.0
217,skew_only,60.8178677,-14242.952,513.0,-9305.212726,-1.175012408,100.0,0.0
217,as,52.66274751,-15023.40353,334.0,-8360.341546,-1.112563741,100.0,0.0
218,fixed,47.86350723,-1004.426977,598.0,1960.270555,1.464639164,100.0,0.0
218,spread_matched,30.42018526,-868.5737884,357.0,3271.802876,2.396725446,100.0,0.0
218,skew_only,41.6644854,-544.4226194,612.0,2495.328827,2.290643969,100.0,0.0
218,as,29.16957962,-640.5640499,382.0,2934.790103,2.81863392,100.0,0.0
219,fixed,55.04938393,-17651.52629,548.0,-6509.700218,-0.4911789261,100.0,0.0
219,spread_matched,45.93543032,-27995.98022,320.0,-5712.698928,-0.3088116971,100.0,0.0
219,skew_only,51.89686538,-13838.24452,550.0,-3516.382706,-0.2927056689,100.0,0.0
219,as,43.81643243,-24700.63037,326.0,-6395.964982,-0.4118511797,100.0,0.0
220,fixed,43.68554905,-19573.39643,577.0,-1313.814595,-0.08908970343,100.0,0.0
220,spread_matched,30.88030252,-24793.34462,339.0,-11598.71588,-0.7926407378,90.0,0.0
220,skew_only,38.79258713,-18949.25928,585.0,627.694633,0.04323517143,100.0,0.0
220,as,30.19322439,-16219.20075,345.0,-4486.856048,-0.3716400367,90.0,0.0
221,fixed,40.56174393,-16085.61362,483.0,-4013.187247,-0.3372647733,100.0,0.0
221,spread_matched,50.56265261,-15116.54074,273.0,-7759.07729,-0.6141643939,100.0,0.0
221,skew_only,39.43961617,-16043.59915,501.0,-5818.679202,-0.5134593055,100.0,0.0
221,as,48.3788195,-14159.40163,295.0,-7308.717729,-0.6146572017,100.0,0.0
222,fixed,60.56059041,-5903.662799,525.0,14184.34036,1.621769505,100.0,0.0
222,spread_matched,54.61067441,-3763.848757,327.0,13420.2597,1.741124407,100.0,0.0
222,skew_only,52.22963695,-3987.316421,555.0,14169.26959,2.065801654,100.0,0.0
222,as,50.21935977,-4102.004347,344.0,14162.23414,2.101880754,100.0,0.0
223,fixed,36.40237305,-27830.13071,542.0,18802.2178,0.5183512157,100.0,0.0
223,spread_matched,32.12316571,-22555.82631,335.0,29797.03408,0.8917959304,100.0,0.0
223,skew_only,40.50518974,-27830.17845,558.0,22373.43427,0.6730069659,100.0,0.0
223,as,35.09608205,-21594.91388,345.0,27620.55374,0.8828378395,100.0,0.0
224,fixed,54.32169894,-9894.436064,569.0,831.6421054,0.1119046455,100.0,0.0
224,spread_matched,55.12747714,-13601.8681,347.0,3816.116166,0.3919351576,100.0,0.0
224,skew_only,47.4514433,-6059.270614,587.0,-1143.709279,-0.210691163,100.0,0.0
224,as,44.92705839,-11596.94823,367.0,5477.122147,0.6374310246,100.0,0.0
225,fixed,59.25870437,-20585.2708,545.0,7683.756886,0.4737910362,100.0,0.0
225,spread_matched,47.66933772,-16336.54497,332.0,3056.89285,0.2592934685,100.0,0.0
225,skew_only,54.9436013,-15497.81316,563.0,7070.937404,0.4944238382,100.0,0.0
225,as,45.1227148,-9607.838777,339.0,5390.014959,0.5626152554,100.0,0.0
226,fixed,42.83539541,-38083.96764,510.0,21908.27753,0.4588358689,100.0,0.0
226,spread_matched,30.08206959,-29088.18466,306.0,18865.18296,0.455435326,100.0,0.0
226,skew_only,40.97738283,-25975.4865,524.0,24903.44786,0.6312292964,100.0,0.0
226,as,39.66408673,-27021.57178,324.0,21561.8207,0.6199284547,100.0,0.0
227,fixed,60.64680697,-3758.616117,544.0,-149.6674106,-0.04911566423,100.0,0.0
227,spread_matched,54.04537368,-3681.277416,328.0,664.5500734,0.2496042537,100.0,0.0
227,skew_only,45.62063979,-3892.556972,554.0,-1251.988002,-0.6407058716,100.0,0.0
227,as,49.33039606,-3218.569905,332.0,-98.62995056,-0.04429678003,100.0,0.0
228,fixed,34.33216422,-11806.56423,580.0,-7668.258512,-1.373383913,100.0,0.0
228,spread_matched,39.92799869,-7879.981205,364.0,-4566.373478,-1.082382743,100.0,0.0
228,skew_only,40.01475926,-8984.204693,604.0,-5163.754417,-1.196533831,100.0,0.0
228,as,36.59819646,-5590.235733,365.0,-2510.903335,-0.8723357418,100.0,0.0
229,fixed,49.10706954,-119236.1131,522.0,-70976.02478,-0.8069238488,100.0,0.0
229,spread_matched,34.50162425,-107535.9569,323.0,-68237.76291,-0.930378471,100.0,0.0
229,skew_only,41.26724008,-118343.7884,534.0,-39355.15807,-0.6724255837,100.0,0.0
229,as,35.86637779,-143454.2844,326.0,-14214.65328,-0.2200437099,100.0,0.0
230,fixed,50.07161076,-5593.636712,564.0,6647.843711,1.05567181,100.0,0.0
230,spread_matched,35.58500773,-8924.364828,336.0,7333.591342,0.8531465272,100.0,0.0
230,skew_only,42.3039939,-4976.073089,576.0,4776.303414,0.8142878824,100.0,0.0
230,as,43.34797688,-4006.981854,348.0,10587.83629,1.865808471,100.0,0.0
231,fixed,41.61972752,-10820.32449,604.0,7959.862518,0.6259541425,100.0,0.0
231,spread_matched,41.74139356,-6921.113774,380.0,734.2965302,0.1093066192,100.0,0.0
231,skew_only,42.14327675,-10425.46105,614.0,10163.05031,0.8806444854,100.0,0.0
231,as,40.33866983,-6896.352507,385.0,532.6585018,0.1026200618,90.0,0.0
232,fixed,34.27473378,-9790.898168,530.0,-7706.815993,-0.8022412348,100.0,0.0
232,spread_matched,34.43974675,-6611.475993,330.0,-2566.14924,-0.3630838247,100.0,0.0
232,skew_only,40.91266523,-8175.211766,552.0,-6056.573487,-0.7577323572,100.0,0.0
232,as,34.00726027,-6167.582469,328.0,-3509.707583,-0.53803354,100.0,0.0
233,fixed,52.48673767,-5865.522127,521.0,12047.65558,1.149628482,100.0,0.0
233,spread_matched,60.35417348,-10064.74716,324.0,8965.164879,0.7977528673,100.0,0.0
233,skew_only,45.50986548,-5813.183469,531.0,12205.33501,1.299652633,100.0,0.0
233,as,50.84445298,-6572.262554,335.0,9505.294891,1.007333234,100.0,0.0
234,fixed,56.39888643,-4689.771133,506.0,3599.41412,0.7247243152,100.0,0.0
234,spread_matched,62.53843938,-2897.530879,301.0,2523.751445,0.4758339074,100.0,0.0
234,skew_only,52.23114489,-3609.307712,510.0,2691.595965,0.6205679982,100.0,0.0
234,as,54.43305521,-2897.568245,309.0,2437.546819,0.5009198557,100.0,0.0
235,fixed,46.02709619,-4990.59903,535.0,-179.8582264,-0.02750546102,100.0,0.0
235,spread_matched,49.93330368,-4628.048201,350.0,4635.148981,0.6233588724,100.0,0.0
235,skew_only,44.0245775,-6781.132797,559.0,-769.2029034,-0.1169529919,100.0,0.0
235,as,47.87554282,-6988.448049,362.0,4528.549356,0.5705328112,100.0,0.0
236,fixed,53.2709921,-44397.32522,567.0,15198.09606,0.4472161684,100.0,0.0
236,spread_matched,61.82037068,-47824.47442,347.0,2275.169276,0.05852813256,100.0,0.0
236,skew_only,52.39359957,-39767.14081,557.0,30287.49587,0.8410470469,100.0,0.0
236,as,55.11801705,-49143.14112,351.0,12689.32783,0.3347612968,100.0,0.0
237,fixed,56.16724767,-10186.33,525.0,192.895353,0.02137419384,100.0,0.0
237,spread_matched,48.85418712,-7354.647061,340.0,1489.655176,0.1799300791,100.0,0.0
237,skew_only,54.28732477,-9434.643956,537.0,759.0241363,0.0908778367,100.0,0.0
237,as,45.33159153,-6436.142507,347.0,2881.265063,0.3822655415,100.0,0.0
238,fixed,64.16230026,-5636.527802,567.0,-4177.970693,-1.745713976,100.0,0.0
238,spread_matched,58.59215616,-6345.195922,339.0,-5498.685739,-1.770612168,100.0,0.0
238,skew_only,59.79924681,-4608.439935,581.0,-3096.418205,-1.640477955,100.0,0.0
238,as,57.27244914,-6064.593056,361.0,-5215.711115,-1.926684979,100.0,0.0
239,fixed,55.89867515,-19854.52373,606.0,-14724.81961,-1.22578565,100.0,0.0
239,spread_matched,59.11360986,-20788.3706,370.0,-17047.63807,-1.419155595,100.0,0.0
239,skew_only,49.07038031,-17011.93718,627.0,-13222.22152,-1.267512169,100.0,0.0
239,as,63.2144391,-20282.85019,380.0,-15643.71288,-1.438487446,100.0,0.0
240,fixed,56.96175341,-57946.60344,559.0,-25746.33761,-0.9631161924,100.0,0.0
240,spread_matched,43.60528224,-44733.96666,352.0,-15704.4753,-0.7045672746,100.0,0.0
240,skew_only,52.31089814,-39825.41258,573.0,-10702.69013,-0.4994000165,100.0,0.0
240,as,40.38537577,-44446.71828,360.0,-15163.59395,-0.6860142109,100.0,0.0
241,fixed,66.3422661,-11618.93298,556.0,-4113.239429,-0.3879963844,100.0,0.0
241,spread_matched,69.71211886,-12417.00254,323.0,-1028.827829,-0.1056873798,100.0,0.0
241,skew_only,58.0527269,-11061.56817,574.0,-4000.564032,-0.4347871102,100.0,0.0
241,as,51.90074277,-11925.28297,334.0,-4354.310371,-0.7102139896,100.0,0.0
242,fixed,52.6128796,-9638.033987,612.0,-7416.857183,-1.770521284,100.0,0.0
242,spread_matched,43.93994556,-4232.234723,371.0,3719.777636,0.7291264188,100.0,0.0
242,skew_only,44.98801608,-5462.861196,620.0,-4173.268636,-1.532543554,100.0,0.0
242,as,47.77478661,-2506.433311,370.0,-1466.339875,-0.5785216239,100.0,0.0
243,fixed,56.97771599,-125150.8167,534.0,-54300.38014,-0.9167497421,100.0,0.0
243,spread_matched,47.43040138,-122943.0283,348.0,-46599.06522,-0.7815429963,100.0,0.0
243,skew_only,46.86206644,-123437.784,554.0,-53943.76918,-0.9319335478,100.0,0.0
243,as,45.25210615,-124691.6125,346.0,-49396.10788,-0.8232907273,100.0,0.0
244,fixed,33.93045698,-8551.856975,543.0,2115.413532,0.1976152939,100.0,0.0
244,spread_matched,26.63814138,-7734.737494,318.0,7248.732751,0.5871007552,100.0,0.0
244,skew_only,37.34522887,-4159.74573,555.0,-713.0569136,-0.1103930325,100.0,0.0
244,as,29.59291131,-6104.663023,328.0,4717.341888,0.5820108804,100.0,0.0
245,fixed,51.28371842,-8564.415407,505.0,-2667.592573,-0.3823661963,100.0,0.0
245,spread_matched,38.26294077,-9076.705378,287.0,-377.6642135,-0.04715599952,100.0,0.0
245,skew_only,43.10694533,-8498.983466,519.0,-2454.110645,-0.3721354449,100.0,0.0
245,as,35.87981711,-8947.980342,295.0,-810.6585684,-0.1047533508,100.0,0.0
246,fixed,56.71978843,-8568.305308,547.0,-4847.908838,-0.5475023556,100.0,0.0
246,spread_matched,37.61136419,-10257.24678,318.0,-5468.673582,-0.7047458033,100.0,0.0
246,skew_only,55.30476923,-7755.791809,557.0,-2729.821039,-0.3529331091,100.0,0.0
246,as,39.00416368,-8865.327097,333.0,-4710.387922,-0.66590819,100.0,0.0
247,fixed,47.39850631,-4017.467557,551.0,2313.249089,0.4536645971,100.0,0.0
247,spread_matched,58.76515512,-4974.769215,316.0,1990.436014,0.3316777682,100.0,0.0
247,skew_only,41.34033429,-3760.520813,562.0,2323.362207,0.5719160161,100.0,0.0
247,as,45.54216929,-3567.330593,332.0,2484.698221,0.5170279491,100.0,0.0
248,fixed,73.3205533,-30622.53423,519.0,168227.6939,2.517569611,100.0,0.0
248,spread_matched,34.20742791,-25610.29949,331.0,68497.17011,1.646020547,100.0,0.0
248,skew_only,61.31020534,-26809.34189,550.0,152612.0418,2.795643369,100.0,0.0
248,as,35.64226142,-12937.01581,339.0,67700.19299,2.283857888,100.0,0.0
249,fixed,52.75829291,-10153.76321,631.0,4116.363078,0.4170950513,100.0,0.0
249,spread_matched,40.92967999,-13143.77512,403.0,-1805.358528,-0.151758345,100.0,0.0
249,skew_only,43.83513284,-9015.534436,635.0,1839.451085,0.2357707198,100.0,0.0
249,as,43.31077269,-8373.008747,411.0,1602.429161,0.1879368005,100.0,0.0
250,fixed,49.69255622,-5905.106739,546.0,1363.146216,0.2419356584,100.0,0.0
250,spread_matched,41.49993658,-6734.158265,316.0,2071.132268,0.3027035219,100.0,0.0
250,skew_only,37.41668557,-5430.439533,570.0,-735.3230326,-0.1706227658,100.0,0.0
250,as,41.23290238,-6641.410697,330.0,1399.433117,0.219602438,100.0,0.0
251,fixed,54.00981211,-18690.65007,550.0,-2002.54118,-0.131771786,100.0,0.0
251,spread_matched,30.62054212,-13750.17862,344.0,6038.218528,0.4205113367,90.0,0.0
251,skew_only,39.4702942,-11646.49049,572.0,3019.636153,0.2970157903,100.0,0.0
251,as,22.4862596,-9231.640846,347.0,2509.106114,0.2934660431,70.0,0.0
252,fixed,46.91450079,-9134.314474,603.0,-7826.751884,-2.087262652,100.0,0.0
252,spread_matched,36.52102978,-5337.033997,394.0,-3080.809526,-1.270408027,90.0,0.0
252,skew_only,43.74693314,-5836.852084,603.0,-3758.707252,-1.422562659,100.0,0.0
252,as,40.33567898,-4623.203722,399.0,-1899.175991,-0.8803694067,100.0,0.0
253,fixed,44.78853683,-105024.2166,530.0,31216.75817,0.3881545202,100.0,0.0
253,spread_matched,38.4113023,-103845.4248,338.0,-23968.76641,-0.2492606607,100.0,0.0
253,skew_only,43.64974589,-103621.1552,548.0,12855.2362,0.1747136799,100.0,0.0
253,as,36.50506617,-92229.47756,342.0,-35121.1741,-0.4298247481,100.0,0.0
254,fixed,33.75542955,-8888.462025,558.0,3915.417123,0.5377721459,100.0,0.0
254,spread_matched,50.86941477,-13640.96188,349.0,1123.933565,0.1388045399,100.0,0.0
254,skew_only,35.39789463,-8276.900775,578.0,2900.993491,0.4449494196,100.0,0.0
254,as,42.5169402,-10170.98712,366.0,2417.762116,0.332100878,100.0,0.0
255,fixed,41.2333271,-3173.329139,537.0,4678.582881,0.8652505729,100.0,0.0
255,spread_matched,34.05455586,-2957.613543,331.0,5441.108911,0.9868518275,100.0,0.0
255,skew_only,41.04728219,-2703.040007,553.0,1910.142723,0.6705671072,100.0,0.0
255,as,30.11765447,-2117.908564,335.0,1238.410664,0.4690535543,100.0,0.0
256,fixed,44.49309339,-42147.76176,584.0,-27636.30977,-0.6140891512,100.0,0.0
256,spread_matched,33.08986256,-44597.01034,361.0,-31184.94677,-0.762906516,100.0,0.0
256,skew_only,33.0071094,-38158.19188,612.0,-19460.26598,-0.6223721456,100.0,0.0
256,as,28.98360901,-35234.42604,379.0,-30380.85224,-0.8410194317,100.0,0.0
257,fixed,46.47890321,-21328.45159,578.0,15652.44539,0.7984976863,100.0,0.0
257,spread_matched,46.45015349,-9523.233275,358.0,10806.5293,0.6087104672,100.0,0.0
257,skew_only,44.03893618,-24608.48156,590.0,13540.75495,0.6965024862,100.0,0.0
257,as,43.56841506,-9514.481338,361.0,13092.95489,0.7464635336,100.0,0.0
258,fixed,49.09992545,-10250.87541,563.0,-3519.993792,-0.4027301516,100.0,0.0
258,spread_matched,49.62882992,-9596.15559,348.0,-6626.347019,-0.7624668423,100.0,0.0
258,skew_only,40.59968468,-8450.093741,573.0,-2420.559679,-0.4008008179,100.0,0.0
258,as,46.22422913,-8677.803532,350.0,-6460.025341,-0.9163102705,100.0,0.0
259,fixed,34.35176846,-20790.51513,575.0,15117.87951,0.6759139288,100.0,0.0
259,spread_matched,45.38987535,-21985.57797,347.0,-2916.576708,-0.1348527259,100.0,0.0
259,skew_only,41.37915165,-10406.16866,583.0,22455.86129,1.230085865,100.0,0.0
259,as,47.12591405,-16853.47663,349.0,-2633.570537,-0.1397381789,100.0,0.0
260,fixed,36.79274166,-66595.54404,530.0,-39846.11903,-0.77626918,100.0,0.0
260,spread_matched,45.15788479,-60135.99264,350.0,-35165.44528,-0.7915484713,100.0,0.0
260,skew_only,39.28702227,-62970.86339,548.0,-43825.44307,-0.8807325924,100.0,0.0
260,as,37.38524308,-58597.57769,354.0,-30140.59162,-0.6812838638,100.0,0.0
261,fixed,41.38420606,-41582.39511,535.0,24070.00077,0.5920555673,100.0,0.0
261,spread_matched,44.48413064,-19278.46891,342.0,5272.7023,0.2510506777,100.0,0.0
261,skew_only,35.41032341,-35954.17972,549.0,17034.97204,0.5167378218,100.0,0.0
261,as,38.73440765,-12217.32181,344.0,13958.54627,0.6574642832,100.0,0.0
262,fixed,56.95629591,-16621.36798,522.0,-9378.21563,-1.2806955,100.0,0.0
262,spread_matched,38.67272812,-13476.65441,342.0,-6951.870485,-0.9380498552,100.0,0.0
262,skew_only,50.02746844,-11997.98352,545.0,-4948.322794,-0.7766297192,100.0,0.0
262,as,43.18668516,-13258.96403,342.0,-6734.166023,-1.016926584,100.0,0.0
263,fixed,44.97145182,-2321.633048,553.0,4345.595866,1.211930969,100.0,0.0
263,spread_matched,26.72869432,-2469.623908,328.0,5952.56003,1.217415465,100.0,0.0
263,skew_only,47.32662299,-1720.679403,559.0,3835.084876,1.194604643,100.0,0.0
263,as,30.72801977,-1256.79556,340.0,5535.845288,1.705193336,100.0,0.0
264,fixed,51.1462108,-9821.986752,552.0,5023.195549,0.5774365214,100.0,0.0
264,spread_matched,50.40559055,-11171.68113,337.0,264.2927401,0.03135430458,100.0,0.0
264,skew_only,44.6577832,-9498.736457,566.0,2642.358003,0.3280405914,100.0,0.0
264,as,49.45056457,-10388.46873,341.0,207.8137212,0.02539415336,100.0,0.0
265,fixed,38.04548382,-6321.784181,578.0,-117.1590607,-0.01766304612,100.0,0.0
265,spread_matched,62.59788583,-13641.38857,349.0,3242.995835,0.293147419,100.0,0.0
265,skew_only,38.45299207,-6614.523185,581.0,-1770.858039,-0.296246851,100.0,0.0
265,as,50.68705727,-8714.077909,357.0,1631.426368,0.209856152,100.0,0.0
266,fixed,38.93255675,-13543.27861,567.0,216.8520209,0.02557450646,100.0,0.0
266,spread_matched,40.08957369,-8889.131058,373.0,2886.733756,0.3171054991,100.0,0.0
266,skew_only,33.18297099,-12453.52397,575.0,-1655.046708,-0.233789098,100.0,0.0
266,as,36.37113691,-7290.350236,380.0,3042.32812,0.4697072647,100.0,0.0
267,fixed,44.89396285,-8814.182978,551.0,-5218.907687,-1.181813775,100.0,0.0
267,spread_matched,48.80136038,-7867.581118,361.0,-6643.880548,-1.484967088,100.0,0.0
267,skew_only,42.59475855,-7561.182046,562.0,-1884.253946,-0.5040029342,100.0,0.0
267,as,43.99722919,-6811.142384,367.0,-5588.312181,-1.566289856,100.0,0.0
268,fixed,58.60201798,-41309.4106,532.0,-32388.51479,-0.8250973139,100.0,0.0
268,spread_matched,47.93972232,-33964.69668,321.0,-33626.08759,-1.028820594,100.0,0.0
268,skew_only,42.2023331,-36665.97852,546.0,-32562.15105,-1.128778296,100.0,0.0
268,as,40.52723478,-39816.77752,321.0,-39478.07311,-1.370902049,100.0,0.0
269,fixed,53.38342064,-6549.703413,576.0,1751.206118,0.2354269819,100.0,0.0
269,spread_matched,54.11025027,-4357.801994,338.0,2206.977513,0.4751294268,100.0,0.0
269,skew_only,42.921012,-3967.521705,597.0,742.5436449,0.1565386911,100.0,0.0
269,as,51.82814215,-3675.35156,336.0,1408.455442,0.3899839628,100.0,0.0
270,fixed,61.351022,-59813.84891,556.0,339.0422008,0.006518282724,100.0,0.0
270,spread_matched,66.49619511,-79648.01018,339.0,5039.352189,0.08503793209,100.0,0.0
270,skew_only,54.20268472,-61300.1593,580.0,-10018.24773,-0.2075295053,100.0,0.0
270,as,53.19892615,-73007.20317,349.0,-6412.727972,-0.1271153617,100.0,0.0
271,fixed,52.78122996,-3640.763332,562.0,-1881.086608,-0.548714913,100.0,0.0
271,spread_matched,36.54181599,-3896.135191,375.0,-1694.222024,-0.5752372502,100.0,0.0
271,skew_only,47.71786331,-3376.717377,565.0,-1941.152318,-0.6384168966,100.0,0.0
271,as,36.4418163,-3280.757488,384.0,-1281.846763,-0.4557710952,100.0,0.0
272,fixed,45.20268908,-53050.75691,523.0,-34025.51805,-1.568137706,100.0,0.0
272,spread_matched,46.96888093,-52032.1334,326.0,-1596.778186,-0.06714329885,100.0,0.0
272,skew_only,39.42552441,-45347.23526,540.0,-25908.2238,-1.391529621,100.0,0.0
272,as,38.18012539,-49582.11884,328.0,-432.0126692,-0.01834995121,100.0,0.0
273,fixed,56.76904078,-22955.1769,541.0,-10910.40213,-0.5549613324,100.0,0.0
273,spread_matched,42.96729872,-14396.06901,344.0,3452.374699,0.1916798984,100.0,0.0
273,skew_only,52.09320469,-17670.63338,553.0,-7894.630097,-0.4539508494,100.0,0.0
273,as,33.23667816,-13714.05348,353.0,-5483.450861,-0.4700786218,90.0,0.0
274,fixed,52.55762246,-17292.33769,502.0,-4840.985088,-0.425939752,100.0,0.0
274,spread_matched,40.22866833,-19905.41737,312.0,-9813.446469,-0.7932116752,100.0,0.0
274,skew_only,49.80293963,-17118.75801,520.0,-3519.567953,-0.3334517534,100.0,0.0
274,as,40.60201373,-19223.90311,321.0,-11182.54262,-1.047160906,100.0,0.0
275,fixed,47.95966821,-121071.1823,550.0,2077.078528,0.02309206425,100.0,0.0
275,spread_matched,33.11843159,-138537.8615,325.0,-10703.25648,-0.1145857945,100.0,0.0
275,skew_only,50.34320648,-104444.252,565.0,-1322.973274,-0.01566415981,100.0,0.0
275,as,36.10456763,-106544.8381,337.0,-3189.956048,-0.04119194128,100.0,0.0
276,fixed,60.25092556,-22476.252,558.0,-18898.46765,-1.24447602,100.0,0.0
276,spread_matched,39.86158239,-13836.44805,349.0,-11335.92097,-1.208557303,100.0,0.0
276,skew_only,49.61637108,-12371.77508,581.0,-7811.332383,-0.6302711225,100.0,0.0
276,as,37.86506621,-13197.41709,353.0,-11129.74308,-1.317563483,100.0,0.0
277,fixed,50.51472019,-3921.580156,562.0,1397.326603,0.2950398082,100.0,0.0
277,spread_matched,53.55070028,-3705.358811,358.0,4804.65281,1.038899118,100.0,0.0
277,skew_only,44.85707783,-3089.179107,566.0,713.200745,0.174822571,100.0,0.0
277,as,48.15321796,-3419.26046,356.0,3676.073685,0.8766385225,100.0,0.0
278,fixed,42.20134173,-10047.14211,539.0,-1893.75845,-0.2787759016,100.0,0.0
278,spread_matched,65.58574722,-12307.5112,330.0,-4033.528751,-0.4860352299,100.0,0.0
278,skew_only,50.90061281,-6067.024358,557.0,84.54212967,0.01309833485,100.0,0.0
278,as,60.72614948,-12628.71199,342.0,-6463.569422,-0.9401717445,100.0,0.0
279,fixed,59.04553145,-1401164.681,527.0,-510488.4462,-0.7702728042,100.0,0.0
279,spread_matched,42.92636467,-386802.3812,352.0,148164.5011,0.4728985214,100.0,0.0
279,skew_only,51.09324416,-1323310.892,546.0,-474338.5752,-0.7579599867,100.0,0.0
279,as,43.5040467,-684297.9218,356.0,29463.59502,0.06221307733,90.0,0.0
280,fixed,44.55213035,-4855.393069,565.0,-1128.917062,-0.4832326461,100.0,0.0
280,spread_matched,50.89797245,-2714.803292,347.0,-1448.933237,-0.8698444599,100.0,0.0
280,skew_only,42.69742849,-4509.892147,571.0,-794.3663987,-0.3594041037,100.0,0.0
280,as,40.76998891,-2066.413378,360.0,533.843918,0.4431947798,100.0,0.0
281,fixed,55.10359312,-6685.268066,487.0,-451.2596806,-0.09698571056,100.0,0.0
281,spread_matched,42.65857371,-4819.56226,311.0,3149.102835,0.683066447,100.0,0.0
281,skew_only,51.61888142,-4859.967568,507.0,923.6891591,0.2292927806,100.0,0.0
281,as,41.00225706,-3353.62328,321.0,2654.283067,0.6764954053,100.0,0.0
282,fixed,43.03684439,-5457.897811,588.0,133.7135676,0.03896332492,100.0,0.0
282,spread_matched,43.99323762,-5671.40529,381.0,615.2505345,0.1674244824,100.0,0.0
282,skew_only,43.96025658,-3883.589379,597.0,2702.115225,0.837380427,100.0,0.0
282,as,42.25499117,-5136.514932,383.0,1652.594312,0.4648686702,100.0,0.0
283,fixed,41.02279414,-11516.35546,594.0,3454.789232,0.2987120412,100.0,0.0
283,spread_matched,51.25213814,-9326.44088,382.0,371.8142451,0.03623866067,100.0,0.0
283,skew_only,43.02522962,-11177.04804,604.0,2899.583523,0.2754356648,100.0,0.0
283,as,44.33686502,-7836.486767,396.0,769.2430614,0.08381259985,100.0,0.0
284,fixed,58.33034695,-67356.12439,588.0,9040.319272,0.1439903549,100.0,0.0
284,spread_matched,61.17555064,-63153.05483,391.0,19930.40463,0.3278235295,100.0,0.0
284,skew_only,49.61116156,-55071.82811,604.0,15799.59399,0.290299179,100.0,0.0
284,as,56.01926339,-58195.07867,391.0,20788.84211,0.3512572698,100.0,0.0
285,fixed,58.38084946,-4751.423941,564.0,5046.408158,0.6768697056,100.0,0.0
285,spread_matched,55.38190665,-5657.968767,346.0,2802.434616,0.3885107474,100.0,0.0
285,skew_only,48.64829936,-4576.934429,578.0,2298.333157,0.4178177505,100.0,0.0
285,as,55.08006419,-6608.459518,354.0,2012.463487,0.2728672069,100.0,0.0
286,fixed,63.63723783,-3005.374445,506.0,10083.47607,1.841336315,100.0,0.0
286,spread_matched,62.7424586,-3259.749282,335.0,7427.906153,1.753994672,100.0,0.0
286,skew_only,58.45741848,-2936.783741,534.0,10074.34813,1.981928044,100.0,0.0
286,as,57.00122016,-2113.106526,343.0,5506.257556,1.66533494,100.0,0.0
287,fixed,29.27258369,-9944.308465,562.0,6283.950859,0.5699059578,100.0,0.0
287,spread_matched,30.9087502,-8871.633396,339.0,7674.182157,0.6214684591,100.0,0.0
287,skew_only,32.81039372,-7654.36066,584.0,8254.719895,0.9052506339,100.0,0.0
287,as,35.35242451,-7490.785326,355.0,6157.548134,0.6227815319,100.0,0.0
288,fixed,48.02390067,-5254.914189,570.0,5450.987985,0.6365182262,100.0,0.0
288,spread_matched,51.32170565,-3190.693778,357.0,7968.947519,1.214572248,100.0,0.0
288,skew_only,47.21475489,-5183.718625,584.0,2031.58479,0.266721095,100.0,0.0
288,as,47.11639026,-2221.991428,365.0,6899.910147,1.341970304,100.0,0.0
289,fixed,50.37018482,-41876.27885,582.0,14302.71323,0.5000674596,100.0,0.0
289,spread_matched,46.77695668,-23100.18284,378.0,-10090.26542,-0.5751555051,100.0,0.0
289,skew_only,39.92501992,-24015.72114,589.0,14226.05327,0.7020149077,100.0,0.0
289,as,40.59281925,-21404.74326,376.0,-5140.406471,-0.2656686255,100.0,0.0
290,fixed,57.0738136,-27987.81182,592.0,-21453.38025,-0.8402978635,100.0,0.0
290,spread_matched,59.64952976,-25004.53013,363.0,-17493.3492,-0.7022441073,100.0,0.0
290,skew_only,43.121748,-32427.54124,600.0,-21808.67912,-1.091941857,100.0,0.0
290,as,50.05971553,-23680.30144,375.0,-13127.3592,-0.6477426535,100.0,0.0
291,fixed,57.00693501,-14716.32392,552.0,-3136.918447,-0.1648025845,100.0,0.0
291,spread_matched,62.65610824,-12670.46777,347.0,19388.94443,1.022294864,100.0,0.0
291,skew_only,46.72841688,-10970.97888,580.0,1364.110843,0.08421702376,100.0,0.0
291,as,60.71579234,-11999.63606,351.0,20112.7105,1.093834317,100.0,0.0
292,fixed,55.08594318,-5610.077127,581.0,6407.155021,1.006964992,100.0,0.0
292,spread_matched,49.08357354,-4429.020758,365.0,5421.199191,1.110497424,100.0,0.0
292,skew_only,47.90832228,-4297.728926,588.0,7089.991386,1.287491376,100.0,0.0
292,as,45.96851514,-4590.843414,369.0,5283.10118,1.178890662,100.0,0.0
293,fixed,45.63378826,-4278.724723,542.0,-1030.401924,-0.3031678162,100.0,0.0
293,spread_matched,41.92514729,-2072.465134,336.0,6152.945495,1.883728073,100.0,0.0
293,skew_only,41.9248928,-2388.732696,544.0,1162.56984,0.4357482862,100.0,0.0
293,as,39.18371824,-1874.341063,344.0,5007.963276,1.741026632,100.0,0.0
294,fixed,57.78420957,-5441.528674,588.0,-2118.713103,-0.4898098546,100.0,0.0
294,spread_matched,51.4031746,-3752.486238,394.0,2831.328203,0.5909049873,100.0,0.0
294,skew_only,48.76580786,-3011.315588,600.0,38.54583324,0.01316863408,100.0,0.0
294,as,45.16169169,-3470.751489,396.0,-387.6336303,-0.1226481325,100.0,0.0
295,fixed,56.5076312,-6382.494467,572.0,5498.718325,0.6252862678,100.0,0.0
295,spread_matched,42.7148007,-4160.248525,349.0,8301.196955,1.229185413,100.0,0.0
295,skew_only,44.93319235,-5568.708318,590.0,1925.908989,0.2617117267,100.0,0.0
295,as,32.58787614,-3939.567201,352.0,7363.753408,1.298867053,90.0,0.0
296,fixed,38.89760752,-13442.95314,592.0,-1754.514903,-0.1489804433,100.0,0.0
296,spread_matched,50.21161953,-9052.874891,372.0,-434.9254974,-0.04958116711,100.0,0.0
296,skew_only,45.09392393,-10076.92941,600.0,-8094.32861,-0.9925449403,100.0,0.0
296,as,40.42317969,-4029.290415,370.0,4920.856726,0.9609020683,100.0,0.0
297,fixed,41.49796659,-27308.91582,536.0,-18840.97563,-1.202252012,100.0,0.0
297,spread_matched,27.67444388,-15411.84526,323.0,-1245.332976,-0.06587031788,100.0,0.0
297,skew_only,38.48485935,-28125.0336,542.0,-19106.53741,-1.230230445,100.0,0.0
297,as,28.90188859,-10518.99261,339.0,-3072.441077,-0.21371297,100.0,0.0
298,fixed,37.79017755,-17326.05918,526.0,725.2071493,0.0415338713,100.0,0.0
298,spread_matched,38.75287694,-18908.19172,326.0,9408.905754,0.4160413312,100.0,0.0
298,skew_only,35.68036377,-9670.655536,545.0,6533.943005,0.509888105,100.0,0.0
298,as,41.60904089,-13368.74489,346.0,11837.70589,0.7021820939,100.0,0.0
299,fixed,64.99002981,-31548.31673,530.0,13514.73781,0.3536028105,100.0,0.0
299,spread_matched,63.2668406,-29477.03005,344.0,13459.4168,0.3305068409,100.0,0.0
299,skew_only,60.17035681,-31548.34023,558.0,615.1421411,0.01589860389,100.0,0.0
299,as,59.75145585,-29477.06286,356.0,7271.190053,0.1788655372,100.0,0.0
300,fixed,33.84015247,-23590.87982,550.0,-13596.28304,-0.621070799,100.0,0.0
300,spread_matched,39.64603304,-21360.65616,354.0,-7281.908626,-0.3712655599,100.0,0.0
300,skew_only,44.56114918,-22490.89558,564.0,-9853.10349,-0.5631950692,100.0,0.0
300,as,38.58717143,-19846.38076,362.0,-4958.248977,-0.3103759575,100.0,0.0
301,fixed,43.56842057,-48116.3567,560.0,-46214.58386,-1.791522698,100.0,0.0
301,spread_matched,41.41749852,-38307.08468,348.0,-29943.92954,-1.690083697,100.0,0.0
301,skew_only,46.49368129,-44691.54513,575.0,-42471.90793,-1.902261914,100.0,0.0
301,as,34.19332144,-40690.89059,355.0,-26600.16723,-1.472831152,100.0,0.0
302,fixed,41.73770746,-22620.90302,582.0,-15605.39506,-0.6697442864,100.0,0.0
302,spread_matched,41.0677859,-27105.07318,345.0,-11291.81458,-0.4736680659,100.0,0.0
302,skew_only,41.0205997,-20657.93076,588.0,-10978.14388,-0.4534016945,100.0,0.0
302,as,41.58416045,-27105.09577,350.0,-13456.55432,-0.5846438663,100.0,0.0
303,fixed,45.24606722,-8240.336145,554.0,131.1791693,0.03293999306,100.0,0.0
303,spread_matched,46.53224017,-8517.48301,329.0,-3191.063952,-0.7557983721,100.0,0.0
303,skew_only,46.17290841,-8251.981202,566.0,426.3568168,0.107775061,100.0,0.0
303,as,45.35828514,-8206.456819,338.0,-2159.498115,-0.5631303592,100.0,0.0
304,fixed,41.534181,-25843.23065,490.0,-8377.901399,-0.6100254272,100.0,0.0
304,spread_matched,37.63504366,-28452.8398,289.0,-12618.93625,-0.6982411535,100.0,0.0
304,skew_only,41.42357763,-21492.80908,498.0,-5843.935254,-0.5016693327,100.0,0.0
304,as,40.93095645,-27163.79232,292.0,-13080.43456,-0.7739861837,100.0,0.0
305,fixed,45.45287423,-21008.02939,566.0,14959.4353,0.5264129613,100.0,0.0
305,spread_matched,33.29539895,-57703.55844,344.0,2152.03981,0.04484088517,100.0,0.0
305,skew_only,37.43363427,-24792.52342,570.0,-7757.641787,-0.2726641639,100.0,0.0
305,as,36.19137527,-44637.11942,353.0,4113.710206,0.1019395949,100.0,0.0
306,fixed,52.4595749,-24268.67206,595.0,-8174.223039,-0.662475604,100.0,0.0
306,spread_matched,42.54200071,-17272.51667,362.0,-808.8673655,-0.07871794186,100.0,0.0
306,skew_only,44.13434072,-19165.1291,605.0,-8053.286606,-0.8243176623,100.0,0.0
306,as,33.50202942,-8583.092774,375.0,-6280.458155,-1.139401683,100.0,0.0
307,fixed,62.37997961,-8818.46775,533.0,-1717.16985,-0.1924291118,100.0,0.0
307,spread_matched,57.15245856,-8094.563464,347.0,-2053.673008,-0.2671115936,100.0,0.0
307,skew_only,54.76953664,-8380.618667,553.0,-1825.582749,-0.2239595097,100.0,0.0
307,as,48.56107923,-8662.735883,353.0,-3300.694095,-0.4855004498,100.0,0.0
308,fixed,65.36050278,-20016.12079,537.0,4795.358477,0.272344413,100.0,0.0
308,spread_matched,56.73328927,-19653.22648,339.0,8131.207062,0.457189024,100.0,0.0
308,skew_only,56.15618758,-18781.59389,548.0,2419.204255,0.1630904486,100.0,0.0
308,as,48.36768669,-19822.49935,339.0,2906.92756,0.1832715393,100.0,0.0
309,fixed,52.3359176,-9985.178228,539.0,-8264.721576,-1.443867331,100.0,0.0
309,spread_matched,58.81164442,-10148.52842,333.0,-4942.306051,-0.8038455564,100.0,0.0
309,skew_only,48.67002774,-8439.676242,551.0,-7324.174825,-1.610140333,100.0,0.0
309,as,50.99549956,-8315.898358,348.0,-4860.20571,-0.953904806,100.0,0.0
310,fixed,35.90307931,-2575.567213,562.0,187.8663039,0.06288583108,100.0,0.0
310,spread_matched,38.01993498,-1323.616124,373.0,3003.6866,1.422700911,90.0,0.0
310,skew_only,36.06865885,-2103.106357,574.0,178.8752388,0.07130280456,100.0,0.0
310,as,32.5199075,-1266.676647,377.0,1364.295853,0.7702258114,100.0,0.0
311,fixed,45.82300207,-4350.232584,582.0,3251.614936,0.6961946157,100.0,0.0
311,spread_matched,61.72891523,-2830.664404,342.0,9044.715227,1.624091298,100.0,0.0
311,skew_only,41.29467364,-3531.190016,598.0,1525.178849,0.3960847902,100.0,0.0
311,as,51.42984106,-3143.824723,350.0,6723.913039,1.450354715,100.0,0.0
312,fixed,59.69561981,-17542.19059,539.0,3700.230814,0.2547540524,100.0,0.0
312,spread_matched,49.62547729,-8934.557252,336.0,508.2153135,0.07320932648,100.0,0.0
312,skew_only,49.53211192,-9241.892106,551.0,11888.389,1.024287042,100.0,0.0
312,as,44.68067903,-8380.085679,334.0,1804.507429,0.2630072537,100.0,0.0
313,fixed,38.36882316,-4564.708928,558.0,5111.893474,0.7245719114,100.0,0.0
313,spread_matched,42.97819949,-6351.324074,336.0,6046.136509,0.6334532064,100.0,0.0
313,skew_only,38.50873143,-6626.701429,577.0,1687.418585,0.2272007369,100.0,0.0
313,as,41.42677274,-6351.327604,340.0,8591.726728,0.8372279789,100.0,0.0
314,fixed,56.49811179,-23843.43464,568.0,-11120.21944,-1.25928282,100.0,0.0
314,spread_matched,50.24602447,-7077.426782,358.0,-1982.233123,-0.3263440735,100.0,0.0
314,skew_only,49.20236123,-17003.74654,580.0,-8144.7314,-1.16649724,100.0,0.0
314,as,45.22170059,-10986.51444,363.0,-5306.561821,-0.7738683686,100.0,0.0
315,fixed,49.85809903,-51666.36175,554.0,-848.7211229,-0.02500884601,100.0,0.0
315,spread_matched,35.816478,-51795.5663,364.0,-39190.39066,-1.373462057,100.0,0.0
315,skew_only,45.69020655,-54700.37477,569.0,4703.056492,0.1312855199,100.0,0.0
315,as,35.72248635,-50506.48312,366.0,-39176.11392,-1.413767402,100.0,0.0
316,fixed,45.09611846,-520254.2395,522.0,-173784.5338,-0.6405504705,100.0,0.0
316,spread_matched,36.0535033,-464756.5029,328.0,-41921.47019,-0.1563475196,100.0,0.0
316,skew_only,45.79187647,-499608.5761,537.0,-189631.2443,-0.7209654189,100.0,0.0
316,as,40.99532222,-454989.451,341.0,-145955.8489,-0.6068402315,100.0,0.0
317,fixed,39.90936251,-5255.152481,509.0,-3667.422741,-1.074445153,100.0,0.0
317,spread_matched,31.99321289,-6098.270263,320.0,-3132.635789,-0.6580015049,100.0,0.0
317,skew_only,36.2694864,-3367.678033,533.0,-890.8550257,-0.3564922751,100.0,0.0
317,as,31.18138618,-5978.154388,332.0,-3103.714647,-0.6584836691,100.0,0.0
318,fixed,46.1848278,-5349.515923,568.0,-3123.668703,-1.004394851,100.0,0.0
318,spread_matched,32.15207799,-6592.083304,329.0,-3364.607109,-0.9322764302,100.0,0.0
318,skew_only,42.49998569,-4007.492011,576.0,-2453.418069,-1.013515389,100.0,0.0
318,as,33.16189982,-5799.314111,351.0,-2831.11477,-0.8549574797,100.0,0.0
319,fixed,56.50430758,-35003.75585,513.0,-11895.83197,-0.6525276881,100.0,0.0
319,spread_matched,59.13856944,-37333.06143,290.0,5174.233279,0.223897902,100.0,0.0
319,skew_only,53.55876473,-36733.29214,516.0,-17353.89177,-1.056064451,100.0,0.0
319,as,52.28577898,-33847.71748,299.0,-6814.3148,-0.3509219352,100.0,0.0
320,fixed,42.71549835,-56029.81417,547.0,-5160.609262,-0.1213899306,100.0,0.0
320,spread_matched,28.019395,-57041.8767,343.0,-27417.80558,-0.7541511661,100.0,0.0
320,skew_only,42.39681534,-47814.0586,555.0,-9208.359874,-0.2661287471,100.0,0.0
320,as,28.03169057,-46632.79193,355.0,-32122.59507,-1.222668801,100.0,0.0
321,fixed,43.13242822,-64637.57068,595.0,-34165.61446,-1.192928308,100.0,0.0
321,spread_matched,44.62911045,-86455.88722,363.0,-18988.23215,-0.5150530481,100.0,0.0
321,skew_only,39.89929021,-52028.04838,606.0,-29681.88048,-1.22672872,100.0,0.0
321,as,36.97509528,-48701.23261,371.0,-20120.32729,-1.103250361,100.0,0.0
322,fixed,62.93884485,-25583.26432,570.0,36863.73144,0.9269344862,100.0,0.0
322,spread_matched,33.5801489,-39796.3598,376.0,-3244.253291,-0.08890053205,100.0,0.0
322,skew_only,47.70565233,-22541.17772,590.0,23367.36182,0.7358749456,100.0,0.0
322,as,34.31694532,-39315.89403,386.0,-6543.830134,-0.1977216018,100.0,0.0
323,fixed,49.84348935,-25746.96562,577.0,-20711.38615,-0.776574628,100.0,0.0
323,spread_matched,45.44266889,-21726.6086,336.0,2059.885856,0.09786315931,100.0,0.0
323,skew_only,38.4788087,-29820.78114,573.0,-21750.75817,-1.15918132,100.0,0.0
323,as,37.24682804,-29908.4507,342.0,-10768.6551,-0.5121597797,100.0,0.0
324,fixed,50.03478461,-155078.2486,512.0,-31113.1418,-0.3278518007,100.0,0.0
324,spread_matched,29.67477648,-59857.52997,318.0,54094.99704,0.7414264435,100.0,0.0
324,skew_only,48.22742762,-161811.0788,548.0,-64226.20431,-0.7119663608,100.0,0.0
324,as,31.26242523,-49396.20118,335.0,30823.55759,0.5237526702,100.0,0.0
325,fixed,33.57174692,-28236.63644,543.0,-9413.939857,-0.5463707837,100.0,0.0
325,spread_matched,42.82774791,-14997.3383,350.0,693.5881572,0.06519424997,100.0,0.0
325,skew_only,31.26355448,-26093.49686,560.0,-9388.467936,-0.5993404414,100.0,0.0
325,as,39.17930779,-16236.36674,356.0,-921.5735306,-0.09034686464,100.0,0.0
326,fixed,46.54184344,-5240.22734,559.0,11278.79611,1.342489752,100.0,0.0
326,spread_matched,51.18112073,-10237.07267,354.0,11178.62577,0.9243722161,100.0,0.0
326,skew_only,46.64383002,-5480.611527,565.0,12244.3815,1.468608584,100.0,0.0
326,as,46.12906052,-7576.321824,356.0,12372.66626,1.304976452,100.0,0.0
327,fixed,58.31451167,-14453.40626,524.0,2793.449115,0.2090211072,100.0,0.0
327,spread_matched,51.55271631,-14741.14148,343.0,-1109.698931,-0.08700673683,100.0,0.0
327,skew_only,47.80708027,-11627.04298,556.0,4010.806072,0.3688226636,100.0,0.0
327,as,42.61970769,-12988.6591,345.0,-1930.25365,-0.1753909102,100.0,0.0
328,fixed,49.11872307,-13158.54562,588.0,-3880.309391,-0.5284460523,100.0,0.0
328,spread_matched,41.93155422,-9670.791012,346.0,-10.24528812,-0.001667495787,100.0,0.0
328,skew_only,41.36723717,-7831.922286,596.0,22.29933988,0.003796633245,100.0,0.0
328,as,44.87945275,-11173.63505,351.0,-1510.713606,-0.2396662604,100.0,0.0
329,fixed,58.34087387,-11003.88445,576.0,-2833.005172,-0.2407155644,100.0,0.0
329,spread_matched,49.60108643,-10051.30795,396.0,-3331.425845,-0.372990561,100.0,0.0
329,skew_only,54.76728586,-10580.74475,590.0,-3484.736326,-0.3177316487,100.0,0.0
329,as,49.0684239,-9299.011134,402.0,-756.4624396,-0.0863790455,100.0,0.0
330,fixed,42.324442,-45375.74143,544.0,455.4862291,0.01192176259,100.0,0.0
330,spread_matched,29.35161936,-39054.37602,333.0,9021.635942,0.2370162,100.0,0.0
330,skew_only,45.67516803,-40041.2556,562.0,-0.7500093705,-2.515016636e-05,100.0,0.0
330,as,36.17846873,-28530.61864,344.0,-833.664482,-0.03539650503,100.0,0.0
331,fixed,38.27795396,-1505.336902,608.0,-271.5775648,-0.1641110649,100.0,0.0
331,spread_matched,36.28242528,-2432.674584,365.0,-658.2444973,-0.3231549212,100.0,0.0
331,skew_only,36.82628625,-1746.600054,624.0,210.3465786,0.1387042231,100.0,0.0
331,as,36.08388714,-2189.094823,377.0,-538.8728691,-0.3472460316,100.0,0.0
332,fixed,66.04064293,-10599.13442,574.0,3877.530808,0.4226147074,100.0,0.0
332,spread_matched,59.62247734,-9225.368346,366.0,2414.310344,0.2727104348,100.0,0.0
332,skew_only,60.68492985,-8944.348398,586.0,6705.221781,0.8521873162,100.0,0.0
332,as,58.31512449,-9009.337655,374.0,3924.738575,0.4733902047,100.0,0.0
333,fixed,52.80150542,-12324.40931,564.0,2312.871222,0.1797524754,100.0,0.0
333,spread_matched,51.40105956,-18476.86872,362.0,-3320.491301,-0.2686336161,100.0,0.0
333,skew_only,49.36272844,-11185.7394,588.0,66.68233605,0.006239409421,100.0,0.0
333,as,46.24318846,-16698.18961,370.0,-2911.928048,-0.2366293141,100.0,0.0
334,fixed,50.75369291,-28559.21395,551.0,22923.29774,1.049073994,100.0,0.0
334,spread_matched,57.41214184,-26293.70348,357.0,15922.10284,0.617014587,100.0,0.0
334,skew_only,50.58754119,-29723.48864,557.0,18394.64839,0.8514778855,100.0,0.0
334,as,55.75470473,-26733.00007,363.0,10519.66791,0.4621882867,100.0,0.0
335,fixed,42.00889044,-18277.78623,564.0,-6793.195101,-0.60739319,100.0,0.0
335,spread_matched,26.43514326,-15940.56632,355.0,940.7974256,0.09713833713,90.0,0.0
335,skew_only,46.63079745,-17260.30963,570.0,-10549.54829,-1.075202658,100.0,0.0
335,as,26.11556377,-4556.493325,359.0,4159.394225,0.642215073,60.0,0.0
336,fixed,45.73157525,-2241.766965,554.0,-338.3013755,-0.3109003066,100.0,0.0
336,spread_matched,28.52400349,-1616.35162,371.0,702.1394409,0.7390650991,80.0,0.0
336,skew_only,38.02288805,-2254.026758,560.0,-222.735597,-0.2132064011,100.0,0.0
336,as,30.27240326,-1405.653402,373.0,1526.464061,1.386475217,90.0,0.0
337,fixed,52.83197835,-23213.35266,550.0,-13507.54384,-1.374391904,100.0,0.0
337,spread_matched,32.33229809,-25454.76107,324.0,-8045.055148,-0.5735269212,100.0,0.0
337,skew_only,48.83445665,-17066.3227,556.0,-9227.723085,-1.167143612,100.0,0.0
337,as,33.61618509,-24160.94604,338.0,-12452.4582,-1.109069034,100.0,0.0
338,fixed,62.82446784,-19395.2747,551.0,-16725.60473,-1.487407917,100.0,0.0
338,spread_matched,56.55755578,-17528.2563,359.0,-8146.277789,-0.6740948853,100.0,0.0
338,skew_only,53.81352573,-18126.07362,581.0,-14769.66,-1.503385441,100.0,0.0
338,as,53.55564489,-14967.0959,365.0,-9736.407833,-0.9539302516,100.0,0.0
339,fixed,52.88082616,-2833.784943,564.0,-2010.838687,-1.386859524,100.0,0.0
339,spread_matched,34.4023255,-698.0114928,366.0,2406.435248,1.671482156,100.0,0.0
339,skew_only,40.00274866,-1704.813433,579.0,-977.1622333,-0.9487945874,90.0,0.0
339,as,30.15573496,-651.6214126,364.0,1614.60903,1.371084501,80.0,0.0
340,fixed,44.93345747,-6462.230212,550.0,12864.23025,1.484420395,100.0,0.0
340,spread_matched,51.7901062,-8426.983455,351.0,1605.85993,0.2145045963,100.0,0.0
340,skew_only,46.4197582,-4782.72886,568.0,11497.84925,1.444231658,100.0,0.0
340,as,44.85805166,-8651.350032,358.0,94.03526235,0.01368392075,100.0,0.0
341,fixed,47.19487463,-139420.0697,561.0,149521.206,0.8431477629,100.0,0.0
341,spread_matched,29.88257671,-178371.0832,332.0,138427.2831,0.655351606,100.0,0.0
341,skew_only,45.14434599,-133104.3043,573.0,145438.4291,0.8363037805,100.0,0.0
341,as,34.95809325,-178371.2346,352.0,93197.70314,0.4508389146,100.0,0.0
342,fixed,49.20723,-21536.61403,594.0,14597.32562,0.6105412376,100.0,0.0
342,spread_matched,31.31444355,-40999.52977,356.0,974.7229629,0.02440049366,100.0,0.0
342,skew_only,44.61763414,-17609.26653,609.0,13601.00902,0.6002994443,100.0,0.0
342,as,34.06351691,-32024.12129,370.0,3570.540988,0.1096508217,100.0,0.0
343,fixed,40.95963758,-13257.34231,489.0,-7569.861674,-0.7599735986,100.0,0.0
343,spread_matched,38.60899158,-10792.7256,302.0,-2978.873179,-0.3033116952,100.0,0.0
343,skew_only,37.85022746,-10719.90667,501.0,-5086.810146,-0.5716093015,100.0,0.0
343,as,34.75845438,-9432.267011,315.0,-1487.709725,-0.1768697815,100.0,0.0
344,fixed,56.18877246,-54284.25764,561.0,-27029.07157,-1.075374297,100.0,0.0
344,spread_matched,40.2535265,-24943.18597,348.0,-19780.23158,-1.213921732,100.0,0.0
344,skew_only,51.94300257,-44154.81005,570.0,-17374.75215,-0.7546898818,100.0,0.0
344,as,39.74583042,-24828.18063,354.0,-17218.50154,-1.053532496,100.0,0.0
345,fixed,49.19294742,-8145.583611,545.0,-190.8024112,-0.02989661917,100.0,0.0
345,spread_matched,59.43587465,-8211.353683,331.0,-2730.164372,-0.4641653681,100.0,0.0
345,skew_only,49.7711672,-6835.702489,559.0,-2479.304601,-0.5307580671,100.0,0.0
345,as,49.92700463,-6840.445765,327.0,-4132.019205,-0.9775616366,100.0,0.0
346,fixed,66.48666657,-3893.179949,537.0,-2452.598421,-0.9242895355,100.0,0.0
346,spread_matched,53.82396923,-3668.761298,354.0,-2207.651729,-0.8849452955,100.0,0.0
346,skew_only,59.92666532,-3178.446195,563.0,-2425.512244,-1.045561065,100.0,0.0
346,as,52.66744489,-2284.415545,366.0,-1128.074775,-0.548155924,100.0,0.0
347,fixed,24.49304914,-50563.17351,528.0,970.0258538,0.02743750347,100.0,0.0
347,spread_matched,28.11514211,-55337.58355,315.0,-7985.857853,-0.2149638488,100.0,0.0
347,skew_only,28.10614166,-36937.9026,568.0,6844.682094,0.2397858832,100.0,0.0
347,as,28.24508791,-45444.25431,343.0,443.4015123,0.01381299496,100.0,0.0
348,fixed,54.35029994,-40580.92597,558.0,25516.0717,0.4531303855,100.0,0.0
348,spread_matched,47.35438496,-44388.37071,350.0,27685.40868,0.6017079736,100.0,0.0
348,skew_only,49.84353017,-40580.96521,588.0,33182.73191,0.6530137186,100.0,0.0
348,as,41.1637316,-44903.69902,356.0,39882.32204,0.8848920563,100.0,0.0
349,fixed,39.22455148,-2955.538925,620.0,7171.008116,1.741469197,100.0,0.0
349,spread_matched,30.1107151,-5421.166768,368.0,5711.762246,1.080382344,100.0,0.0
349,skew_only,40.02931425,-1516.513402,637.0,6335.841686,1.856480832,100.0,0.0
349,as,28.94098485,-3695.644279,390.0,5797.339427,1.338285664,100.0,0.0
350,fixed,46.07402208,-6922.60632,578.0,5882.055603,0.8001557302,100.0,0.0
350,spread_matched,44.1242391,-6163.012512,366.0,3128.817119,0.4744786028,100.0,0.0
350,skew_only,42.77197101,-7508.826161,590.0,3320.088222,0.5422369757,100.0,0.0
350,as,47.94427928,-5360.559505,372.0,2261.31303,0.3708343913,100.0,0.0
351,fixed,42.84258797,-1978.971373,571.0,1986.295353,0.7175355228,100.0,0.0
351,spread_matched,48.70956863,-2716.221768,341.0,1722.290995,0.4999655461,100.0,0.0
351,skew_only,39.08686552,-2028.379579,586.0,430.1552735,0.1769366199,100.0,0.0
351,as,41.91650166,-2716.086687,354.0,1339.140512,0.4413029765,100.0,0.0
352,fixed,47.54048716,-20966.50684,567.0,-436.1879536,-0.0257865491,100.0,0.0
352,spread_matched,31.04033168,-20716.14673,326.0,6402.822838,0.3357620854,100.0,0.0
352,skew_only,41.83714282,-14018.87497,598.0,3209.266156,0.2483706643,100.0,0.0
352,as,30.16830375,-12512.63611,360.0,9788.767812,0.6896690378,100.0,0.0
353,fixed,43.69330676,-19335.14627,594.0,52611.24412,1.290402624,100.0,0.0
353,spread_matched,63.99920305,-119360.5837,378.0,-6919.503394,-0.07850631855,100.0,0.0
353,skew_only,48.45906519,-60244.42077,603.0,128.2091303,0.002256339208,100.0,0.0
353,as,57.71609495,-109774.6175,386.0,259.6258908,0.003058132554,100.0,0.0
354,fixed,55.73709845,-3279.732053,555.0,4060.570968,1.06856452,100.0,0.0
354,spread_matched,46.40960158,-5257.807283,354.0,3707.147013,0.9241709987,100.0,0.0
354,skew_only,51.87118503,-3051.171288,565.0,3103.550469,0.889039856,100.0,0.0
354,as,45.25129115,-4608.481672,355.0,3984.994323,1.07502718,100.0,0.0
355,fixed,54.91338194,-6328.522162,531.0,28250.81854,3.048416048,100.0,0.0
355,spread_matched,40.69422441,-3090.956589,324.0,17705.68265,3.197661023,100.0,0.0
355,skew_only,48.88717443,-6345.353463,543.0,21501.36816,2.238632435,100.0,0.0
355,as,35.4501213,-2357.27004,333.0,13626.37813,2.651069189,100.0,0.0
356,fixed,46.29562371,-15962.52578,573.0,6372.529732,0.3738132307,100.0,0.0
356,spread_matched,32.18496736,-31120.84746,360.0,-8889.989475,-0.424973743,100.0,0.0
356,skew_only,36.27466652,-18333.46975,571.0,-1766.042031,-0.1153296242,100.0,0.0
356,as,29.93530823,-25364.92337,368.0,-3020.11131,-0.1694420619,100.0,0.0
357,fixed,46.51034771,-11583.50098,592.0,1537.849501,0.1397910218,100.0,0.0
357,spread_matched,35.20450147,-14035.9858,345.0,-1680.128356,-0.1439961911,100.0,0.0
357,skew_only,44.22310074,-8631.98242,616.0,3183.293711,0.3553992044,100.0,0.0
357,as,38.14886335,-11921.61057,369.0,-1512.524975,-0.1572922103,100.0,0.0
358,fixed,52.41102914,-24165.9504,519.0,-8452.845539,-0.4571085112,100.0,0.0
358,spread_matched,56.12987141,-18759.03767,327.0,-1882.861316,-0.1105288169,100.0,0.0
358,skew_only,50.24851957,-22349.04826,531.0,-7725.520203,-0.4578885992,100.0,0.0
358,as,46.83178049,-12270.61673,331.0,1045.975981,0.08377350379,100.0,0.0
359,fixed,47.01382775,-14603.99131,562.0,2967.494035,0.2034812766,100.0,0.0
359,spread_matched,27.72269532,-11822.51565,345.0,13443.3471,0.6671656028,100.0,0.0
359,skew_only,42.19644364,-10496.03548,568.0,8618.183887,0.6513435314,100.0,0.0
359,as,24.83892057,-9721.896359,357.0,14139.10792,0.8287277918,100.0,0.0
360,fixed,50.65320203,-5657.799763,537.0,1241.252943,0.2250972201,100.0,0.0
360,spread_matched,49.01734893,-7004.066411,316.0,3253.14642,0.531291886,100.0,0.0
360,skew_only,48.79227115,-4961.637241,555.0,723.1470388,0.140344766,100.0,0.0
360,as,40.93744296,-6547.521519,325.0,2290.081165,0.4092552551,100.0,0.0
361,fixed,43.85001107,-1753.94816,567.0,2288.579615,1.272213861,100.0,0.0
361,spread_matched,31.84568888,-1406.431218,365.0,4051.373787,2.191384256,100.0,0.0
361,skew_only,43.78209241,-1770.738446,577.0,1659.585965,0.9532474752,100.0,0.0
361,as,33.3485058,-882.6572611,374.0,2896.648597,2.285832701,100.0,0.0
362,fixed,49.63571037,-8441.978189,556.0,5953.61961,0.7732469031,100.0,0.0
362,spread_matched,47.9134816,-8038.221205,333.0,6964.546826,0.7539473702,100.0,0.0
362,skew_only,44.4806704,-4198.894504,570.0,8230.132453,1.331125107,100.0,0.0
362,as,48.41837848,-6276.82167,351.0,7884.613898,0.9723307761,100.0,0.0
363,fixed,65.49403243,-7802.609291,620.0,-2950.340714,-0.4146896274,100.0,0.0
363,spread_matched,55.84188306,-3854.001657,381.0,729.2580399,0.1198876671,100.0,0.0
363,skew_only,57.4260086,-6927.639549,652.0,-2323.250252,-0.3815563109,100.0,0.0
363,as,54.32698939,-4060.156174,389.0,-2.136945626,-0.0003873458917,100.0,0.0
364,fixed,39.82471332,-6121.505043,574.0,4357.125054,0.6541826738,100.0,0.0
364,spread_matched,25.62955277,-6697.798419,351.0,8205.660161,0.7544907584,100.0,0.0
364,skew_only,32.04753913,-4299.395092,576.0,5012.433043,0.8399848276,100.0,0.0
364,as,23.14737823,-4767.485435,359.0,5865.455388,0.7074832659,100.0,0.0
365,fixed,51.01759598,-10531.20819,562.0,-2447.578258,-0.208678912,100.0,0.0
365,spread_matched,46.96179893,-8418.140795,368.0,-2330.070111,-0.2637642335,100.0,0.0
365,skew_only,51.98719808,-9977.498207,567.0,-3089.154128,-0.2732129328,100.0,0.0
365,as,41.95421333,-8628.833829,369.0,-1737.01286,-0.190902432,100.0,0.0
366,fixed,55.55031412,-1974.371458,528.0,7128.285354,2.154225489,100.0,0.0
366,spread_matched,43.00085784,-4301.853462,344.0,4013.554242,1.110797614,100.0,0.0
366,skew_only,51.37000833,-2013.283381,549.0,5159.911444,1.662118267,100.0,0.0
366,as,41.85028287,-3567.438937,345.0,3410.280185,1.018694394,100.0,0.0
367,fixed,59.68868003,-39395.82362,543.0,36896.82657,0.8836492783,100.0,0.0
367,spread_matched,37.91982442,-22169.74777,352.0,27201.7865,1.177355557,100.0,0.0
367,skew_only,51.75388657,-20836.35726,561.0,57344.97963,1.736142256,100.0,0.0
367,as,40.54244689,-14252.16592,356.0,42529.84364,1.738226164,100.0,0.0
368,fixed,56.89960137,-15755.23236,520.0,6330.996367,0.5378904907,100.0,0.0
368,spread_matched,53.42276728,-12186.06227,335.0,9269.944247,0.8746460516,100.0,0.0
368,skew_only,48.37627508,-11608.62714,548.0,10011.13338,0.9888127457,100.0,0.0
368,as,47.30136467,-9759.588299,343.0,9276.74652,0.9972007259,100.0,0.0
369,fixed,52.47705966,-2024.469512,542.0,276.3745763,0.1332747146,100.0,0.0
369,spread_matched,36.27771822,-1439.09956,355.0,3890.33883,2.099612266,100.0,0.0
369,skew_only,47.17851337,-1682.126242,544.0,827.412567,0.4627507246,100.0,0.0
369,as,39.22038852,-1439.21808,357.0,3269.434587,1.882611845,100.0,0.0
370,fixed,46.00091902,-9869.411736,556.0,-5500.641979,-1.09764402,100.0,0.0
370,spread_matched,31.58243802,-8712.300011,350.0,-6699.595311,-1.506647748,100.0,0.0
370,skew_only,45.1100762,-8986.757102,560.0,-4514.446753,-0.9371197294,100.0,0.0
370,as,35.29687805,-6337.888752,355.0,-4597.299431,-1.336202607,90.0,0.0
371,fixed,44.90279589,-55745.57727,589.0,20873.72923,0.3688162225,100.0,0.0
371,spread_matched,49.92223889,-41799.04661,378.0,13284.40847,0.3609373041,100.0,0.0
371,skew_only,47.51382703,-41739.38867,601.0,26030.85717,0.5006543922,100.0,0.0
371,as,48.15307374,-42018.5419,384.0,15764.79996,0.4368322497,100.0,0.0
372,fixed,42.60723543,-3907.326107,503.0,2905.762783,0.4199532757,100.0,0.0
372,spread_matched,50.28132806,-4552.273258,325.0,8575.708056,1.200494498,100.0,0.0
372,skew_only,38.81605388,-5140.800591,515.0,-468.2801914,-0.08146088912,100.0,0.0
372,as,39.3420162,-4298.598206,330.0,4585.309801,0.9191054151,100.0,0.0
373,fixed,51.9523239,-9228.041971,582.0,422.4427386,0.05388257847,100.0,0.0
373,spread_matched,52.56852895,-11516.87347,346.0,2469.533229,0.214850834,100.0,0.0
373,skew_only,41.66605904,-6643.278677,588.0,3064.502801,0.4531843529,100.0,0.0
373,as,41.53731709,-7880.77969,350.0,3009.260438,0.4370816091,90.0,0.0
374,fixed,57.04752405,-47730.22739,546.0,-25673.87358,-1.189025596,100.0,0.0
374,spread_matched,51.4227331,-26121.09655,363.0,-23214.13458,-1.904595968,100.0,0.0
374,skew_only,49.80543014,-31402.48726,554.0,-20187.47656,-1.387943342,100.0,0.0
374,as,50.14295165,-26343.23556,359.0,-21286.32142,-1.689821777,100.0,0.0
375,fixed,58.50145431,-20858.3834,565.0,-8907.323118,-0.8039542324,100.0,0.0
375,spread_matched,58.75136423,-13444.38819,358.0,-4954.159431,-0.3879389158,100.0,0.0
375,skew_only,48.49956403,-7779.190782,577.0,1833.566925,0.2564554601,100.0,0.0
375,as,53.25475076,-12611.56052,370.0,-4661.24921,-0.4434629297,100.0,0.0
376,fixed,43.34861519,-7483.330871,552.0,16407.00146,1.471381262,100.0,0.0
376,spread_matched,33.40102729,-4235.100114,334.0,11613.29795,1.652962165,100.0,0.0
376,skew_only,40.4121442,-4775.00272,558.0,14142.62811,1.578161106,100.0,0.0
376,as,35.67904751,-4235.155322,334.0,10280.33114,1.519981706,100.0,0.0
377,fixed,39.63859286,-22016.57241,548.0,2798.278448,0.160658564,100.0,0.0
377,spread_matched,34.34619461,-9056.464242,364.0,5912.763903,0.6029932505,100.0,0.0
377,skew_only,40.98524846,-19327.72388,572.0,2166.205883,0.144944509,100.0,0.0
377,as,33.99713386,-9056.424338,372.0,2816.499773,0.3262908775,100.0,0.0
378,fixed,38.67068016,-5455.939925,522.0,10906.49512,1.749477886,100.0,0.0
378,spread_matched,34.69237789,-3020.193354,312.0,11865.62391,2.004569051,100.0,0.0
378,skew_only,39.28162476,-3802.652439,553.0,9056.683505,1.940409769,100.0,0.0
378,as,35.24417024,-2384.115901,324.0,11011.75629,2.218986404,100.0,0.0
379,fixed,42.87015175,-340355.4236,559.0,-207267.9611,-0.8176820358,100.0,0.0
379,spread_matched,39.38955332,-352185.7131,339.0,-189778.325,-0.8608280182,100.0,0.0
379,skew_only,35.26137371,-363720.8537,570.0,-268463.3233,-1.25673018,100.0,0.0
379,as,43.59148426,-360997.4221,343.0,-195807.1635,-0.835161574,100.0,0.0
380,fixed,45.177117,-10341.63067,557.0,-4333.368964,-0.346281722,100.0,0.0
380,spread_matched,29.1443974,-11556.10669,348.0,10219.57656,0.6528962418,100.0,0.0
380,skew_only,44.95639344,-11809.54931,561.0,-3023.856143,-0.2467827855,100.0,0.0
380,as,28.79060734,-6460.175323,355.0,8501.42746,0.9174254116,90.0,0.0
381,fixed,57.13854587,-120272.5107,504.0,-50523.20512,-0.6112404235,100.0,0.0
381,spread_matched,41.90368288,-86273.78942,295.0,19105.9329,0.2503931525,100.0,0.0
381,skew_only,55.3719336,-120656.7273,524.0,-53127.55733,-0.6438904767,100.0,0.0
381,as,43.06514822,-86273.82248,313.0,10168.91721,0.1349324607,100.0,0.0
382,fixed,50.81259465,-30837.50367,579.0,-14297.94298,-0.8156771015,100.0,0.0
382,spread_matched,62.69759944,-38460.09355,363.0,-27609.21473,-1.303917317,100.0,0.0
382,skew_only,47.81281785,-27650.76069,607.0,-14274.4288,-0.8734156112,100.0,0.0
382,as,53.41417766,-31736.81069,371.0,-20275.47262,-1.00098272,100.0,0.0
383,fixed,48.49206408,-4530.103521,581.0,-57.07268197,-0.01820972838,100.0,0.0
383,spread_matched,61.84312391,-4934.915806,344.0,935.577803,0.2166672457,100.0,0.0
383,skew_only,43.15086905,-3762.409798,589.0,-219.5173062,-0.07816637484,100.0,0.0
383,as,58.75452118,-5367.665324,350.0,502.6579993,0.1134332941,100.0,0.0
384,fixed,62.87249001,-27726.97424,560.0,-5644.053486,-0.3495600076,100.0,0.0
384,spread_matched,58.97305676,-25315.59289,361.0,-12441.07811,-0.9311523499,100.0,0.0
384,skew_only,49.53069916,-17188.65607,570.0,3584.32306,0.2612861926,100.0,0.0
384,as,46.48874204,-19474.47464,367.0,-5489.834766,-0.4855728099,100.0,0.0
385,fixed,52.13742441,-9415.388445,490.0,7389.933653,0.4298312002,100.0,0.0
385,spread_matched,48.76208198,-5761.094907,319.0,11567.17328,0.8511115509,100.0,0.0
385,skew_only,52.0624729,-10146.47872,498.0,6101.914093,0.4150664917,100.0,0.0
385,as,47.70328274,-7450.06845,320.0,10419.40753,0.8925457618,100.0,0.0
386,fixed,40.77238825,-11096.75229,600.0,21099.11911,1.116642722,100.0,0.0
386,spread_matched,29.93288758,-12570.82588,395.0,28645.93025,1.509870248,100.0,0.0
386,skew_only,37.29316291,-9206.312509,616.0,21507.15917,1.225004709,100.0,0.0
386,as,28.36953702,-12107.30362,403.0,26512.89463,1.475636928,100.0,0.0
387,fixed,35.61690777,-81232.1372,564.0,42146.27453,0.6720862606,100.0,0.0
387,spread_matched,28.87727188,-95623.25625,357.0,17051.2073,0.2566372507,100.0,0.0
387,skew_only,39.31305787,-73361.57424,579.0,28497.30457,0.5023875091,100.0,0.0
387,as,34.02795768,-90207.64962,363.0,-5150.236117,-0.09081363569,100.0,0.0
388,fixed,57.54381613,-39281.63424,529.0,46415.52812,0.8301269111,100.0,0.0
388,spread_matched,50.53908487,-42566.81041,340.0,12236.58393,0.2825752,100.0,0.0
388,skew_only,51.01830558,-37123.06304,553.0,32164.05766,0.6786779566,100.0,0.0
388,as,48.9557101,-42567.33995,346.0,16941.67398,0.3850237742,100.0,0.0
389,fixed,51.35150705,-4129.782634,551.0,8094.0244,1.337629285,100.0,0.0
389,spread_matched,37.76375213,-3727.804871,342.0,6966.64956,1.2445372,100.0,0.0
389,skew_only,43.14832205,-2876.781742,569.0,4745.989012,1.204335288,100.0,0.0
389,as,34.11722953,-3728.014102,357.0,5372.80835,1.137846804,100.0,0.0
390,fixed,53.1110399,-13940.7287,546.0,11598.83873,0.4742146821,100.0,0.0
390,spread_matched,47.95409838,-13937.39108,368.0,29151.34234,1.341693873,100.0,0.0
390,skew_only,51.27662824,-13753.79015,566.0,11569.86717,0.5287626895,100.0,0.0
390,as,44.21501894,-10345.04299,368.0,21384.59268,1.016553584,100.0,0.0
391,fixed,63.11347507,-4090.248121,526.0,2202.284651,0.7910797499,100.0,0.0
391,spread_matched,47.12278426,-2666.573576,354.0,3206.165304,1.203687677,100.0,0.0
391,skew_only,58.96615957,-3719.629349,540.0,2132.890737,0.8937247358,100.0,0.0
391,as,46.80823337,-2768.810132,356.0,2658.805032,1.168114807,100.0,0.0
392,fixed,35.75496149,-3914.269371,589.0,-813.1387318,-0.2695188488,100.0,0.0
392,spread_matched,33.15715366,-3306.125098,374.0,-1307.995929,-0.578796216,100.0,0.0
392,skew_only,35.60892404,-4445.485141,588.0,-1871.877141,-0.7220370941,100.0,0.0
392,as,28.17820711,-2116.600315,375.0,-71.05330829,-0.03452067348,80.0,0.0
393,fixed,50.56581418,-3308.98095,559.0,3077.670799,0.7909004021,100.0,0.0
393,spread_matched,53.53607194,-5530.861363,343.0,-1896.432941,-0.5191205991,100.0,0.0
393,skew_only,47.51012317,-2486.099662,574.0,3151.154488,0.9161770941,100.0,0.0
393,as,49.26643725,-4113.646836,340.0,969.8105866,0.2918372172,100.0,0.0
394,fixed,52.59977261,-19681.45232,561.0,-2388.689135,-0.1734787849,100.0,0.0
394,spread_matched,43.68810438,-17279.62316,360.0,4351.706332,0.3162404902,100.0,0.0
394,skew_only,47.39995391,-12635.25659,577.0,-465.650542,-0.04763812184,100.0,0.0
394,as,44.88851274,-14399.29849,362.0,-3385.833329,-0.3611789671,100.0,0.0
395,fixed,36.79049872,-32996.55383,524.0,-10653.00453,-0.5027960649,100.0,0.0
395,spread_matched,26.83524242,-37881.76468,340.0,-24730.20272,-1.222080276,100.0,0.0
395,skew_only,30.37229659,-23948.42578,532.0,-8653.802909,-0.5514118149,100.0,0.0
395,as,32.48248819,-27480.63633,352.0,-17131.21051,-1.168044912,100.0,0.0
396,fixed,47.7381899,-161583.9949,538.0,-125742.7558,-1.468680488,100.0,0.0
396,spread_matched,49.17276457,-165542.8828,332.0,-140712.7486,-1.660791787,100.0,0.0
396,skew_only,44.64598068,-152062.5026,558.0,-108297.5852,-1.36158337,100.0,0.0
396,as,44.64450869,-156954.1301,344.0,-132674.5794,-1.661835115,100.0,0.0
397,fixed,55.18008757,-29488.01061,573.0,-6962.632307,-0.310367971,100.0,0.0
397,spread_matched,55.46331458,-38207.42202,376.0,-12415.23949,-0.4500009857,100.0,0.0
397,skew_only,51.0634783,-18752.95391,581.0,-3630.699668,-0.2234152585,100.0,0.0
397,as,51.54233281,-25241.25739,383.0,-9093.408385,-0.4679770497,100.0,0.0
398,fixed,56.04883999,-17326.80434,589.0,8930.753509,0.6178336706,100.0,0.0
398,spread_matched,59.60119958,-15563.84878,344.0,9790.913535,0.6210342974,100.0,0.0
398,skew_only,47.30575008,-15076.88824,611.0,5582.759242,0.4518821138,100.0,0.0
398,as,52.53497974,-13871.60637,368.0,9296.393122,0.7734149872,100.0,0.0
399,fixed,41.45072622,-5730.585737,568.0,2565.085563,0.358181901,100.0,0.0
399,spread_matched,22.2077615,-8057.546961,337.0,10232.71118,0.9969643821,100.0,0.0
399,skew_only,36.70442043,-4935.034558,572.0,-954.0232117,-0.1974102751,100.0,0.0
399,as,22.41733606,-4744.248231,354.0,3521.879387,0.5594460211,100.0,0.0
400,fixed,58.45742484,-22616.69372,551.0,-10940.58788,-0.7597400622,100.0,0.0
400,spread_matched,43.50621766,-14785.04232,347.0,-4289.884507,-0.3583571295,100.0,0.0
400,skew_only,51.35305187,-21956.54287,567.0,-12819.02539,-0.9534097168,100.0,0.0
400,as,39.59963515,-14784.9842,355.0,-7413.446627,-0.6778947657,100.0,0.0
401,fixed,40.84037188,-59557.88332,546.0,69734.30927,0.7058163544,100.0,0.0
401,spread_matched,26.42048228,-114673.6193,343.0,-30009.26215,-0.2932518833,100.0,0.0
401,skew_only,37.93120129,-57269.0585,570.0,63540.38424,0.6853044975,100.0,0.0
401,as,27.56174158,-64598.68297,354.0,14357.46199,0.1905648601,100.0,0.0
402,fixed,53.81092079,-6030.778725,586.0,2703.989272,0.3856860098,100.0,0.0
402,spread_matched,39.68036289,-11536.85909,381.0,1853.154135,0.2244167956,100.0,0.0
402,skew_only,44.6096801,-4789.680796,602.0,3493.164377,0.5843340377,100.0,0.0
402,as,37.2408247,-8715.263343,387.0,4909.676233,0.6343398954,100.0,0.0
403,fixed,51.75407091,-39037.28483,590.0,19051.58821,0.487198397,100.0,0.0
403,spread_matched,49.76242332,-58977.93519,363.0,-21184.38466,-0.4461795178,100.0,0.0
403,skew_only,33.55584562,-18954.5421,604.0,24928.49392,0.9460367336,100.0,0.0
403,as,39.60558541,-49480.68117,376.0,-9209.255308,-0.2488470305,100.0,0.0
404,fixed,56.88484143,-15919.13502,545.0,-7548.681004,-0.6477864875,100.0,0.0
404,spread_matched,54.63303396,-17005.65129,343.0,-5505.103708,-0.4415651519,100.0,0.0
404,skew_only,48.69366931,-12867.64206,563.0,-5916.964191,-0.5607829874,100.0,0.0
404,as,43.54161113,-15941.2575,341.0,-4681.640639,-0.3852747766,100.0,0.0
405,fixed,43.56812408,-3275.643797,555.0,1384.028151,0.4490485546,100.0,0.0
405,spread_matched,39.38836365,-1467.350432,334.0,2664.669843,0.9529066772,100.0,0.0
405,skew_only,42.44871334,-3596.154094,563.0,716.1602261,0.2457990025,100.0,0.0
405,as,25.57795752,-1481.894256,347.0,2248.381137,1.097938143,80.0,0.0
406,fixed,72.25158572,-28358.38188,484.0,-14593.21916,-0.6396091358,100.0,0.0
406,spread_matched,70.15992129,-28508.67737,306.0,-25239.69709,-1.34554701,100.0,0.0
406,skew_only,65.72823922,-27928.33924,502.0,-9169.723327,-0.4073355339,100.0,0.0
406,as,63.79176573,-26065.17729,318.0,-20179.16868,-1.15309516,100.0,0.0
407,fixed,61.09348881,-8167.313238,510.0,-4378.251467,-1.105266532,100.0,0.0
407,spread_matched,53.94643506,-7640.206767,341.0,-5330.825431,-1.388546522,100.0,0.0
407,skew_only,59.65284875,-7799.060339,527.0,-3838.174978,-1.041280234,100.0,0.0
407,as,51.16497224,-6799.463819,357.0,-4420.412928,-1.257461223,100.0,0.0
408,fixed,43.71689829,-23080.1326,553.0,36041.9632,1.438409664,100.0,0.0
408,spread_matched,31.79946157,-25800.97047,369.0,19813.96481,0.907995361,100.0,0.0
408,skew_only,41.73892398,-15569.23762,581.0,32151.53976,1.617953753,100.0,0.0
408,as,30.72112288,-25801.00816,379.0,19112.28834,0.8986731766,100.0,0.0
409,fixed,55.06901923,-3361.267927,527.0,6733.261998,1.526805573,100.0,0.0
409,spread_matched,46.51990627,-2879.165075,326.0,4788.48584,1.570009994,100.0,0.0
409,skew_only,46.69417821,-2139.444169,538.0,3813.767289,1.341434842,100.0,0.0
409,as,47.34286403,-2519.276859,328.0,3576.160683,1.307895724,100.0,0.0
410,fixed,49.66855986,-8793.606223,563.0,-7787.335872,-1.988180144,100.0,0.0
410,spread_matched,58.18361525,-7181.413113,345.0,-5846.939902,-1.673762304,100.0,0.0
410,skew_only,45.84040733,-6095.422266,587.0,-4991.815256,-1.897042387,100.0,0.0
410,as,54.72353348,-5651.872133,349.0,-4509.302558,-1.914777823,100.0,0.0
411,fixed,37.40926023,-17733.33194,532.0,-3978.376242,-0.2607780094,100.0,0.0
411,spread_matched,41.95197587,-16478.51927,346.0,-13015.56225,-1.067413101,100.0,0.0
411,skew_only,33.18812462,-10197.91769,550.0,-2780.622507,-0.2501483755,100.0,0.0
411,as,40.55650033,-14018.57431,351.0,-9930.441195,-0.8606793841,100.0,0.0
412,fixed,48.71420506,-1946.502168,554.0,4496.806183,1.250883339,100.0,0.0
412,spread_matched,34.46965377,-1937.910348,330.0,3400.060906,1.239971073,100.0,0.0
412,skew_only,44.18843006,-1417.767289,556.0,2932.793536,1.171920307,100.0,0.0
412,as,35.88744459,-1618.38089,344.0,3130.042039,1.453311922,100.0,0.0
413,fixed,59.90441078,-55095.36401,554.0,-20609.2648,-0.3115318823,100.0,0.0
413,spread_matched,49.20116705,-97641.52368,330.0,-23899.56489,-0.3744123636,100.0,0.0
413,skew_only,52.40693176,-56389.30001,564.0,-9346.558155,-0.1493518746,100.0,0.0
413,as,45.40150913,-80237.45152,335.0,-15533.735,-0.2948627208,100.0,0.0
414,fixed,57.17205887,-10218.25943,539.0,-2615.332523,-0.2281977761,100.0,0.0
414,spread_matched,47.79394706,-5388.115136,335.0,8233.616381,0.7800230971,100.0,0.0
414,skew_only,54.24096592,-10539.30956,549.0,-2933.314916,-0.2762742715,100.0,0.0
414,as,41.58562131,-5194.540472,341.0,3762.198179,0.5248250005,100.0,0.0
415,fixed,63.92311253,-22689.56779,509.0,-2315.286453,-0.08428340093,100.0,0.0
415,spread_matched,66.00216287,-36802.1177,330.0,-14550.14515,-0.5299016153,100.0,0.0
415,skew_only,61.64358016,-25289.91742,527.0,1890.086294,0.06967552814,100.0,0.0
415,as,63.47538829,-37172.25838,332.0,-13919.04768,-0.5320940193,100.0,0.0
416,fixed,50.8125878,-9567.220593,566.0,-2007.532791,-0.4333442759,100.0,0.0
416,spread_matched,48.58410142,-11156.40233,342.0,-4109.676383,-0.7889593993,100.0,0.0
416,skew_only,47.58992566,-6770.771441,571.0,915.9769498,0.218486279,100.0,0.0
416,as,48.81591256,-9010.422123,354.0,-3346.630833,-0.7051291788,100.0,0.0
417,fixed,54.28929604,-17814.72647,565.0,-4326.475553,-0.4814234984,100.0,0.0
417,spread_matched,53.30161589,-12268.51729,340.0,-279.0900153,-0.03234036512,100.0,0.0
417,skew_only,48.2882949,-11955.12142,582.0,-180.2545736,-0.02285194076,100.0,0.0
417,as,49.51258013,-11363.46018,346.0,834.1359823,0.09538244991,100.0,0.0
418,fixed,42.48057434,-7013.337589,556.0,5366.637616,0.5703486104,100.0,0.0
418,spread_matched,32.63104042,-9290.638454,352.0,-4732.59503,-0.6183659299,100.0,0.0
418,skew_only,38.6513043,-7013.220555,559.0,1854.472112,0.1870943617,100.0,0.0
418,as,32.97309637,-4756.913805,353.0,-2136.27197,-0.38373259,90.0,0.0
419,fixed,64.35250701,-8434.015283,584.0,-2381.106703,-0.3488731586,100.0,0.0
419,spread_matched,63.09277898,-10008.62289,375.0,-4346.738492,-0.5814321618,100.0,0.0
419,skew_only,61.70776259,-7336.766982,598.0,-2024.526995,-0.318329169,100.0,0.0
419,as,56.85949968,-9014.643059,389.0,-3816.93263,-0.5729066479,100.0,0.0
420,fixed,52.87692272,-21882.13573,562.0,8590.191678,0.295625999,100.0,0.0
420,spread_matched,64.23086292,-18636.5269,354.0,19198.35723,0.6204728276,100.0,0.0
420,skew_only,51.27908486,-14141.96248,574.0,11974.61525,0.5244646294,100.0,0.0
420,as,56.88646404,-13234.21067,366.0,21074.37558,0.8396104712,100.0,0.0
421,fixed,57.3534515,-7893.012557,569.0,9398.215871,1.441410814,100.0,0.0
421,spread_matched,37.35268225,-8539.024422,344.0,9091.892217,1.266468537,100.0,0.0
421,skew_only,48.7706848,-6508.889724,576.0,5461.944031,0.9400785216,100.0,0.0
421,as,33.7148499,-5037.128365,354.0,8488.350486,1.647311982,100.0,0.0
422,fixed,69.69770785,-5210.096209,546.0,5400.221888,0.8142414994,100.0,0.0
422,spread_matched,41.8333052,-5015.48474,333.0,820.6495275,0.156870834,100.0,0.0
422,skew_only,54.69193418,-4384.024932,560.0,4461.861531,0.7983782728,100.0,0.0
422,as,39.11134623,-5015.599636,331.0,864.2241373,0.1655002708,100.0,0.0
423,fixed,52.29533011,-57460.26254,515.0,-46718.92267,-1.193538593,100.0,0.0
423,spread_matched,40.787835,-38803.76453,310.0,-12385.71965,-0.3652935469,100.0,0.0
423,skew_only,43.17854086,-48534.86828,520.0,-35540.86319,-1.020131047,100.0,0.0
423,as,39.86388762,-33632.50105,317.0,778.6381957,0.02453724977,100.0,0.0
424,fixed,35.934039,-18654.05043,550.0,-1079.261168,-0.07144565886,100.0,0.0
424,spread_matched,36.18589105,-12090.93947,355.0,-1600.323772,-0.1644621299,100.0,0.0
424,skew_only,37.80461082,-12716.06372,561.0,-3888.788441,-0.3515016455,100.0,0.0
424,as,33.6933584,-11688.83412,353.0,-2470.664012,-0.3148384731,100.0,0.0
425,fixed,29.50066642,-30990.14359,579.0,9779.14627,0.4477430645,100.0,0.0
425,spread_matched,30.14324321,-48715.25959,353.0,19104.51282,0.508410647,100.0,0.0
425,skew_only,31.87910399,-9058.584576,597.0,19865.71401,1.772945216,100.0,0.0
425,as,33.4741949,-32348.68951,377.0,22758.03265,0.8314036091,100.0,0.0
426,fixed,55.89699791,-9971.221915,578.0,13667.67263,0.8628455741,100.0,0.0
426,spread_matched,32.28014001,-15447.41024,335.0,7054.965705,0.3732080009,100.0,0.0
426,skew_only,53.83527097,-9877.871684,586.0,10548.56415,0.6868858161,100.0,0.0
426,as,31.32332064,-8119.59026,349.0,13335.61101,0.860441896,100.0,0.0
427,fixed,33.17058515,-6872.405331,547.0,866.1514713,0.1178291384,100.0,0.0
427,spread_matched,25.37456207,-11172.82487,308.0,-2983.548446,-0.3054565775,100.0,0.0
427,skew_only,30.84423259,-5592.747726,563.0,3772.70351,0.6708767476,100.0,0.0
427,as,29.56870176,-8958.274007,331.0,-1479.761254,-0.1951643108,100.0,0.0
428,fixed,60.40949184,-79055.39264,542.0,-55113.85575,-1.314263804,100.0,0.0
428,spread_matched,66.02560563,-75278.32872,325.0,-31073.3395,-0.6260886224,100.0,0.0
428,skew_only,48.76278818,-66896.02024,554.0,-54971.95084,-1.553823302,100.0,0.0
428,as,59.6350828,-71467.92061,342.0,-37257.9483,-0.8340182987,100.0,0.0
429,fixed,53.84172178,-5195.234714,510.0,-885.799055,-0.3277975792,100.0,0.0
429,spread_matched,56.46897339,-2022.421891,329.0,2590.049683,1.611154956,100.0,0.0
429,skew_only,47.69751942,-3315.28855,528.0,691.7747197,0.3507687517,100.0,0.0
429,as,48.81284253,-2022.653475,326.0,1430.609058,1.03488257,100.0,0.0
430,fixed,48.65460339,-9052.733452,568.0,12707.22255,1.176984305,100.0,0.0
430,spread_matched,49.22921083,-19107.18316,333.0,-2011.241306,-0.1198473927,100.0,0.0
430,skew_only,37.83591467,-8440.30897,576.0,9198.779037,1.094993776,100.0,0.0
430,as,48.57247612,-19107.28921,336.0,-3662.45507,-0.2422743041,100.0,0.0
431,fixed,61.86404021,-16082.28896,539.0,-6567.609187,-0.5434221586,100.0,0.0
431,spread_matched,57.00766544,-10713.32212,349.0,-5861.292727,-0.625217765,100.0,0.0
431,skew_only,54.96618273,-14459.08253,567.0,-11519.89307,-1.295617629,100.0,0.0
431,as,56.20738282,-10549.79261,361.0,-1732.949373,-0.1946888981,100.0,0.0
432,fixed,42.68102191,-83276.84786,627.0,-57349.14072,-1.156536089,100.0,0.0
432,spread_matched,40.96496492,-79921.10209,393.0,31967.19292,0.4934163338,100.0,0.0
432,skew_only,40.11030292,-80060.10015,635.0,-52976.85887,-1.145147434,100.0,0.0
432,as,36.62342966,-75220.17694,396.0,28668.54632,0.5123955135,100.0,0.0
433,fixed,62.34445554,-9398.614808,565.0,16797.39088,1.218647568,100.0,0.0
433,spread_matched,38.43540035,-14774.06317,365.0,18092.35035,1.113747499,100.0,0.0
433,skew_only,56.70611359,-9196.089203,589.0,18506.80292,1.408100871,100.0,0.0
433,as,37.98868205,-9543.262707,369.0,20434.15339,1.515442929,100.0,0.0
434,fixed,42.89581004,-8069.482091,558.0,-2941.811634,-0.5363684743,100.0,0.0
434,spread_matched,53.841961,-6244.25708,322.0,2856.032246,0.5684977744,100.0,0.0
434,skew_only,36.34754016,-8324.302402,574.0,-3268.626118,-0.6360756672,100.0,0.0
434,as,46.12295384,-4479.91294,340.0,3878.600681,0.8600369383,100.0,0.0
435,fixed,38.14254103,-3540.319686,562.0,85.75796895,0.01801471649,100.0,0.0
435,spread_matched,33.18861008,-8688.706585,350.0,1502.554772,0.3050690248,100.0,0.0
435,skew_only,45.41380714,-5019.249822,562.0,289.9756469,0.06792135012,100.0,0.0
435,as,31.38475922,-4093.556226,356.0,1410.170793,0.4348887843,100.0,0.0
436,fixed,61.82445011,-22624.3514,542.0,-13397.19816,-0.9059202715,100.0,0.0
436,spread_matched,58.7897525,-16312.60919,345.0,-4637.141101,-0.3454928095,100.0,0.0
436,skew_only,54.77175505,-20018.54113,558.0,-13486.83624,-0.9717618434,100.0,0.0
436,as,52.57986976,-15384.56279,349.0,-4089.264995,-0.3296402113,100.0,0.0
437,fixed,73.30356401,-11342.49866,488.0,-6928.441839,-1.17417088,100.0,0.0
437,spread_matched,68.99521769,-9288.524735,305.0,-6084.411862,-1.272401838,100.0,0.0
437,skew_only,63.44283253,-6683.624127,524.0,-2839.633601,-0.6705725519,100.0,0.0
437,as,66.34797106,-8145.699174,319.0,-4957.141376,-1.129559794,100.0,0.0
438,fixed,52.50611663,-11742.91176,553.0,-4531.538549,-0.4178212146,100.0,0.0
438,spread_matched,37.29098417,-12223.45889,352.0,3233.615798,0.2805143864,100.0,0.0
438,skew_only,44.62954497,-9538.662237,576.0,-3318.335739,-0.3524480916,100.0,0.0
438,as,34.28279078,-11337.22007,368.0,734.1832671,0.08149298981,100.0,0.0
439,fixed,48.36934731,-19814.53217,583.0,-1795.138796,-0.1125085912,100.0,0.0
439,spread_matched,34.86506273,-16129.13208,371.0,-1123.728812,-0.07935664819,100.0,0.0
439,skew_only,42.00957491,-12669.14708,589.0,2860.549849,0.21665451,100.0,0.0
439,as,31.28836383,-15445.49522,373.0,-4704.955156,-0.4235758479,100.0,0.0
440,fixed,54.39871142,-3023.962102,563.0,9808.95403,1.999083124,100.0,0.0
440,spread_matched,34.12639981,-3105.12185,346.0,10172.9925,1.849503011,100.0,0.0
440,skew_only,53.58527364,-2647.423393,573.0,7432.954014,1.770945489,100.0,0.0
440,as,39.27127193,-2991.656491,357.0,6928.875008,1.52211005,100.0,0.0
441,fixed,52.74496753,-11925.7191,495.0,-7595.151813,-1.049062382,100.0,0.0
441,spread_matched,46.5079468,-4464.308879,293.0,-2170.628522,-0.4977901922,100.0,0.0
441,skew_only,40.83280288,-7505.65596,505.0,-4532.336626,-0.8551842688,100.0,0.0
441,as,46.4278879,-3852.528939,307.0,-1965.273532,-0.4925361472,100.0,0.0
442,fixed,47.70527648,-20561.08172,546.0,-14695.43719,-1.508543755,100.0,0.0
442,spread_matched,28.44762029,-21690.94121,329.0,-8341.98507,-0.6050798609,100.0,0.0
442,skew_only,43.69944984,-13702.78567,550.0,-8204.722902,-1.010548274,100.0,0.0
442,as,28.11749377,-15212.23845,340.0,-7501.09028,-0.8001593163,100.0,0.0
443,fixed,46.07696907,-60482.23472,519.0,-12575.76311,-0.3067408083,100.0,0.0
443,spread_matched,55.81173554,-50633.11815,319.0,10875.51926,0.2846268273,100.0,0.0
443,skew_only,44.46908027,-51728.06037,526.0,-3949.934401,-0.1035501526,100.0,0.0
443,as,50.65866559,-45462.73724,322.0,8380.262675,0.2459715426,100.0,0.0
444,fixed,35.74305302,-7350.481071,588.0,-5929.982413,-1.87228949,100.0,0.0
444,spread_matched,36.45218627,-10454.59868,358.0,-7741.608296,-1.471735834,100.0,0.0
444,skew_only,34.5612002,-5271.85741,593.0,-4098.650862,-1.430704404,100.0,0.0
444,as,35.09925213,-6851.940126,376.0,-4689.038296,-1.335356903,100.0,0.0
445,fixed,50.38665473,-53577.81228,548.0,-6840.745001,-0.1408832548,100.0,0.0
445,spread_matched,46.62383901,-24361.29699,325.0,9566.617715,0.2611140859,100.0,0.0
445,skew_only,37.91342638,-46434.21991,560.0,-2873.59324,-0.06732649806,100.0,0.0
445,as,34.59941913,-24361.4236,333.0,6616.35018,0.2028052255,100.0,0.0
446,fixed,63.38424075,-155685.6898,493.0,82053.97795,0.5630532834,100.0,0.0
446,spread_matched,50.87421719,-123578.8416,304.0,-58410.57451,-0.6385725588,100.0,0.0
446,skew_only,56.67368335,-145419.7802,521.0,73413.83615,0.5473879602,100.0,0.0
446,as,46.93734077,-135006.9044,310.0,-15443.54777,-0.1412643301,100.0,0.0
447,fixed,36.98079453,-2535.508427,586.0,2147.336753,1.075036889,100.0,0.0
447,spread_matched,29.63256167,-1391.924819,390.0,-376.8127672,-0.1908509395,90.0,0.0
447,skew_only,33.90393427,-2376.835881,587.0,2410.172827,1.214914479,90.0,0.0
447,as,30.02281424,-2650.797184,391.0,-1439.240084,-0.7011561992,90.0,0.0
448,fixed,31.51957081,-3547.622178,519.0,-3096.243924,-1.992119209,100.0,0.0
448,spread_matched,30.04215024,-3740.140655,315.0,-3307.480565,-2.012041777,100.0,0.0
448,skew_only,35.08366452,-2877.075953,545.0,-2331.927904,-1.816551429,100.0,0.0
448,as,32.12688818,-3074.753339,339.0,-2481.351121,-1.842019833,100.0,0.0
449,fixed,55.0573522,-7532.546507,557.0,16509.99509,2.054532815,100.0,0.0
449,spread_matched,45.81794845,-5629.110104,343.0,6555.745809,0.9590451077,100.0,0.0
449,skew_only,50.67290811,-7532.582141,563.0,17290.41819,2.222727071,100.0,0.0
449,as,42.52699091,-3726.147687,349.0,7526.794229,1.279963986,100.0,0.0
450,fixed,59.11842457,-20016.4543,521.0,-7109.742987,-0.7220276794,100.0,0.0
450,spread_matched,53.81100407,-11062.84324,321.0,-9674.484112,-1.57220606,100.0,0.0
450,skew_only,49.77428411,-14406.45937,529.0,-7059.810785,-0.8844754109,100.0,0.0
450,as,44.81489457,-10627.38024,327.0,-8925.780339,-1.975052784,100.0,0.0
451,fixed,44.48017878,-9415.805076,569.0,4526.724642,0.5997580353,100.0,0.0
451,spread_matched,39.40779587,-5070.112404,323.0,11748.95713,1.671177969,100.0,0.0
451,skew_only,37.39471615,-7149.707933,586.0,5491.791374,0.8178008714,100.0,0.0
451,as,34.45382381,-5135.694675,343.0,10902.15537,1.736034868,100.0,0.0
452,fixed,42.48882384,-5581.437154,542.0,5953.854129,0.6654188653,100.0,0.0
452,spread_matched,40.10336325,-5953.840797,316.0,3201.491166,0.3100875395,100.0,0.0
452,skew_only,41.82542939,-5072.760422,564.0,7717.063916,1.012725242,100.0,0.0
452,as,44.00924448,-5496.584239,331.0,6099.888721,0.7035770732,100.0,0.0
453,fixed,52.43505964,-6308.857972,527.0,-3492.982451,-1.311867279,100.0,0.0
453,spread_matched,44.56986236,-3632.889445,322.0,-936.6222439,-0.4947245652,100.0,0.0
453,skew_only,41.2991161,-3865.883764,544.0,-1620.310199,-0.874017012,100.0,0.0
453,as,44.77799405,-1966.175771,319.0,-1.983342787,-0.001265894421,100.0,0.0
454,fixed,70.08856201,-7999.041532,536.0,10900.20043,1.207944444,100.0,0.0
454,spread_matched,60.08009238,-7641.128352,337.0,3523.248498,0.4096382912,100.0,0.0
454,skew_only,53.19392657,-7999.124848,564.0,9407.607205,1.095374503,100.0,0.0
454,as,54.35336927,-7641.210068,343.0,1949.797875,0.2396588345,100.0,0.0
455,fixed,47.16958473,-3066.320113,594.0,1928.46171,0.5600539375,100.0,0.0
455,spread_matched,28.16307822,-1716.654248,373.0,-541.6028812,-0.3242834275,70.0,0.0
455,skew_only,44.70200567,-1689.145683,600.0,1413.338369,0.4884897366,100.0,0.0
455,as,28.95547617,-2096.16907,374.0,-1215.405587,-0.7100232347,80.0,0.0
456,fixed,65.7305501,-21749.0099,520.0,-11076.27941,-1.065348642,100.0,0.0
456,spread_matched,45.16949456,-9515.218086,324.0,-2679.152536,-0.4324067619,100.0,0.0
456,skew_only,58.34520881,-11412.22246,546.0,-1694.459621,-0.2206536357,100.0,0.0
456,as,45.20671472,-8442.452808,328.0,-28.03723379,-0.004938475826,100.0,0.0
457,fixed,40.70348958,-8929.385019,523.0,54.01046796,0.0058046504,100.0,0.0
457,spread_matched,41.71395899,-12677.05498,331.0,-7673.414349,-0.8455494042,100.0,0.0
457,skew_only,39.08886582,-7875.877234,537.0,-3651.558484,-0.5193227736,100.0,0.0
457,as,42.56765146,-11544.76936,328.0,-5434.242014,-0.631247892,100.0,0.0
458,fixed,51.29842099,-18884.34862,564.0,18877.03309,0.8751228432,100.0,0.0
458,spread_matched,39.23069288,-18280.07191,345.0,5964.267003,0.3279100457,100.0,0.0
458,skew_only,42.5717603,-16396.63039,586.0,9234.562766,0.5572750268,100.0,0.0
458,as,40.93271101,-14307.62054,354.0,2784.68476,0.1679233575,100.0,0.0
459,fixed,58.84368785,-30534.69131,547.0,1696.020978,0.05907993813,100.0,0.0
459,spread_matched,53.96280612,-28762.33139,359.0,3707.482829,0.1098948803,100.0,0.0
459,skew_only,56.30407196,-20905.4194,559.0,16751.70654,0.6788639301,100.0,0.0
459,as,51.5255934,-28254.8834,362.0,-662.0321461,-0.02261617325,100.0,0.0
460,fixed,45.84238667,-4963.318723,625.0,29551.27904,2.842699176,100.0,0.0
460,spread_matched,26.99829208,-11589.38477,380.0,19663.1765,1.230573474,100.0,0.0
460,skew_only,45.05447299,-5855.572549,625.0,24957.72608,2.387722875,100.0,0.0
460,as,30.37054599,-5111.873992,402.0,18514.54723,1.802429884,100.0,0.0
461,fixed,54.30104484,-2263.918464,552.0,-138.6570067,-0.06737598662,100.0,0.0
461,spread_matched,47.14865814,-2309.575098,343.0,74.71517425,0.03630579422,100.0,0.0
461,skew_only,52.30760701,-1978.851567,580.0,-39.49127159,-0.02219580075,100.0,0.0
461,as,48.95753988,-2116.066652,344.0,6.894762054,0.003836047131,100.0,0.0
462,fixed,45.02779368,-3620.237158,567.0,-1658.290061,-0.5591725753,100.0,0.0
462,spread_matched,37.96798393,-2563.506882,315.0,2723.216001,0.7304931546,100.0,0.0
462,skew_only,42.26492049,-3291.215854,568.0,-1417.874835,-0.5026298128,100.0,0.0
462,as,40.23951844,-2396.121516,325.0,603.9945325,0.2359090409,100.0,0.0
463,fixed,40.63585368,-2062.95826,562.0,2229.192431,0.9518356211,100.0,0.0
463,spread_matched,28.54745495,-6290.04464,345.0,-5334.413375,-1.403061931,100.0,0.0
463,skew_only,34.16005525,-1509.398619,565.0,326.7365026,0.1989881103,100.0,0.0
463,as,28.16836479,-4069.152086,354.0,-1538.309442,-0.7860024987,70.0,0.0
464,fixed,63.36970821,-15111.10087,523.0,-6822.339046,-0.5660630484,100.0,0.0
464,spread_matched,62.31780156,-15287.31918,332.0,-10378.90745,-1.340105584,100.0,0.0
464,skew_only,54.72068826,-11814.11761,541.0,-4092.939623,-0.4239375865,100.0,0.0
464,as,57.43419187,-13382.11116,356.0,-8418.547216,-1.162258081,100.0,0.0
465,fixed,50.76530406,-22103.11172,581.0,28160.66086,1.32351515,100.0,0.0
465,spread_matched,58.41883524,-22666.59236,370.0,24265.88869,1.10691339,100.0,0.0
465,skew_only,46.21819378,-20489.36371,583.0,22983.25861,1.223340994,100.0,0.0
465,as,44.36815154,-19215.63715,376.0,20926.27419,1.189012982,100.0,0.0
466,fixed,61.70422818,-3085.550096,498.0,4996.752312,1.004279774,100.0,0.0
466,spread_matched,37.468373,-2648.061905,338.0,6585.723212,1.618584684,100.0,0.0
466,skew_only,53.31031386,-2458.540667,520.0,5728.931658,1.356325574,100.0,0.0
466,as,40.62098964,-1694.259554,335.0,7056.33547,2.080747614,100.0,0.0
467,fixed,53.13351108,-5170.841234,543.0,935.007995,0.1376684105,100.0,0.0
467,spread_matched,37.10343616,-3399.383423,364.0,1797.567055,0.3496706058,100.0,0.0
467,skew_only,45.82935058,-4247.716113,563.0,51.61405696,0.008982982369,100.0,0.0
467,as,38.08154934,-3246.662246,366.0,-76.86206143,-0.01933233429,100.0,0.0
468,fixed,31.50008811,-8531.341848,544.0,722.663921,0.1105136459,100.0,0.0
468,spread_matched,50.0351227,-5532.51497,336.0,6391.983873,0.9299204237,100.0,0.0
468,skew_only,38.92117491,-6798.298683,567.0,935.2387032,0.1840384621,100.0,0.0
468,as,46.19502553,-5723.002088,346.0,3444.026948,0.5642846984,100.0,0.0
469,fixed,47.47601432,-2793.827943,578.0,5116.577562,1.553390934,100.0,0.0
469,spread_matched,40.87951212,-1424.733017,357.0,912.1433149,0.6891119337,100.0,0.0
469,skew_only,45.36550015,-2793.962505,580.0,3141.937365,1.302179484,100.0,0.0
469,as,37.59808804,-1712.24089,362.0,554.2681155,0.4192055654,100.0,0.0
470,fixed,51.06092791,-12769.45864,520.0,3247.518379,0.2338547151,100.0,0.0
470,spread_matched,42.06338793,-15136.10847,317.0,674.863026,0.0587196635,100.0,0.0
470,skew_only,46.48725536,-11078.62341,536.0,1077.736031,0.08909571025,100.0,0.0
470,as,37.60034207,-12594.44068,325.0,-2265.018167,-0.2387417658,100.0,0.0
471,fixed,59.16093708,-5042.560442,566.0,-496.9441413,-0.0911088899,100.0,0.0
471,spread_matched,61.60145164,-5085.800574,357.0,324.2287703,0.07736959159,100.0,0.0
471,skew_only,48.65599733,-4493.156593,574.0,-512.5741783,-0.1246040819,100.0,0.0
471,as,57.9884516,-4199.226316,363.0,281.915352,0.0786176659,100.0,0.0
472,fixed,41.31800952,-14353.09959,523.0,-9945.191263,-0.9233348467,100.0,0.0
472,spread_matched,41.38312186,-13512.07902,327.0,-7057.134749,-0.693867413,100.0,0.0
472,skew_only,47.51128286,-9508.778925,539.0,-1903.298674,-0.2202615245,100.0,0.0
472,as,40.43157527,-10632.42535,343.0,-3615.939241,-0.4346593957,100.0,0.0
473,fixed,36.77202197,-10951.93948,508.0,-9027.410761,-1.117853312,100.0,0.0
473,spread_matched,40.68376929,-11583.39744,348.0,-10453.63027,-1.474606441,100.0,0.0
473,skew_only,39.2555866,-7789.121982,532.0,-6456.22036,-0.9481494834,100.0,0.0
473,as,37.34849951,-9302.380069,354.0,-8162.696783,-1.271946728,100.0,0.0
474,fixed,75.60034491,-6915.424609,546.0,-3336.407631,-0.8129815467,100.0,0.0
474,spread_matched,69.56395377,-4636.155951,365.0,-1064.90644,-0.2799138006,100.0,0.0
474,skew_only,68.63569774,-5876.281529,564.0,-2649.464414,-0.6882087467,100.0,0.0
474,as,60.67062531,-4261.845686,371.0,-1020.678268,-0.2820729495,100.0,0.0
475,fixed,48.5140794,-7525.75682,573.0,1756.881034,0.3360413947,100.0,0.0
475,spread_matched,52.84302375,-5963.599188,374.0,-1704.840897,-0.3949483497,100.0,0.0
475,skew_only,42.61745764,-7099.271194,577.0,-494.1201449,-0.1002899977,100.0,0.0
475,as,47.15456473,-7186.365746,382.0,-1236.654615,-0.2774954201,100.0,0.0
476,fixed,58.403717,-6350.115163,509.0,-5174.343276,-1.248966534,100.0,0.0
476,spread_matched,46.27508008,-7419.402186,329.0,-5340.66489,-1.32270873,100.0,0.0
476,skew_only,56.20893501,-3764.961642,517.0,-2608.423337,-0.6917724331,100.0,0.0
476,as,42.28133579,-6120.927661,338.0,-4176.381828,-1.135670226,100.0,0.0
477,fixed,50.79161339,-152150.2435,540.0,30939.11027,0.2083371173,100.0,0.0
477,spread_matched,50.19256629,-164402.3253,345.0,-77601.47248,-0.5776575041,100.0,0.0
477,skew_only,48.24702917,-152150.2331,556.0,40141.06497,0.2722194958,100.0,0.0
477,as,46.74762701,-177268.6354,349.0,-105149.2845,-0.8050067291,100.0,0.0
478,fixed,54.61922735,-13062.18403,561.0,31292.21198,1.506039028,100.0,0.0
478,spread_matched,50.08688351,-19030.4191,327.0,25418.70768,1.030617153,100.0,0.0
478,skew_only,47.93780633,-10074.09952,567.0,34673.22427,2.157339052,100.0,0.0
478,as,42.16141739,-15277.88576,345.0,24345.77526,1.236605078,100.0,0.0
479,fixed,55.36844877,-8891.965685,552.0,-1174.81933,-0.1483991132,100.0,0.0
479,spread_matched,35.25663166,-6949.887309,345.0,2195.062742,0.3049957768,100.0,0.0
479,skew_only,52.64132658,-7607.027025,566.0,-1896.46682,-0.2852296443,100.0,0.0
479,as,44.31367463,-5534.741445,351.0,-1065.162537,-0.1726195736,100.0,0.0
480,fixed,44.54387877,-3973.271075,579.0,-3351.456679,-1.385998512,100.0,0.0
480,spread_matched,35.14162427,-3831.368431,362.0,-720.0284003,-0.2843405126,100.0,0.0
480,skew_only,39.96786058,-2903.427831,596.0,-2223.706575,-1.222762763,100.0,0.0
480,as,33.10617918,-3406.323588,376.0,-563.9578511,-0.2322841637,100.0,0.0
481,fixed,56.15714181,-16007.74743,551.0,-5292.325207,-0.501568381,100.0,0.0
481,spread_matched,59.53209219,-23846.87959,358.0,-1825.224983,-0.1271280371,100.0,0.0
481,skew_only,45.44956518,-12041.28119,565.0,-728.6594675,-0.07462224673,100.0,0.0
481,as,50.35267396,-16375.85916,364.0,-1890.539599,-0.1923839154,100.0,0.0
482,fixed,46.84805499,-7046.747346,552.0,-1515.130422,-0.2117786209,100.0,0.0
482,spread_matched,52.89125704,-8173.367116,346.0,-3447.890498,-0.5156039947,100.0,0.0
482,skew_only,45.67033513,-6758.914925,560.0,-2468.23403,-0.3617905523,100.0,0.0
482,as,49.45316037,-7112.929593,350.0,-3499.461165,-0.6063488119,100.0,0.0
483,fixed,57.72065931,-34010.37484,580.0,-14778.75643,-1.072105135,100.0,0.0
483,spread_matched,47.47238902,-21701.5706,368.0,-8032.00366,-0.8734656477,100.0,0.0
483,skew_only,47.88015914,-27308.09404,590.0,-5336.846939,-0.4383545017,100.0,0.0
483,as,48.99558494,-24531.73915,372.0,-8432.072672,-0.8164718832,100.0,0.0
484,fixed,56.09751901,-23186.55371,520.0,930.5881223,0.03770273076,100.0,0.0
484,spread_matched,31.09133434,-11342.06944,329.0,3037.702482,0.2801582056,100.0,0.0
484,skew_only,51.27969856,-15457.51897,526.0,10997.43088,0.55415898,100.0,0.0
484,as,30.96939386,-8975.612872,333.0,-4011.617982,-0.5776420734,100.0,0.0
485,fixed,59.26108251,-9410.22127,590.0,14140.16409,1.265178021,100.0,0.0
485,spread_matched,40.60888512,-14372.38436,366.0,12731.65826,1.014641127,100.0,0.0
485,skew_only,51.46785435,-5668.498007,598.0,16165.77593,1.968598932,100.0,0.0
485,as,40.61446398,-7148.352965,381.0,11473.4059,1.497724684,100.0,0.0
486,fixed,31.12589173,-11353.27354,560.0,5515.49441,0.2954537604,100.0,0.0
486,spread_matched,23.2928983,-13724.61507,335.0,3686.176735,0.195725717,100.0,0.0
486,skew_only,29.90773343,-10053.5662,580.0,9299.184063,0.6319699868,100.0,0.0
486,as,30.74202972,-13640.64234,347.0,-823.4925063,-0.05217955199,100.0,0.0
487,fixed,57.86619593,-5000.609222,576.0,-9.893507089,-0.001694631888,100.0,0.0
487,spread_matched,53.62012216,-6330.803596,364.0,-1562.661643,-0.2636619615,100.0,0.0
487,skew_only,48.35972819,-5864.710421,578.0,-1613.021661,-0.3349000735,100.0,0.0
487,as,45.43696662,-5903.625602,370.0,-183.9835569,-0.03358773889,100.0,0.0
488,fixed,65.3586031,-1489.709373,535.0,9087.611417,2.721849093,100.0,0.0
488,spread_matched,62.55421648,-1151.906244,354.0,7311.864926,2.832883773,100.0,0.0
488,skew_only,60.37794961,-1427.413486,555.0,8184.716416,2.631848016,100.0,0.0
488,as,57.6629907,-1151.91025,354.0,6563.366427,2.850761728,100.0,0.0
489,fixed,64.79899961,-1614.180975,526.0,4668.335785,1.425070675,100.0,0.0
489,spread_matched,47.74935852,-2064.961858,317.0,5711.033961,1.508087402,100.0,0.0
489,skew_only,58.97901172,-1279.505201,554.0,3034.981495,1.287685926,100.0,0.0
489,as,43.27164465,-1883.016537,331.0,4984.736421,1.554996563,100.0,0.0
490,fixed,40.97314944,-12071.80088,561.0,4967.439134,0.4561765253,100.0,0.0
490,spread_matched,44.21565677,-9372.848638,361.0,6850.841599,0.7203193179,100.0,0.0
490,skew_only,44.59213912,-10319.77509,577.0,6282.854268,0.6966037532,100.0,0.0
490,as,42.41636434,-8911.97253,363.0,5857.013276,0.7136513261,100.0,0.0
491,fixed,62.74177237,-2588.22273,546.0,862.2957009,0.4961758965,100.0,0.0
491,spread_matched,45.52971355,-1978.582339,375.0,128.820543,0.09291163966,100.0,0.0
491,skew_only,57.89694879,-2080.441591,558.0,351.818267,0.2384031987,100.0,0.0
491,as,39.55258328,-1487.494862,382.0,-436.2021827,-0.4374617006,90.0,0.0
492,fixed,59.4997052,-5722.342382,567.0,4305.333824,0.8004582936,100.0,0.0
492,spread_matched,50.20530028,-2281.380532,354.0,-446.1460731,-0.1787804643,100.0,0.0
492,skew_only,54.52720627,-3340.526046,573.0,2866.87158,0.7677728926,100.0,0.0
492,as,45.38108677,-2281.399299,348.0,532.0592033,0.2163604352,100.0,0.0
493,fixed,56.90220913,-16115.3524,523.0,19351.07559,0.7805217244,100.0,0.0
493,spread_matched,39.62810674,-14051.2406,332.0,6712.039395,0.4117857676,100.0,0.0
493,skew_only,54.75037891,-11658.17165,529.0,21426.30709,1.102672026,100.0,0.0
493,as,42.42763208,-11225.74108,334.0,5426.313429,0.3696981308,100.0,0.0
494,fixed,64.82098758,-20688.25442,542.0,22603.25592,0.8799980332,100.0,0.0
494,spread_matched,59.5255317,-13210.45295,351.0,44514.46605,1.78722577,100.0,0.0
494,skew_only,54.82209058,-17806.17172,562.0,25654.68613,1.128623252,100.0,0.0
494,as,46.51140037,-12258.222,353.0,34367.5494,1.742234156,100.0,0.0
495,fixed,57.19575536,-19327.09956,562.0,-2036.066536,-0.1164460856,100.0,0.0
495,spread_matched,52.83813608,-19692.28368,330.0,-11442.9068,-0.749487999,100.0,0.0
495,skew_only,56.0353317,-17842.14487,576.0,-6158.05435,-0.3973390285,100.0,0.0
495,as,47.3191474,-17439.56221,350.0,-4175.78254,-0.2880739131,100.0,0.0
496,fixed,48.83561713,-2682.775315,608.0,3476.069786,0.6380305168,100.0,0.0
496,spread_matched,31.87931687,-2109.375118,345.0,6807.287875,1.400380144,100.0,0.0
496,skew_only,46.61529294,-3081.976321,613.0,2435.246182,0.4874443513,100.0,0.0
496,as,36.56822528,-1908.987119,357.0,4418.277308,1.042908116,100.0,0.0
497,fixed,44.24310657,-26263.26571,517.0,98582.2234,2.605818413,100.0,0.0
497,spread_matched,60.30069631,-26961.9172,313.0,96883.4616,2.437400662,100.0,0.0
497,skew_only,53.32498055,-24219.38797,534.0,90035.10422,2.52452649,100.0,0.0
497,as,51.20432478,-26019.50666,321.0,94609.35419,2.424902912,100.0,0.0
498,fixed,41.1527631,-22823.13608,557.0,-8.083341468,-0.0005056119921,100.0,0.0
498,spread_matched,55.11064884,-9031.169287,350.0,19817.08931,1.163902371,100.0,0.0
498,skew_only,45.92526272,-10250.86259,571.0,3286.194688,0.292468323,100.0,0.0
498,as,52.99931015,-7539.58119,364.0,21196.35803,1.316352963,100.0,0.0
499,fixed,54.74721691,-17892.03406,531.0,1698.377893,0.1177264168,100.0,0.0
499,spread_matched,63.39294191,-18626.27986,326.0,-2640.748672,-0.1814523747,100.0,0.0
499,skew_only,48.8789427,-16778.53397,545.0,-5604.602025,-0.4719283121,100.0,0.0
499,as,59.29237083,-15895.25106,338.0,-6196.875988,-0.4981015479,100.0,0.0
